{"md5": "006f29b8efbc0f304748e8ad95c5210e", "permission_requested": ["android.permission.INTERNET", "android.permission.ACCESS_NETWORK_STATE", "com.google.android.finsky.permission.BIND_GET_INSTALL_REFERRER_SERVICE", "android.permission.WAKE_LOCK", "com.google.android.c2dm.permission.RECEIVE"], "trackers_inside": ["Google Ads", "Google DoubleClick", "Google Firebase Analytics", "Facebook Ads"], "execution_time_app_analyzer": 35.23050546646118, "api_to_monitoring_all": 382, "type_analysis": "Droidbot", "max_actions": 20, "timeout": 10, "privacy_policy_page_detected": false, "privacy_policy_page_md5": "N.A", "timeout_privacy_policy_page": false, "home_button_change_privacy_policy_page": false, "back_button_change_privacy_policy_page": false, "actions_needed_to_reach_privacy_policy": 19, "api_invoked_during_dynamic_analysis": 90548, "app_is_compliant_with_google_play_store": false, "app_analyzed": true, "num_tentative": 1, "different_api_invoked": 40, "privacy_policy_page_detected_google_play": true}