{"md5": "00a99638ffda2086380824eed79ff174", "permission_requested": ["android.permission.ACCESS_NETWORK_STATE", "com.amazon.device.messaging.permission.RECEIVE", "android.permission.WAKE_LOCK", "com.google.android.c2dm.permission.RECEIVE", "android.permission.READ_PHONE_STATE", "android.permission.READ_EXTERNAL_STORAGE", "android.permission.INTERNET", "android.permission.RECEIVE_BOOT_COMPLETED", "android.permission.VIBRATE", "android.permission.WRITE_EXTERNAL_STORAGE", "android.permission.ACCESS_WIFI_STATE", "bbc.mobile.sport.ww.permission.RECEIVE_ADM_MESSAGE"], "trackers_inside": ["Google Ads"], "execution_time_app_analyzer": 38.26970839500427, "api_to_monitoring_all": 152, "type_analysis": "Droidbot", "max_actions": 20, "timeout": 10, "privacy_policy_page_detected": false, "privacy_policy_page_md5": "N.A", "timeout_privacy_policy_page": false, "home_button_change_privacy_policy_page": false, "back_button_change_privacy_policy_page": false, "actions_needed_to_reach_privacy_policy": 19, "api_invoked_during_dynamic_analysis": 285, "app_is_compliant_with_google_play_store": false, "app_analyzed": true, "num_tentative": 2, "different_api_invoked": 4, "privacy_policy_page_detected_google_play": true}