{"md5": "01066831c70ef1348bf247fb1861ec7e", "permission_requested": ["cz.seznam.auth.LIST_SHARED_ACCOUNTS", "android.permission.WRITE_SYNC_SETTINGS", "android.permission.ACCESS_NETWORK_STATE", "android.permission.INTERNET", "android.permission.RECEIVE_BOOT_COMPLETED", "android.permission.MANAGE_ACCOUNTS", "android.permission.READ_SYNC_SETTINGS", "android.permission.VIBRATE", "android.permission.WRITE_EXTERNAL_STORAGE", "com.google.android.c2dm.permission.RECEIVE", "android.permission.READ_SYNC_STATS", "android.permission.ACCESS_WIFI_STATE", "android.permission.READ_CONTACTS", "android.permission.AUTHENTICATE_ACCOUNTS", "android.permission.GET_ACCOUNTS", "android.permission.USE_CREDENTIALS", "android.permission.FOREGROUND_SERVICE", "com.google.android.finsky.permission.BIND_GET_INSTALL_REFERRER_SERVICE", "com.google.android.apps.photos.permission.GOOGLE_PHOTOS", "android.permission.WAKE_LOCK"], "trackers_inside": ["Google Ads", "Google CrashLytics", "Google Firebase Analytics"], "execution_time_app_analyzer": 26.678163528442383, "api_to_monitoring_all": 203, "type_analysis": "Droidbot", "max_actions": 20, "timeout": 10, "privacy_policy_page_detected": false, "privacy_policy_page_md5": "N.A", "timeout_privacy_policy_page": false, "home_button_change_privacy_policy_page": false, "back_button_change_privacy_policy_page": false, "actions_needed_to_reach_privacy_policy": 19, "api_invoked_during_dynamic_analysis": 73, "app_is_compliant_with_google_play_store": false, "app_analyzed": true, "num_tentative": 1, "different_api_invoked": 10, "privacy_policy_page_detected_google_play": true}