{"md5": "011ce26fb0a74ddba84dc71e4340c666", "permission_requested": ["android.permission.ACCESS_NETWORK_STATE", "android.permission.INTERNET", "android.permission.CHANGE_WIFI_MULTICAST_STATE", "android.permission.ACCESS_FINE_LOCATION", "android.permission.VIBRATE", "android.permission.WRITE_EXTERNAL_STORAGE", "android.permission.ACCESS_WIFI_STATE", "com.android.alarm.permission.SET_ALARM", "android.permission.ACCESS_COARSE_LOCATION", "android.permission.REQUEST_INSTALL_PACKAGES", "android.permission.READ_EXTERNAL_STORAGE"], "trackers_inside": ["Integral Ad Science", "Unity3d Ads", "Moat", "Yandex Ad", "AppMetrica", "Facebook Ads", "Twitter MoPub", "Inmobi", "Google Ads", "AdColony", "Vungle", "Google DoubleClick", "Amazon Advertisement", "ironSource", "AppLovin", "Flurry", "Tapjoy"], "execution_time_app_analyzer": 73.87773299217224, "api_to_monitoring_all": 2599, "type_analysis": "Droidbot", "max_actions": 20, "timeout": 10, "privacy_policy_page_detected": false, "privacy_policy_page_md5": "N.A", "timeout_privacy_policy_page": false, "home_button_change_privacy_policy_page": false, "back_button_change_privacy_policy_page": false, "actions_needed_to_reach_privacy_policy": 19, "api_invoked_during_dynamic_analysis": 13945, "app_is_compliant_with_google_play_store": false, "app_analyzed": true, "num_tentative": 1, "different_api_invoked": 182, "privacy_policy_page_detected_google_play": true}