{"md5": "014330671c6e38cc8c18e463be3866ba", "permission_requested": ["android.permission.ANSWER_PHONE_CALLS", "android.permission.WRITE_CONTACTS", "android.permission.ACCESS_NETWORK_STATE", "android.permission.GET_TASKS", "com.android.vending.BILLING", "com.google.android.finsky.permission.BIND_GET_INSTALL_REFERRER_SERVICE", "com.google.android.c2dm.permission.RECEIVE", "android.permission.READ_PHONE_STATE", "android.permission.VIBRATE", "android.permission.SYSTEM_ALERT_WINDOW", "android.permission.WAKE_LOCK", "oppo.permission.OPPO_COMPONENT_SAFE", "android.permission.WRITE_EXTERNAL_STORAGE", "com.huawei.permission.external_app_settings.USE_COMPONENT", "android.permission.CAMERA", "android.permission.REQUEST_IGNORE_BATTERY_OPTIMIZATIONS", "android.permission.READ_CONTACTS", "android.permission.ACCESS_WIFI_STATE", "android.permission.PROCESS_OUTGOING_CALLS", "android.permission.MODIFY_AUDIO_SETTINGS", "android.permission.CALL_PHONE", "android.permission.INTERNET", "android.permission.READ_CALL_LOG", "android.permission.READ_EXTERNAL_STORAGE", "android.permission.STORAGE", "android.permission.FOREGROUND_SERVICE", "android.permission.GET_ACCOUNTS", "android.permission.RECEIVE_BOOT_COMPLETED", "android.permission.ACTION_MANAGE_OVERLAY_PERMISSION"], "trackers_inside": ["Twitter MoPub", "Facebook Ads", "Google CrashLytics", "Integral Ad Science", "Google Ads", "Moat", "Google Firebase Analytics", "Facebook Analytics"], "execution_time_app_analyzer": 46.61597967147827, "api_to_monitoring_all": 655, "type_analysis": "Droidbot", "max_actions": 20, "timeout": 10, "privacy_policy_page_detected": true, "privacy_policy_page_md5": "87f29464942d7127fbef088336727f19", "timeout_privacy_policy_page": false, "home_button_change_privacy_policy_page": true, "back_button_change_privacy_policy_page": false, "actions_needed_to_reach_privacy_policy": 1, "api_invoked_during_dynamic_analysis": 29175, "app_is_compliant_with_google_play_store": false, "app_analyzed": true, "num_tentative": 1, "privacy_policy_contain_explicit_acceptance": true, "different_api_invoked": 39, "privacy_policy_page_detected_google_play": true}