{"md5": "028b56dffee7606b69dea25c7d4b4410", "permission_requested": ["android.permission.WRITE_EXTERNAL_STORAGE", "android.permission.READ_EXTERNAL_STORAGE", "com.google.android.finsky.permission.BIND_GET_INSTALL_REFERRER_SERVICE", "android.permission.ACCESS_WIFI_STATE", "com.google.android.c2dm.permission.RECEIVE", "android.permission.ACCESS_NETWORK_STATE", "android.permission.WAKE_LOCK", "com.android.vending.BILLING", "android.permission.INTERNET"], "trackers_inside": ["Flurry", "Facebook Ads", "Google DoubleClick", "Google Firebase Analytics", "Google Ads", "Google CrashLytics"], "execution_time_app_analyzer": 42.19221258163452, "api_to_monitoring_all": 500, "type_analysis": "Droidbot", "max_actions": 20, "timeout": 10, "privacy_policy_page_detected": false, "privacy_policy_page_md5": "N.A", "timeout_privacy_policy_page": false, "home_button_change_privacy_policy_page": false, "back_button_change_privacy_policy_page": false, "actions_needed_to_reach_privacy_policy": 19, "api_invoked_during_dynamic_analysis": 90784, "app_is_compliant_with_google_play_store": false, "app_analyzed": true, "num_tentative": 2, "different_api_invoked": 43, "privacy_policy_page_detected_google_play": true}