{"md5": "03ac365f82a3b8ffff5e4a43eefb8ab1", "permission_requested": ["com.anddoes.launcher.permission.UPDATE_COUNT", "android.permission.GET_ACCOUNTS", "com.oppo.launcher.permission.READ_SETTINGS", "android.permission.NFC", "android.permission.WRITE_CONTACTS", "com.oppo.launcher.permission.WRITE_SETTINGS", "com.sonymobile.home.permission.PROVIDER_INSERT_BADGE", "android.permission.ACCESS_NETWORK_STATE", "android.permission.CAMERA", "android.permission.RECEIVE_MMS", "android.permission.SYSTEM_ALERT_WINDOW", "android.permission.VIBRATE", "android.permission.WRITE_SMS", "android.permission.INTERNET", "com.android.vending.BILLING", "android.permission.CHANGE_CONFIGURATION", "com.huawei.android.launcher.permission.CHANGE_BADGE", "android.permission.READ_EXTERNAL_STORAGE", "me.everything.badger.permission.BADGE_COUNT_WRITE", "me.everything.badger.permission.BADGE_COUNT_READ", "com.sec.android.provider.badge.permission.WRITE", "android.permission.READ_PROFILE", "android.permission.CHANGE_WIFI_STATE", "android.permission.CALL_PHONE", "com.sonyericsson.home.permission.BROADCAST_BADGE", "android.permission.READ_SMS", "android.permission.READ_CONTACTS", "com.htc.launcher.permission.UPDATE_SHORTCUT", "android.permission.WRITE_EXTERNAL_STORAGE", "android.permission.SEND_SMS", "android.permission.ACCESS_WIFI_STATE", "com.huawei.android.launcher.permission.WRITE_SETTINGS", "android.permission.RECEIVE_SMS", "android.permission.RECEIVE_BOOT_COMPLETED", "com.htc.launcher.permission.READ_SETTINGS", "android.permission.CHANGE_NETWORK_STATE", "com.majeur.launcher.permission.UPDATE_BADGE", "android.permission.READ_PHONE_STATE", "com.huawei.android.launcher.permission.READ_SETTINGS", "android.permission.READ_APP_BADGE", "android.permission.WAKE_LOCK", "com.sec.android.provider.badge.permission.READ"], "trackers_inside": ["ironSource", "Flurry", "Inmobi", "Facebook Ads", "Google DoubleClick", "Google Ads", "Google Analytics", "Google CrashLytics"], "execution_time_app_analyzer": 36.96735906600952, "api_to_monitoring_all": 1183, "type_analysis": "Droidbot", "max_actions": 20, "timeout": 10, "privacy_policy_page_detected": false, "privacy_policy_page_md5": "N.A", "timeout_privacy_policy_page": false, "home_button_change_privacy_policy_page": false, "back_button_change_privacy_policy_page": false, "actions_needed_to_reach_privacy_policy": 19, "api_invoked_during_dynamic_analysis": 115992, "app_is_compliant_with_google_play_store": false, "app_analyzed": true, "num_tentative": 1, "different_api_invoked": 43, "privacy_policy_page_detected_google_play": true}