{"md5": "040baaebc98addfe9eaaf4c1fa94c8dd", "permission_requested": ["android.permission.WAKE_LOCK", "android.permission.ACCESS_NETWORK_STATE", "android.permission.WRITE_SETTINGS", "android.permission.RECEIVE_BOOT_COMPLETED", "android.permission.ACCESS_FINE_LOCATION", "android.permission.DISABLE_KEYGUARD", "android.permission.MODIFY_AUDIO_SETTINGS", "android.permission.READ_PHONE_STATE", "com.google.android.c2dm.permission.RECEIVE", "android.permission.ACCESS_COARSE_LOCATION", "android.permission.INTERNET", "android.permission.WRITE_EXTERNAL_STORAGE", "android.permission.ACCESS_NOTIFICATION_POLICY"], "trackers_inside": ["Facebook Ads", "Google Firebase Analytics", "Google Ads"], "execution_time_app_analyzer": 26.033881664276123, "api_to_monitoring_all": 354, "type_analysis": "Droidbot", "max_actions": 20, "timeout": 10, "privacy_policy_page_detected": false, "privacy_policy_page_md5": "N.A", "timeout_privacy_policy_page": false, "home_button_change_privacy_policy_page": false, "back_button_change_privacy_policy_page": false, "actions_needed_to_reach_privacy_policy": 19, "api_invoked_during_dynamic_analysis": 71017, "app_is_compliant_with_google_play_store": false, "app_analyzed": true, "num_tentative": 1, "different_api_invoked": 25, "privacy_policy_page_detected_google_play": true}