{"md5": "0446927417a2e9e45093ba8e4cd988fb", "permission_requested": ["android.permission.READ_EXTERNAL_STORAGE", "android.permission.USE_CREDENTIALS", "android.permission.ACCESS_COARSE_LOCATION", "android.permission.INTERNET", "com.mu.muclubapp.permission.C2D_MESSAGE", "com.google.android.finsky.permission.BIND_GET_INSTALL_REFERRER_SERVICE", "android.permission.ACCESS_WIFI_STATE", "android.permission.READ_PHONE_STATE", "com.android.vending.BILLING", "android.permission.ACCESS_FINE_LOCATION", "com.google.android.c2dm.permission.RECEIVE", "android.permission.VIBRATE", "android.permission.WAKE_LOCK", "android.permission.FOREGROUND_SERVICE", "android.permission.ACCESS_NETWORK_STATE", "android.permission.RECEIVE_BOOT_COMPLETED", "android.permission.WRITE_EXTERNAL_STORAGE", "android.permission.SYSTEM_ALERT_WINDOW"], "trackers_inside": ["Google Firebase Analytics", "Google Ads", "Google DoubleClick", "Facebook Analytics", "Adjust"], "execution_time_app_analyzer": 106.59710788726807, "api_to_monitoring_all": 383, "type_analysis": "Droidbot", "max_actions": 20, "timeout": 10, "privacy_policy_page_detected": false, "privacy_policy_page_md5": "N.A", "timeout_privacy_policy_page": false, "home_button_change_privacy_policy_page": false, "back_button_change_privacy_policy_page": false, "actions_needed_to_reach_privacy_policy": 19, "api_invoked_during_dynamic_analysis": 0, "app_is_compliant_with_google_play_store": false, "app_analyzed": true, "num_tentative": 2, "privacy_policy_page_detected_google_play": true}