{"md5": "047165d4963727e59be96be5ed952baa", "permission_requested": ["android.permission.ACCESS_NETWORK_STATE", "android.permission.VIBRATE", "com.android.vending.BILLING", "android.permission.INTERNET"], "trackers_inside": ["GameAnalytics", "Unity3d Ads", "Google Ads", "Google DoubleClick", "Facebook Analytics"], "execution_time_app_analyzer": 15.62657642364502, "api_to_monitoring_all": 580, "type_analysis": "Droidbot", "max_actions": 20, "timeout": 10, "privacy_policy_page_detected": false, "privacy_policy_page_md5": "N.A", "timeout_privacy_policy_page": false, "home_button_change_privacy_policy_page": false, "back_button_change_privacy_policy_page": false, "actions_needed_to_reach_privacy_policy": 19, "api_invoked_during_dynamic_analysis": 57, "app_is_compliant_with_google_play_store": false, "app_analyzed": true, "num_tentative": 2, "different_api_invoked": 2, "privacy_policy_page_detected_google_play": true}