{"md5": "04eabf6ee59f00c50d3f4638b4381135", "permission_requested": ["android.permission.ACCESS_NETWORK_STATE", "android.permission.WRITE_EXTERNAL_STORAGE", "android.permission.INTERNET"], "trackers_inside": ["Google Ads", "Google DoubleClick", "Google Analytics", "Google Firebase Analytics"], "execution_time_app_analyzer": 29.154911279678345, "api_to_monitoring_all": 213, "type_analysis": "Droidbot", "max_actions": 20, "timeout": 10, "privacy_policy_page_detected": false, "privacy_policy_page_md5": "N.A", "timeout_privacy_policy_page": false, "home_button_change_privacy_policy_page": false, "back_button_change_privacy_policy_page": false, "actions_needed_to_reach_privacy_policy": 19, "api_invoked_during_dynamic_analysis": 9941, "app_is_compliant_with_google_play_store": false, "app_analyzed": true, "num_tentative": 1, "different_api_invoked": 10, "privacy_policy_page_detected_google_play": false}