{"md5": "0545e30375cbeee5636289b3d406d615", "permission_requested": ["android.permission.READ_EXTERNAL_STORAGE", "android.permission.WAKE_LOCK", "com.google.android.apps.dashclock.permission.BIND_DATA_CONSUMER", "android.permission.ACCESS_COARSE_LOCATION", "com.google.android.gms.permission.ACTIVITY_RECOGNITION", "com.android.vending.BILLING", "android.permission.READ_CALENDAR", "android.permission.ACCESS_FINE_LOCATION", "android.permission.VIBRATE", "oppo.permission.OPPO_COMPONENT_SAFE", "android.permission.GET_ACCOUNTS", "android.permission.ACTIVITY_RECOGNITION", "android.permission.ACCESS_BACKGROUND_LOCATION", "android.permission.INTERNET", "com.google.android.gm.permission.READ_CONTENT_PROVIDER", "com.huawei.permission.external_app_settings.USE_COMPONENT", "android.permission.DISABLE_KEYGUARD", "android.permission.USE_CREDENTIALS", "com.google.android.finsky.permission.BIND_GET_INSTALL_REFERRER_SERVICE", "android.permission.ACCESS_NETWORK_STATE", "com.google.android.c2dm.permission.RECEIVE", "android.permission.RECEIVE_BOOT_COMPLETED", "com.google.android.permission.PROVIDE_BACKGROUND", "android.permission.WRITE_EXTERNAL_STORAGE"], "trackers_inside": ["Google Firebase Analytics", "Google Ads"], "execution_time_app_analyzer": 35.54745578765869, "api_to_monitoring_all": 176, "type_analysis": "Droidbot", "max_actions": 20, "timeout": 10, "privacy_policy_page_detected": false, "privacy_policy_page_md5": "N.A", "timeout_privacy_policy_page": false, "home_button_change_privacy_policy_page": false, "back_button_change_privacy_policy_page": false, "actions_needed_to_reach_privacy_policy": 16, "api_invoked_during_dynamic_analysis": 3, "app_is_compliant_with_google_play_store": false, "app_analyzed": true, "num_tentative": 2, "different_api_invoked": 2, "privacy_policy_page_detected_google_play": true}