{"md5": "06417c16ce273ca65f10e582d81e6b0a", "permission_requested": ["android.permission.RECEIVE_BOOT_COMPLETED", "android.permission.WRITE_EXTERNAL_STORAGE", "android.permission.READ_EXTERNAL_STORAGE", "android.permission.READ_PHONE_STATE", "android.permission.DISABLE_KEYGUARD", "android.permission.WAKE_LOCK", "android.permission.ACCESS_NETWORK_STATE", "android.permission.SYSTEM_ALERT_WINDOW", "android.permission.VIBRATE", "android.permission.INTERNET"], "trackers_inside": ["Google Ads", "Google DoubleClick"], "execution_time_app_analyzer": 20.494420528411865, "api_to_monitoring_all": 174, "type_analysis": "Droidbot", "max_actions": 20, "timeout": 10, "privacy_policy_page_detected": false, "privacy_policy_page_md5": "N.A", "timeout_privacy_policy_page": false, "home_button_change_privacy_policy_page": false, "back_button_change_privacy_policy_page": false, "actions_needed_to_reach_privacy_policy": 19, "api_invoked_during_dynamic_analysis": 43145, "app_is_compliant_with_google_play_store": false, "app_analyzed": true, "num_tentative": 2, "different_api_invoked": 10, "privacy_policy_page_detected_google_play": true}