{"md5": "0647aa3ca70ad7ec11cbe1d1daee113a", "permission_requested": ["android.permission.ACCESS_NETWORK_STATE", "com.android.vending.BILLING", "android.permission.INTERNET", "android.permission.WRITE_EXTERNAL_STORAGE", "android.permission.READ_EXTERNAL_STORAGE", "android.permission.BILLING", "android.permission.STORAGE"], "trackers_inside": ["Google Analytics", "Google Firebase Analytics", "Unity3d Ads", "Google Ads"], "execution_time_app_analyzer": 13.78588080406189, "api_to_monitoring_all": 387, "type_analysis": "Droidbot", "max_actions": 20, "timeout": 10, "privacy_policy_page_detected": false, "privacy_policy_page_md5": "N.A", "timeout_privacy_policy_page": false, "home_button_change_privacy_policy_page": false, "back_button_change_privacy_policy_page": false, "actions_needed_to_reach_privacy_policy": 19, "api_invoked_during_dynamic_analysis": 70, "app_is_compliant_with_google_play_store": false, "app_analyzed": true, "num_tentative": 1, "different_api_invoked": 8, "privacy_policy_page_detected_google_play": true}