{"md5": "075b456fa2818ae6803f0c14345cdb63", "permission_requested": ["android.permission.INTERNET", "com.google.android.providers.gsf.permission.READ_GSERVICES", "android.permission.READ_PHONE_STATE", "android.permission.VIBRATE", "android.permission.ACCESS_NOTIFICATION_POLICY", "android.permission.ACCESS_WIFI_STATE", "android.permission.ACCESS_FINE_LOCATION", "com.google.android.finsky.permission.BIND_GET_INSTALL_REFERRER_SERVICE", "com.pedidosya.permission.MAPS_RECEIVE", "com.pedidosya.permission.A4S_SEND", "android.permission.READ_EXTERNAL_STORAGE", "com.google.android.c2dm.permission.RECEIVE", "android.permission.WAKE_LOCK", "android.permission.CAMERA", "android.permission.WRITE_EXTERNAL_STORAGE", "android.permission.ACCESS_COARSE_LOCATION", "android.permission.ACCESS_NETWORK_STATE"], "trackers_inside": ["Facebook Analytics", "Google Ads", "Adjust", "Google Analytics", "Google Firebase Analytics", "Google CrashLytics"], "execution_time_app_analyzer": 153.22783994674683, "api_to_monitoring_all": 369, "type_analysis": "Droidbot", "max_actions": 20, "timeout": 10, "privacy_policy_page_detected": false, "privacy_policy_page_md5": "N.A", "timeout_privacy_policy_page": false, "home_button_change_privacy_policy_page": false, "back_button_change_privacy_policy_page": false, "actions_needed_to_reach_privacy_policy": 19, "api_invoked_during_dynamic_analysis": 0, "app_is_compliant_with_google_play_store": false, "app_analyzed": true, "num_tentative": 1, "privacy_policy_page_detected_google_play": true}