{"md5": "0784d0fa63bd83468b5ca649aba8cc77", "permission_requested": ["android.permission.SYSTEM_ALERT_WINDOW", "android.permission.RECEIVE_BOOT_COMPLETED", "android.permission.INTERNET", "android.permission.USE_FINGERPRINT", "com.google.android.c2dm.permission.RECEIVE", "android.permission.ACCESS_WIFI_STATE", "android.permission.VIBRATE", "android.permission.READ_PHONE_STATE", "android.permission.ACCESS_NETWORK_STATE", "android.permission.WRITE_EXTERNAL_STORAGE", "com.android.vending.BILLING", "com.google.android.finsky.permission.BIND_GET_INSTALL_REFERRER_SERVICE", "android.permission.READ_EXTERNAL_STORAGE", "android.permission.REQUEST_INSTALL_PACKAGES", "com.samsung.android.providers.context.permission.WRITE_USE_APP_FEATURE_SURVEY", "android.permission.WAKE_LOCK", "android.permission.GET_ACCOUNTS"], "trackers_inside": ["Google CrashLytics", "Twitter MoPub", "Google Analytics", "Google Ads", "AppLovin", "Google Firebase Analytics"], "execution_time_app_analyzer": 45.64074897766113, "api_to_monitoring_all": 809, "type_analysis": "Droidbot", "max_actions": 20, "timeout": 10, "privacy_policy_page_detected": false, "privacy_policy_page_md5": "N.A", "timeout_privacy_policy_page": false, "home_button_change_privacy_policy_page": false, "back_button_change_privacy_policy_page": false, "actions_needed_to_reach_privacy_policy": 19, "api_invoked_during_dynamic_analysis": 90592, "app_is_compliant_with_google_play_store": false, "app_analyzed": true, "num_tentative": 1, "different_api_invoked": 34, "privacy_policy_page_detected_google_play": true}