{"md5": "078504f45038a5d1e2fb4236409849a3", "permission_requested": ["android.permission.ACCESS_NETWORK_STATE", "android.permission.WAKE_LOCK", "android.permission.INTERNET"], "trackers_inside": ["Google Ads"], "execution_time_app_analyzer": 19.544737100601196, "api_to_monitoring_all": 117, "type_analysis": "Droidbot", "max_actions": 20, "timeout": 10, "privacy_policy_page_detected": true, "privacy_policy_page_md5": "503192454c6433d9b8f3cf5f1f8c1db2", "timeout_privacy_policy_page": false, "home_button_change_privacy_policy_page": false, "back_button_change_privacy_policy_page": false, "actions_needed_to_reach_privacy_policy": 4, "api_invoked_during_dynamic_analysis": 69, "app_is_compliant_with_google_play_store": false, "app_analyzed": true, "num_tentative": 1, "different_api_invoked": 5, "privacy_policy_contain_explicit_acceptance": true, "privacy_policy_page_detected_google_play": true}