{"md5": "07c56607c4abb18a7978dc85ecc1ae0e", "permission_requested": ["com.android.vending.CHECK_LICENSE", "android.permission.ACCESS_NETWORK_STATE", "android.permission.RECORD_AUDIO", "com.google.android.c2dm.permission.RECEIVE", "android.permission.READ_PHONE_STATE", "android.permission.WAKE_LOCK", "android.permission.READ_EXTERNAL_STORAGE", "android.permission.INTERNET", "android.permission.GET_ACCOUNTS", "com.android.vending.BILLING", "android.permission.RECEIVE_BOOT_COMPLETED", "android.permission.VIBRATE", "android.permission.WRITE_EXTERNAL_STORAGE", "net.kernys.aooni.permission.C2D_MESSAGE", "android.permission.ACCESS_WIFI_STATE", "android.permission.GET_TASKS"], "trackers_inside": ["Inmobi", "Tapjoy", "Google Ads", "Google Analytics", "Google DoubleClick", "Google Firebase Analytics", "Facebook Ads", "Facebook Analytics", "Unity3d Ads", "Flurry"], "execution_time_app_analyzer": 46.90473914146423, "api_to_monitoring_all": 951, "type_analysis": "Droidbot", "max_actions": 20, "timeout": 10, "privacy_policy_page_detected": false, "privacy_policy_page_md5": "N.A", "timeout_privacy_policy_page": false, "home_button_change_privacy_policy_page": false, "back_button_change_privacy_policy_page": false, "actions_needed_to_reach_privacy_policy": 19, "api_invoked_during_dynamic_analysis": 0, "app_is_compliant_with_google_play_store": false, "app_analyzed": true, "num_tentative": 1, "privacy_policy_page_detected_google_play": true}