{"md5": "07e20ff23dd32ffc8b69ad2e4e5c45c7", "permission_requested": ["android.permission.READ_EXTERNAL_STORAGE", "android.permission.BATTERY_STATS", "android.permission.INTERNET", "com.google.android.finsky.permission.BIND_GET_INSTALL_REFERRER_SERVICE", "android.permission.CHANGE_WIFI_STATE", "android.permission.CAMERA", "android.permission.ACCESS_WIFI_STATE", "android.permission.CHANGE_NETWORK_STATE", "com.google.android.c2dm.permission.RECEIVE", "com.baiwang.stylephotocollage.permission.C2D_MESSAGE", "android.permission.WAKE_LOCK", "android.permission.ACCESS_NETWORK_STATE", "android.permission.GET_TASKS", "android.permission.RECEIVE_USER_PRESENT", "android.permission.RECEIVE_BOOT_COMPLETED", "android.permission.WRITE_EXTERNAL_STORAGE", "android.permission.SYSTEM_ALERT_WINDOW"], "trackers_inside": ["Google Ads", "Google DoubleClick", "Facebook Ads", "Google Firebase Analytics"], "execution_time_app_analyzer": 40.73406434059143, "api_to_monitoring_all": 418, "type_analysis": "Droidbot", "max_actions": 20, "timeout": 10, "privacy_policy_page_detected": true, "privacy_policy_page_md5": "ad681278d4d6b64921c7832beb8c2ec9", "timeout_privacy_policy_page": true, "home_button_change_privacy_policy_page": false, "back_button_change_privacy_policy_page": false, "actions_needed_to_reach_privacy_policy": 3, "api_invoked_during_dynamic_analysis": 43598, "app_is_compliant_with_google_play_store": false, "app_analyzed": true, "num_tentative": 1, "different_api_invoked": 51, "privacy_policy_contain_explicit_acceptance": true, "privacy_policy_page_detected_google_play": true}