{"md5": "080ecb75a6db46bd96f7de412bc45369", "permission_requested": ["com.android.vending.BILLING", "android.permission.INTERNET", "android.permission.ACCESS_WIFI_STATE", "android.permission.SYSTEM_ALERT_WINDOW", "android.permission.VIBRATE", "com.google.android.c2dm.permission.RECEIVE", "android.permission.ACCESS_NETWORK_STATE", "android.permission.WAKE_LOCK", "com.google.android.finsky.permission.BIND_GET_INSTALL_REFERRER_SERVICE"], "trackers_inside": ["Facebook Analytics", "Google CrashLytics", "AppsFlyer", "Google Ads", "Google Firebase Analytics"], "execution_time_app_analyzer": 26.858057498931885, "api_to_monitoring_all": 508, "app_analyzed": false, "privacy_policy_page_detected_google_play": true}