{"md5": "0861132993f856b8dcdea0ca8736a6b4", "permission_requested": ["android.permission.INTERNET", "com.google.android.finsky.permission.BIND_GET_INSTALL_REFERRER_SERVICE", "android.permission.VIBRATE", "android.permission.FOREGROUND_SERVICE", "com.google.android.c2dm.permission.RECEIVE", "android.permission.WAKE_LOCK", "android.permission.ACCESS_NETWORK_STATE", "android.permission.RECEIVE_BOOT_COMPLETED", "com.google.android.providers.gsf.permission.READ_GSERVICES"], "trackers_inside": ["Google Ads", "Google CrashLytics", "Google Firebase Analytics"], "execution_time_app_analyzer": 16.86258888244629, "api_to_monitoring_all": 174, "type_analysis": "Droidbot", "max_actions": 20, "timeout": 10, "privacy_policy_page_detected": false, "privacy_policy_page_md5": "N.A", "timeout_privacy_policy_page": false, "home_button_change_privacy_policy_page": false, "back_button_change_privacy_policy_page": false, "actions_needed_to_reach_privacy_policy": 19, "api_invoked_during_dynamic_analysis": 11, "app_is_compliant_with_google_play_store": false, "app_analyzed": true, "num_tentative": 1, "different_api_invoked": 5, "privacy_policy_page_detected_google_play": true}