{"md5": "08ccd101209a4f642a79ea6711c31165", "permission_requested": ["android.permission.ACCESS_WIFI_STATE", "android.permission.ACCESS_NETWORK_STATE", "com.android.vending.BILLING", "android.permission.INTERNET"], "trackers_inside": ["Google Ads", "Unity3d Ads", "Google DoubleClick"], "execution_time_app_analyzer": 18.14116096496582, "api_to_monitoring_all": 409, "type_analysis": "Droidbot", "max_actions": 20, "timeout": 10, "privacy_policy_page_detected": false, "privacy_policy_page_md5": "N.A", "timeout_privacy_policy_page": false, "home_button_change_privacy_policy_page": false, "back_button_change_privacy_policy_page": false, "actions_needed_to_reach_privacy_policy": 19, "api_invoked_during_dynamic_analysis": 1167, "app_is_compliant_with_google_play_store": false, "app_analyzed": true, "num_tentative": 2, "different_api_invoked": 5, "privacy_policy_page_detected_google_play": true}