{"md5": "099ce5192341fa57f585b8758406fb87", "permission_requested": ["android.permission.USE_CREDENTIALS", "android.permission.WAKE_LOCK", "android.permission.READ_EXTERNAL_STORAGE", "com.google.android.c2dm.permission.RECEIVE", "com.toptable.permission.CROSS_APP_AUTH", "android.permission.CAMERA", "android.permission.WRITE_EXTERNAL_STORAGE", "android.permission.MANAGE_ACCOUNTS", "android.permission.ACCESS_FINE_LOCATION", "com.google.android.providers.gsf.permission.READ_GSERVICES", "android.permission.READ_PHONE_STATE", "de.opentable.permission.CROSS_APP_AUTH", "android.permission.READ_CONTACTS", "android.permission.GET_ACCOUNTS", "android.permission.INTERNET", "com.google.android.finsky.permission.BIND_GET_INSTALL_REFERRER_SERVICE", "com.android.vending.CHECK_LICENSE", "android.permission.ACCESS_NETWORK_STATE", "android.permission.ACCESS_WIFI_STATE", "android.permission.AUTHENTICATE_ACCOUNTS", "android.permission.VIBRATE", "com.opentable.permission.MAPS_RECEIVE", "android.permission.FOREGROUND_SERVICE", "jp.opentable.permission.CROSS_APP_AUTH"], "trackers_inside": ["Google Firebase Analytics", "Adjust", "Facebook Analytics", "Google CrashLytics", "Google Ads", "Google Analytics"], "execution_time_app_analyzer": 81.92023777961731, "api_to_monitoring_all": 370, "app_analyzed": false, "privacy_policy_page_detected_google_play": true}