{"md5": "09d864f01f917c7b25919d638a9a77bf", "permission_requested": ["android.permission.WRITE_EXTERNAL_STORAGE", "com.android.vending.BILLING", "android.permission.INTERNET", "android.permission.ACCESS_WIFI_STATE", "android.permission.MODIFY_AUDIO_SETTINGS", "android.permission.GET_ACCOUNTS", "com.google.android.c2dm.permission.RECEIVE", "android.permission.READ_PHONE_STATE", "android.permission.ACCESS_NETWORK_STATE", "android.permission.WAKE_LOCK", "com.google.android.finsky.permission.BIND_GET_INSTALL_REFERRER_SERVICE", "com.android.launcher.permission.INSTALL_SHORTCUT"], "trackers_inside": ["Facebook Analytics", "Google CrashLytics", "Google DoubleClick", "AppsFlyer", "Moat", "Google Ads", "Google Firebase Analytics", "ironSource", "Google Analytics", "Facebook Ads"], "execution_time_app_analyzer": 46.97071290016174, "api_to_monitoring_all": 1417, "type_analysis": "Droidbot", "max_actions": 20, "timeout": 10, "privacy_policy_page_detected": false, "privacy_policy_page_md5": "N.A", "timeout_privacy_policy_page": false, "home_button_change_privacy_policy_page": false, "back_button_change_privacy_policy_page": false, "actions_needed_to_reach_privacy_policy": 19, "api_invoked_during_dynamic_analysis": 0, "app_is_compliant_with_google_play_store": false, "app_analyzed": true, "num_tentative": 1, "privacy_policy_page_detected_google_play": true}