{"md5": "0a2e2ee954d9e2e4a2bd9d5ff01264f4", "permission_requested": ["android.permission.INTERNET", "android.permission.READ_PHONE_STATE", "com.sonyericsson.home.permission.BROADCAST_BADGE", "com.anddoes.launcher.permission.UPDATE_COUNT", "com.google.android.providers.gsf.permission.READ_GSERVICES", "android.permission.ACCESS_WIFI_STATE", "com.sec.android.provider.badge.permission.WRITE", "android.permission.GET_TASKS", "com.sec.android.provider.badge.permission.READ", "com.htc.launcher.permission.READ_SETTINGS", "com.majeur.launcher.permission.UPDATE_BADGE", "com.htc.launcher.permission.UPDATE_SHORTCUT", "com.google.android.c2dm.permission.RECEIVE", "com.android.vending.BILLING", "android.permission.WAKE_LOCK", "android.permission.WRITE_EXTERNAL_STORAGE", "chessfriends.online.chess.permission.C2D_MESSAGE", "android.permission.ACCESS_NETWORK_STATE"], "trackers_inside": ["Facebook Analytics", "Google Ads", "Google DoubleClick", "Tapjoy", "Google Analytics", "Moat", "Google Firebase Analytics", "Google CrashLytics"], "execution_time_app_analyzer": 31.10305142402649, "api_to_monitoring_all": 512, "type_analysis": "Droidbot", "max_actions": 20, "timeout": 10, "privacy_policy_page_detected": false, "privacy_policy_page_md5": "N.A", "timeout_privacy_policy_page": false, "home_button_change_privacy_policy_page": false, "back_button_change_privacy_policy_page": false, "actions_needed_to_reach_privacy_policy": 19, "api_invoked_during_dynamic_analysis": 0, "app_is_compliant_with_google_play_store": false, "app_analyzed": true, "num_tentative": 1, "privacy_policy_page_detected_google_play": true}