{"md5": "0a69bc5d25e3888cbcad4e50164e831b", "permission_requested": ["android.permission.GET_ACCOUNTS", "android.permission.ACCESS_FINE_LOCATION", "android.permission.ACCESS_NETWORK_STATE", "android.permission.CAMERA", "android.permission.VIBRATE", "android.permission.INTERNET", "android.permission.READ_EXTERNAL_STORAGE", "android.permission.CHANGE_WIFI_STATE", "android.permission.MODIFY_AUDIO_SETTINGS", "android.permission.READ_CONTACTS", "com.google.android.providers.gsf.permission.READ_GSERVICES", "android.permission.WRITE_EXTERNAL_STORAGE", "com.alarm.alarmmobile.android.permission.C2D_MESSAGE", "android.permission.ACCESS_WIFI_STATE", "com.alarm.alarmmobile.android.permission.MAPS_RECEIVE", "android.permission.USE_FINGERPRINT", "com.google.android.c2dm.permission.RECEIVE", "android.permission.ACCESS_COARSE_LOCATION", "android.permission.RECEIVE_BOOT_COMPLETED", "com.google.android.gms.permission.ACTIVITY_RECOGNITION", "android.permission.CHANGE_WIFI_MULTICAST_STATE", "android.permission.READ_PHONE_STATE", "android.permission.RECORD_AUDIO", "android.permission.WAKE_LOCK"], "trackers_inside": ["Google Ads", "Google Firebase Analytics", "Flurry", "Google CrashLytics"], "execution_time_app_analyzer": 41.180532455444336, "api_to_monitoring_all": 294, "type_analysis": "Droidbot", "max_actions": 20, "timeout": 10, "privacy_policy_page_detected": true, "privacy_policy_page_md5": "11402142bb222429f15937d84487268d", "timeout_privacy_policy_page": false, "home_button_change_privacy_policy_page": true, "back_button_change_privacy_policy_page": false, "actions_needed_to_reach_privacy_policy": 3, "api_invoked_during_dynamic_analysis": 79, "app_is_compliant_with_google_play_store": false, "app_analyzed": true, "num_tentative": 1, "privacy_policy_contain_explicit_acceptance": false, "different_api_invoked": 17, "privacy_policy_page_detected_google_play": true}