{"md5": "0ad7cf2a871236470a6dc6e723c0e065", "permission_requested": ["com.chatroullete.alternative.permission.C2D_MESSAGE", "android.permission.ACCESS_NETWORK_STATE", "android.permission.INTERNET", "android.permission.RECORD_AUDIO", "com.google.android.c2dm.permission.RECEIVE", "android.permission.WRITE_EXTERNAL_STORAGE", "android.permission.ACCESS_WIFI_STATE", "android.permission.BLUETOOTH_ADMIN", "android.permission.CAMERA", "android.permission.BLUETOOTH", "android.permission.MODIFY_AUDIO_SETTINGS", "com.google.android.finsky.permission.BIND_GET_INSTALL_REFERRER_SERVICE", "android.permission.READ_PHONE_STATE", "com.android.vending.BILLING", "android.permission.WAKE_LOCK"], "trackers_inside": ["Google Ads", "Google CrashLytics", "Google Firebase Analytics"], "execution_time_app_analyzer": 47.35274076461792, "api_to_monitoring_all": 295, "type_analysis": "Droidbot", "max_actions": 20, "timeout": 10, "privacy_policy_page_detected": false, "privacy_policy_page_md5": "N.A", "timeout_privacy_policy_page": false, "home_button_change_privacy_policy_page": false, "back_button_change_privacy_policy_page": false, "actions_needed_to_reach_privacy_policy": 19, "api_invoked_during_dynamic_analysis": 0, "app_is_compliant_with_google_play_store": false, "app_analyzed": true, "num_tentative": 1, "privacy_policy_page_detected_google_play": true}