{"md5": "0b1ecfe176880244a40286ea05aa7d5c", "permission_requested": ["android.permission.ACCESS_WIFI_STATE", "android.permission.WAKE_LOCK", "android.permission.ACCESS_NETWORK_STATE", "com.android.vending.BILLING", "com.google.android.finsky.permission.BIND_GET_INSTALL_REFERRER_SERVICE", "com.google.android.c2dm.permission.RECEIVE", "android.permission.VIBRATE", "android.permission.INTERNET", "android.permission.WRITE_EXTERNAL_STORAGE", "com.android.alarm.permission.SET_ALARM"], "trackers_inside": ["Twitter MoPub", "Inmobi", "Unity3d Ads", "AppLovin", "Google CrashLytics", "Integral Ad Science", "Amazon Advertisement", "Tapjoy", "Google DoubleClick", "Vungle", "AdColony", "Google Ads", "Moat", "Google Firebase Analytics", "ironSource"], "execution_time_app_analyzer": 69.87562966346741, "api_to_monitoring_all": 2208, "type_analysis": "Droidbot", "max_actions": 20, "timeout": 10, "privacy_policy_page_detected": false, "privacy_policy_page_md5": "N.A", "timeout_privacy_policy_page": false, "home_button_change_privacy_policy_page": false, "back_button_change_privacy_policy_page": false, "actions_needed_to_reach_privacy_policy": 19, "api_invoked_during_dynamic_analysis": 95552, "app_is_compliant_with_google_play_store": false, "app_analyzed": true, "num_tentative": 1, "different_api_invoked": 385, "privacy_policy_page_detected_google_play": true}