{"md5": "0b7741ad48eae30e2618895da8030ae3", "permission_requested": ["android.permission.INTERNET", "android.permission.ACCESS_FINE_LOCATION", "android.permission.GET_TASKS", "android.permission.VIBRATE", "com.android.vending.BILLING", "android.permission.SET_WALLPAPER", "android.permission.ACCESS_NETWORK_STATE", "com.google.android.finsky.permission.BIND_GET_INSTALL_REFERRER_SERVICE", "android.permission.RECORD_AUDIO", "android.permission.READ_EXTERNAL_STORAGE", "android.permission.WAKE_LOCK", "android.permission.CAMERA", "com.google.android.c2dm.permission.RECEIVE", "android.permission.ACCESS_WIFI_STATE", "android.permission.WRITE_EXTERNAL_STORAGE"], "trackers_inside": ["Google Ads", "Google DoubleClick", "Google CrashLytics", "Google Firebase Analytics"], "execution_time_app_analyzer": 31.249969720840454, "api_to_monitoring_all": 277, "type_analysis": "Droidbot", "max_actions": 20, "timeout": 10, "privacy_policy_page_detected": false, "privacy_policy_page_md5": "N.A", "timeout_privacy_policy_page": false, "home_button_change_privacy_policy_page": false, "back_button_change_privacy_policy_page": false, "actions_needed_to_reach_privacy_policy": 19, "api_invoked_during_dynamic_analysis": 102220, "app_is_compliant_with_google_play_store": false, "app_analyzed": true, "num_tentative": 1, "different_api_invoked": 22, "privacy_policy_page_detected_google_play": true}