{"md5": "0bc770c4c2d95ee0ca22b366c4e2c957", "permission_requested": ["android.permission.READ_EXTERNAL_STORAGE", "android.permission.ACCESS_NETWORK_STATE", "com.android.vending.BILLING", "android.permission.INTERNET"], "trackers_inside": ["Unity3d Ads"], "execution_time_app_analyzer": 20.713464736938477, "api_to_monitoring_all": 260, "type_analysis": "Droidbot", "max_actions": 20, "timeout": 10, "privacy_policy_page_detected": false, "privacy_policy_page_md5": "N.A", "timeout_privacy_policy_page": false, "home_button_change_privacy_policy_page": false, "back_button_change_privacy_policy_page": false, "actions_needed_to_reach_privacy_policy": 19, "api_invoked_during_dynamic_analysis": 70, "app_is_compliant_with_google_play_store": false, "app_analyzed": true, "num_tentative": 1, "different_api_invoked": 8, "privacy_policy_page_detected_google_play": true}