{"md5": "0c497b7362cf53da22fb742741e90999", "permission_requested": ["com.digixart.lostinharmony.permission.C2D_MESSAGE", "com.android.vending.CHECK_LICENSE", "android.permission.WRITE_EXTERNAL_STORAGE", "com.android.vending.BILLING", "android.permission.INTERNET", "android.permission.READ_EXTERNAL_STORAGE", "android.permission.ACCESS_WIFI_STATE", "android.permission.GET_TASKS", "android.permission.VIBRATE", "com.google.android.c2dm.permission.RECEIVE", "android.permission.ACCESS_NETWORK_STATE", "android.permission.WAKE_LOCK"], "trackers_inside": ["Facebook Analytics", "Google DoubleClick", "AppLovin", "Google Ads", "Google Firebase Analytics", "Adjust", "Google Analytics", "Flurry", "Unity3d Ads"], "execution_time_app_analyzer": 30.688672304153442, "api_to_monitoring_all": 1153, "type_analysis": "Droidbot", "max_actions": 20, "timeout": 10, "privacy_policy_page_detected": false, "privacy_policy_page_md5": "N.A", "timeout_privacy_policy_page": false, "home_button_change_privacy_policy_page": false, "back_button_change_privacy_policy_page": false, "actions_needed_to_reach_privacy_policy": 19, "api_invoked_during_dynamic_analysis": 3411, "app_is_compliant_with_google_play_store": false, "app_analyzed": true, "num_tentative": 1, "different_api_invoked": 30, "privacy_policy_page_detected_google_play": true}