{"md5": "0d2b7d71a0ce2e6d8511942d3fcd51ea", "permission_requested": ["android.permission.ACCESS_WIFI_STATE", "android.permission.ACCESS_NETWORK_STATE", "com.android.vending.BILLING", "android.permission.MODIFY_AUDIO_SETTINGS", "android.permission.READ_PHONE_STATE", "android.permission.VIBRATE", "android.permission.INTERNET", "android.permission.CAMERA"], "trackers_inside": ["Flurry", "Google Ads"], "execution_time_app_analyzer": 9.90662670135498, "api_to_monitoring_all": 209, "type_analysis": "Droidbot", "max_actions": 20, "timeout": 10, "privacy_policy_page_detected": false, "privacy_policy_page_md5": "N.A", "timeout_privacy_policy_page": false, "home_button_change_privacy_policy_page": false, "back_button_change_privacy_policy_page": false, "actions_needed_to_reach_privacy_policy": 19, "api_invoked_during_dynamic_analysis": 0, "app_is_compliant_with_google_play_store": false, "app_analyzed": true, "num_tentative": 1, "privacy_policy_page_detected_google_play": true}