{"md5": "0d5d040672dabf2c91ae2dd17bb16b91", "permission_requested": ["android.permission.RECEIVE_BOOT_COMPLETED", "android.permission.ACCESS_NETWORK_STATE", "android.permission.INTERNET", "android.permission.VIBRATE", "com.google.android.c2dm.permission.RECEIVE", "android.permission.WRITE_EXTERNAL_STORAGE", "br.com.rodrigokolb.realpiano.permission.C2D_MESSAGE", "com.google.android.finsky.permission.BIND_GET_INSTALL_REFERRER_SERVICE", "com.android.vending.BILLING", "android.permission.WAKE_LOCK", "android.permission.READ_EXTERNAL_STORAGE"], "trackers_inside": ["Moat", "Facebook Ads", "Google Firebase Analytics", "Inmobi", "Google Ads", "Vungle", "Google DoubleClick", "Flurry"], "execution_time_app_analyzer": 30.455379724502563, "api_to_monitoring_all": 555, "type_analysis": "Droidbot", "max_actions": 20, "timeout": 10, "privacy_policy_page_detected": false, "privacy_policy_page_md5": "N.A", "timeout_privacy_policy_page": false, "home_button_change_privacy_policy_page": false, "back_button_change_privacy_policy_page": false, "actions_needed_to_reach_privacy_policy": 19, "api_invoked_during_dynamic_analysis": 77531, "app_is_compliant_with_google_play_store": false, "app_analyzed": true, "num_tentative": 1, "different_api_invoked": 35, "privacy_policy_page_detected_google_play": true}