{"md5": "0d8049ac2cb12439fd741cb1f9248f5f", "permission_requested": ["android.permission.INTERNET", "android.permission.CHANGE_WIFI_STATE", "android.permission.ACCESS_FINE_LOCATION", "com.google.android.providers.gsf.permission.READ_GSERVICES", "android.permission.FOREGROUND_SERVICE", "android.permission.ACCESS_NETWORK_STATE", "android.permission.RECEIVE_BOOT_COMPLETED", "com.google.android.finsky.permission.BIND_GET_INSTALL_REFERRER_SERVICE", "android.permission.RECORD_AUDIO", "android.permission.READ_EXTERNAL_STORAGE", "android.permission.WAKE_LOCK", "com.google.android.c2dm.permission.RECEIVE", "android.permission.ACCESS_WIFI_STATE", "android.permission.WRITE_EXTERNAL_STORAGE"], "trackers_inside": ["Google Analytics", "Branch", "Google CrashLytics", "Facebook Ads", "Facebook Analytics", "Google Firebase Analytics", "Google Ads", "Google DoubleClick"], "execution_time_app_analyzer": 77.78992867469788, "api_to_monitoring_all": 612, "type_analysis": "Droidbot", "max_actions": 20, "timeout": 10, "privacy_policy_page_detected": false, "privacy_policy_page_md5": "N.A", "timeout_privacy_policy_page": false, "home_button_change_privacy_policy_page": false, "back_button_change_privacy_policy_page": false, "actions_needed_to_reach_privacy_policy": 19, "api_invoked_during_dynamic_analysis": 0, "app_is_compliant_with_google_play_store": false, "app_analyzed": true, "num_tentative": 1, "privacy_policy_page_detected_google_play": true}