{"md5": "0d99221c745e4e4aeaace0affff64c9b", "permission_requested": ["android.permission.WRITE_EXTERNAL_STORAGE", "android.permission.READ_EXTERNAL_STORAGE", "com.google.android.finsky.permission.BIND_GET_INSTALL_REFERRER_SERVICE", "android.permission.RECORD_AUDIO", "com.google.android.c2dm.permission.RECEIVE", "android.permission.ACCESS_NETWORK_STATE", "android.permission.WAKE_LOCK", "android.permission.VIBRATE", "android.permission.INTERNET"], "trackers_inside": ["Google Firebase Analytics"], "execution_time_app_analyzer": 11.055016994476318, "api_to_monitoring_all": 81, "type_analysis": "Droidbot", "max_actions": 20, "timeout": 10, "privacy_policy_page_detected": false, "privacy_policy_page_md5": "N.A", "timeout_privacy_policy_page": false, "home_button_change_privacy_policy_page": false, "back_button_change_privacy_policy_page": false, "actions_needed_to_reach_privacy_policy": 19, "api_invoked_during_dynamic_analysis": 19, "app_is_compliant_with_google_play_store": false, "app_analyzed": true, "num_tentative": 1, "different_api_invoked": 2, "privacy_policy_page_detected_google_play": true}