{"md5": "0e24610c8cc56aa11fdae141aab099fd", "permission_requested": ["com.sonyericsson.home.permission.BROADCAST_BADGE", "android.permission.BROADCAST_PACKAGE_CHANGED", "android.permission.READ_EXTERNAL_STORAGE", "com.google.android.c2dm.permission.RECEIVE", "android.permission.WAKE_LOCK", "com.oppo.launcher.permission.WRITE_SETTINGS", "com.huawei.android.launcher.permission.CHANGE_BADGE", "me.everything.badger.permission.BADGE_COUNT_READ", "com.huawei.android.launcher.permission.READ_SETTINGS", "android.permission.RECEIVE_BOOT_COMPLETED", "android.permission.GET_TASKS", "android.permission.WRITE_EXTERNAL_STORAGE", "android.permission.READ_PHONE_STATE", "android.permission.ACCESS_FINE_LOCATION", "com.majeur.launcher.permission.UPDATE_BADGE", "android.permission.CHANGE_NETWORK_STATE", "com.huawei.android.launcher.permission.WRITE_SETTINGS", "com.sonymobile.home.permission.PROVIDER_INSERT_BADGE", "me.everything.badger.permission.BADGE_COUNT_WRITE", "android.permission.READ_CONTACTS", "android.permission.READ_APP_BADGE", "android.permission.BROADCAST_PACKAGE_ADDED", "com.oppo.launcher.permission.READ_SETTINGS", "android.permission.REQUEST_INSTALL_PACKAGES", "com.sec.android.provider.badge.permission.WRITE", "android.permission.INTERNET", "android.permission.BROADCAST_PACKAGE_INSTALL", "news.buzzbreak.android.permission.C2D_MESSAGE", "com.sec.android.provider.badge.permission.READ", "com.google.android.finsky.permission.BIND_GET_INSTALL_REFERRER_SERVICE", "com.htc.launcher.permission.UPDATE_SHORTCUT", "android.permission.ACCESS_NETWORK_STATE", "android.permission.ACCESS_WIFI_STATE", "android.permission.BROADCAST_PACKAGE_REPLACED", "com.htc.launcher.permission.READ_SETTINGS", "com.anddoes.launcher.permission.UPDATE_COUNT", "android.permission.VIBRATE", "android.permission.RESTART_PACKAGES", "android.permission.CHANGE_WIFI_STATE"], "trackers_inside": ["Google Firebase Analytics", "Vungle", "Branch", "Moat", "Unity3d Ads", "Google DoubleClick", "AdColony", "Facebook Analytics", "Google CrashLytics", "Google Ads", "AppLovin", "Inmobi", "Tapjoy", "AppsFlyer", "ironSource", "Facebook Ads"], "execution_time_app_analyzer": 100.38089871406555, "api_to_monitoring_all": 2463, "type_analysis": "Droidbot", "max_actions": 20, "timeout": 10, "privacy_policy_page_detected": false, "privacy_policy_page_md5": "N.A", "timeout_privacy_policy_page": false, "home_button_change_privacy_policy_page": false, "back_button_change_privacy_policy_page": false, "actions_needed_to_reach_privacy_policy": 19, "api_invoked_during_dynamic_analysis": 0, "app_is_compliant_with_google_play_store": false, "app_analyzed": true, "num_tentative": 1, "privacy_policy_page_detected_google_play": true}