{"md5": "0eb3a99404a3d68691d541f55d984347", "permission_requested": ["android.permission.ACCESS_COARSE_LOCATION", "android.permission.RECEIVE_BOOT_COMPLETED", "com.google.android.finsky.permission.BIND_GET_INSTALL_REFERRER_SERVICE", "com.google.android.c2dm.permission.RECEIVE", "android.permission.ACCESS_NETWORK_STATE", "com.vogella.android.locationapi.maps.permission.MAPS_RECEIVE", "android.permission.READ_EXTERNAL_STORAGE", "android.permission.GET_ACCOUNTS", "com.selfdrive.permission.C2D_MESSAGE", "android.permission.USE_CREDENTIALS", "com.google.android.providers.gsf.permission.READ_GSERVICES", "com.google.android.gms.permission.ACTIVITY_RECOGNITION", "android.permission.WAKE_LOCK", "android.permission.READ_PHONE_STATE", "android.permission.MANAGE_ACCOUNTS", "com.android.vending.CHECK_LICENSE", "android.permission.INTERNET", "android.permission.ACCESS_FINE_LOCATION", "com.selfdrive.googlemaps.permission.MAPS_RECEIVE", "android.permission.WRITE_EXTERNAL_STORAGE"], "trackers_inside": ["Google DoubleClick", "Facebook Analytics", "Google Firebase Analytics", "Google Ads"], "execution_time_app_analyzer": 48.81129002571106, "api_to_monitoring_all": 317, "type_analysis": "Droidbot", "max_actions": 20, "timeout": 10, "privacy_policy_page_detected": false, "privacy_policy_page_md5": "N.A", "timeout_privacy_policy_page": false, "home_button_change_privacy_policy_page": false, "back_button_change_privacy_policy_page": false, "actions_needed_to_reach_privacy_policy": 15, "api_invoked_during_dynamic_analysis": 0, "app_is_compliant_with_google_play_store": false, "app_analyzed": true, "num_tentative": 1, "privacy_policy_page_detected_google_play": true}