{"md5": "0f45b904436cb6c866fbfb8af1ae9783", "permission_requested": ["me.everything.badger.permission.BADGE_COUNT_READ", "android.permission.READ_APP_BADGE", "com.htc.launcher.permission.READ_SETTINGS", "android.permission.READ_CONTACTS", "com.huawei.android.launcher.permission.READ_SETTINGS", "com.sec.android.provider.badge.permission.WRITE", "com.google.android.c2dm.permission.RECEIVE", "com.oppo.launcher.permission.READ_SETTINGS", "com.askfm.permission.BROADCAST", "com.huawei.android.launcher.permission.WRITE_SETTINGS", "android.permission.VIBRATE", "com.android.vending.BILLING", "com.anddoes.launcher.permission.UPDATE_COUNT", "com.oppo.launcher.permission.WRITE_SETTINGS", "android.permission.WAKE_LOCK", "android.permission.CAMERA", "com.majeur.launcher.permission.UPDATE_BADGE", "com.htc.launcher.permission.UPDATE_SHORTCUT", "android.permission.ACCESS_FINE_LOCATION", "com.google.android.providers.gsf.permission.READ_GSERVICES", "com.sec.android.provider.badge.permission.READ", "android.permission.WRITE_EXTERNAL_STORAGE", "android.permission.INTERNET", "android.permission.ACCESS_NETWORK_STATE", "com.sonyericsson.home.permission.BROADCAST_BADGE", "com.sonymobile.home.permission.PROVIDER_INSERT_BADGE", "android.permission.RECEIVE_BOOT_COMPLETED", "com.huawei.android.launcher.permission.CHANGE_BADGE", "com.google.android.finsky.permission.BIND_GET_INSTALL_REFERRER_SERVICE", "android.permission.RECORD_AUDIO", "android.permission.READ_EXTERNAL_STORAGE", "android.permission.ACCESS_WIFI_STATE", "me.everything.badger.permission.BADGE_COUNT_WRITE"], "trackers_inside": ["AppLovin", "AdColony", "Amazon Advertisement", "Moat", "Flurry", "Integral Ad Science", "Unity3d Ads", "Google CrashLytics", "AppsFlyer", "Facebook Ads", "Twitter MoPub", "Yandex Ad", "Facebook Analytics", "Google Firebase Analytics", "AppMetrica", "Google Ads", "Vungle", "Google DoubleClick"], "execution_time_app_analyzer": 98.35476493835449, "api_to_monitoring_all": 2174, "app_analyzed": false, "privacy_policy_page_detected_google_play": true}