{"md5": "0f6abc491c6deafe4e8edf6075e2a700", "permission_requested": ["com.oppo.launcher.permission.READ_SETTINGS", "com.sec.android.provider.badge.permission.READ", "com.oppo.launcher.permission.WRITE_SETTINGS", "com.google.android.finsky.permission.BIND_GET_INSTALL_REFERRER_SERVICE", "android.permission.WAKE_LOCK", "com.google.android.c2dm.permission.RECEIVE", "com.huawei.android.launcher.permission.READ_SETTINGS", "com.htc.launcher.permission.READ_SETTINGS", "com.sonymobile.home.permission.PROVIDER_INSERT_BADGE", "android.permission.ACCESS_COARSE_LOCATION", "me.everything.badger.permission.BADGE_COUNT_READ", "com.sonyericsson.home.permission.BROADCAST_BADGE", "com.htc.launcher.permission.UPDATE_SHORTCUT", "com.anddoes.launcher.permission.UPDATE_COUNT", "android.permission.READ_APP_BADGE", "android.permission.VIBRATE", "android.permission.WRITE_EXTERNAL_STORAGE", "com.huawei.android.launcher.permission.WRITE_SETTINGS", "com.huawei.android.launcher.permission.CHANGE_BADGE", "android.permission.GET_ACCOUNTS", "com.google.android.providers.gsf.permission.READ_GSERVICES", "android.permission.INTERNET", "me.everything.badger.permission.BADGE_COUNT_WRITE", "android.permission.ACCESS_FINE_LOCATION", "android.permission.CAMERA", "android.permission.ACCESS_WIFI_STATE", "android.permission.ACCESS_NETWORK_STATE", "com.sec.android.provider.badge.permission.WRITE", "com.android.vending.BILLING", "com.majeur.launcher.permission.UPDATE_BADGE", "android.permission.RECORD_AUDIO"], "trackers_inside": ["Google CrashLytics", "Twitter MoPub", "Facebook Ads", "Flurry", "Unity3d Ads", "Integral Ad Science", "Google Ads", "AppLovin", "Moat", "Google DoubleClick", "Google Firebase Analytics", "Facebook Analytics", "Inmobi"], "execution_time_app_analyzer": 79.54240775108337, "api_to_monitoring_all": 1510, "type_analysis": "Droidbot", "max_actions": 20, "timeout": 10, "privacy_policy_page_detected": false, "privacy_policy_page_md5": "N.A", "timeout_privacy_policy_page": false, "home_button_change_privacy_policy_page": false, "back_button_change_privacy_policy_page": false, "actions_needed_to_reach_privacy_policy": 19, "api_invoked_during_dynamic_analysis": 0, "app_is_compliant_with_google_play_store": false, "app_analyzed": true, "num_tentative": 2, "privacy_policy_page_detected_google_play": true}