{"md5": "0f84cd6efa9f5e02ab243b36c578545b", "permission_requested": ["android.permission.ACCESS_NETWORK_STATE", "com.android.vending.BILLING", "android.permission.INTERNET"], "trackers_inside": ["Google Ads", "Unity3d Ads", "Google DoubleClick"], "execution_time_app_analyzer": 14.289391040802002, "api_to_monitoring_all": 380, "type_analysis": "Droidbot", "max_actions": 20, "timeout": 10, "privacy_policy_page_detected": false, "privacy_policy_page_md5": "N.A", "timeout_privacy_policy_page": false, "home_button_change_privacy_policy_page": false, "back_button_change_privacy_policy_page": false, "actions_needed_to_reach_privacy_policy": 19, "api_invoked_during_dynamic_analysis": 8713, "app_is_compliant_with_google_play_store": false, "app_analyzed": true, "num_tentative": 1, "different_api_invoked": 13, "privacy_policy_page_detected_google_play": true}