{"md5": "10a5e46ede7912384c5c838d5b662a55", "permission_requested": ["android.permission.INTERNET", "android.permission.READ_EXTERNAL_STORAGE", "android.permission.ACCESS_NETWORK_STATE", "android.permission.WRITE_EXTERNAL_STORAGE", "android.permission.GET_ACCOUNTS", "com.android.vending.BILLING"], "trackers_inside": ["Google DoubleClick", "Unity3d Ads", "Google Ads", "Facebook Analytics"], "execution_time_app_analyzer": 18.50163221359253, "api_to_monitoring_all": 478, "app_analyzed": false, "privacy_policy_page_detected_google_play": true}