{"md5": "10cb5094a1817bb79ce52d69c258d1c7", "permission_requested": ["android.permission.WAKE_LOCK", "android.permission.ACCESS_WIFI_STATE", "android.permission.ACCESS_NETWORK_STATE", "com.android.vending.BILLING", "com.google.android.finsky.permission.BIND_GET_INSTALL_REFERRER_SERVICE", "com.google.android.c2dm.permission.RECEIVE", "android.permission.VIBRATE", "android.permission.INTERNET", "android.permission.WRITE_EXTERNAL_STORAGE", "com.google.android.providers.gsf.permission.READ_GSERVICES", "br.com.tapps.minequest2.permission.C2D_MESSAGE", "android.permission.READ_EXTERNAL_STORAGE"], "trackers_inside": ["Twitter MoPub", "Facebook Ads", "Inmobi", "Unity3d Ads", "AppLovin", "Google CrashLytics", "AppsFlyer", "Integral Ad Science", "Tapjoy", "Google DoubleClick", "Vungle", "AdColony", "Google Ads", "Moat", "Google Firebase Analytics", "Facebook Analytics", "ironSource"], "execution_time_app_analyzer": 81.15716862678528, "api_to_monitoring_all": 2531, "type_analysis": "Droidbot", "max_actions": 20, "timeout": 10, "privacy_policy_page_detected": false, "privacy_policy_page_md5": "N.A", "timeout_privacy_policy_page": false, "home_button_change_privacy_policy_page": false, "back_button_change_privacy_policy_page": false, "actions_needed_to_reach_privacy_policy": 19, "api_invoked_during_dynamic_analysis": 0, "app_is_compliant_with_google_play_store": false, "app_analyzed": true, "num_tentative": 1, "privacy_policy_page_detected_google_play": true}