{"md5": "115369bb5b1f5074b9364c0fb588f5f2", "permission_requested": ["android.permission.WAKE_LOCK", "android.permission.ACCESS_NETWORK_STATE", "android.permission.RECEIVE_BOOT_COMPLETED", "com.google.android.finsky.permission.BIND_GET_INSTALL_REFERRER_SERVICE", "com.google.android.c2dm.permission.RECEIVE", "android.permission.INTERNET", "android.permission.WRITE_EXTERNAL_STORAGE"], "trackers_inside": ["Facebook Ads", "Google CrashLytics", "Google DoubleClick", "Google Ads", "Google Firebase Analytics", "Facebook Analytics"], "execution_time_app_analyzer": 32.417596101760864, "api_to_monitoring_all": 496, "type_analysis": "Droidbot", "max_actions": 20, "timeout": 10, "privacy_policy_page_detected": true, "privacy_policy_page_md5": "22b0c25d11e4f8cbeae01a84ae3bbf1b", "timeout_privacy_policy_page": false, "home_button_change_privacy_policy_page": true, "back_button_change_privacy_policy_page": true, "actions_needed_to_reach_privacy_policy": 4, "api_invoked_during_dynamic_analysis": 34447, "app_is_compliant_with_google_play_store": false, "app_analyzed": true, "num_tentative": 1, "privacy_policy_contain_explicit_acceptance": true, "different_api_invoked": 66, "privacy_policy_page_detected_google_play": true}