{"md5": "122f68f7d5138da3db0763f2f44e4540", "permission_requested": ["com.sec.android.provider.badge.permission.READ", "android.permission.INTERNET", "com.huawei.android.launcher.permission.CHANGE_BADGE", "android.permission.VIBRATE", "com.android.vending.BILLING", "com.htc.launcher.permission.UPDATE_SHORTCUT", "me.everything.badger.permission.BADGE_COUNT_WRITE", "android.permission.INTERACT_ACROSS_USERS", "com.huawei.android.launcher.permission.WRITE_SETTINGS", "me.everything.badger.permission.BADGE_COUNT_READ", "android.permission.WAKE_LOCK", "com.oppo.launcher.permission.WRITE_SETTINGS", "com.anddoes.launcher.permission.UPDATE_COUNT", "com.htc.launcher.permission.READ_SETTINGS", "com.majeur.launcher.permission.UPDATE_BADGE", "android.permission.WRITE_EXTERNAL_STORAGE", "com.sonymobile.home.permission.PROVIDER_INSERT_BADGE", "com.huawei.android.launcher.permission.READ_SETTINGS", "android.permission.READ_EXTERNAL_STORAGE", "android.permission.READ_APP_BADGE", "com.sonyericsson.home.permission.BROADCAST_BADGE", "com.sec.android.provider.badge.permission.WRITE", "com.oppo.launcher.permission.READ_SETTINGS", "android.permission.RECEIVE_BOOT_COMPLETED"], "trackers_inside": ["Google Ads", "Google Analytics", "Google DoubleClick", "Google Firebase Analytics"], "execution_time_app_analyzer": 29.99401092529297, "api_to_monitoring_all": 201, "app_analyzed": false, "privacy_policy_page_detected_google_play": true}