{"md5": "124b671231e2b9375ce3576817aa3da0", "permission_requested": ["com.google.android.finsky.permission.BIND_GET_INSTALL_REFERRER_SERVICE", "android.permission.CHANGE_WIFI_STATE", "com.google.android.c2dm.permission.RECEIVE", "android.permission.VIBRATE", "android.permission.WRITE_EXTERNAL_STORAGE", "android.permission.RECEIVE_BOOT_COMPLETED", "android.permission.ACCESS_WIFI_STATE", "android.permission.ACCESS_FINE_LOCATION", "android.permission.INTERNET", "android.permission.ACCESS_NETWORK_STATE", "android.permission.READ_EXTERNAL_STORAGE", "com.android.vending.BILLING", "android.permission.FOREGROUND_SERVICE", "android.permission.WAKE_LOCK", "android.permission.ACCESS_ALL_DOWNLOADS"], "trackers_inside": ["Google Firebase Analytics", "Google Ads", "Google DoubleClick", "Google CrashLytics", "Facebook Ads", "Google Analytics"], "execution_time_app_analyzer": 42.407630920410156, "api_to_monitoring_all": 472, "type_analysis": "Droidbot", "max_actions": 20, "timeout": 10, "privacy_policy_page_detected": false, "privacy_policy_page_md5": "N.A", "timeout_privacy_policy_page": false, "home_button_change_privacy_policy_page": false, "back_button_change_privacy_policy_page": false, "actions_needed_to_reach_privacy_policy": 16, "api_invoked_during_dynamic_analysis": 0, "app_is_compliant_with_google_play_store": false, "app_analyzed": true, "num_tentative": 1, "privacy_policy_page_detected_google_play": true}