{"md5": "1354a9bbfc63f0071f5defabaccc7fa2", "permission_requested": ["com.android.vending.BILLING", "android.permission.ACCESS_NETWORK_STATE", "android.permission.ACCESS_WIFI_STATE", "de.twokit.video.tv.cast.browser.ultimate.AUTHORIZATION_PROVIDER", "android.permission.WRITE_EXTERNAL_STORAGE", "android.permission.CHANGE_WIFI_MULTICAST_STATE", "android.permission.WAKE_LOCK", "com.android.vending.CHECK_LICENSE", "android.permission.INTERNET"], "trackers_inside": ["Facebook Ads", "Google Ads", "Integral Ad Science", "Google DoubleClick", "Twitter MoPub", "Google Analytics", "Moat"], "execution_time_app_analyzer": 38.66868782043457, "api_to_monitoring_all": 588, "type_analysis": "Droidbot", "max_actions": 20, "timeout": 10, "privacy_policy_page_detected": false, "privacy_policy_page_md5": "N.A", "timeout_privacy_policy_page": false, "home_button_change_privacy_policy_page": false, "back_button_change_privacy_policy_page": false, "actions_needed_to_reach_privacy_policy": 19, "api_invoked_during_dynamic_analysis": 39772, "app_is_compliant_with_google_play_store": false, "app_analyzed": true, "num_tentative": 1, "different_api_invoked": 42, "privacy_policy_page_detected_google_play": true}