{"md5": "14c7402db362c5dd5c1fec516fd8464b", "permission_requested": ["com.google.android.finsky.permission.BIND_GET_INSTALL_REFERRER_SERVICE", "com.google.android.c2dm.permission.RECEIVE", "android.permission.VIBRATE", "com.google.android.providers.gsf.permission.READ_GSERVICES", "android.permission.ACCESS_WIFI_STATE", "android.permission.INTERNET", "android.permission.ACCESS_NETWORK_STATE", "com.android.vending.BILLING", "com.itchmedia.tc4.permission.C2D_MESSAGE", "com.android.alarm.permission.SET_ALARM", "android.permission.WAKE_LOCK"], "trackers_inside": ["AdColony", "Tapjoy", "Google Ads", "Twitter MoPub", "AppLovin", "Google DoubleClick", "Google CrashLytics", "Vungle", "Facebook Analytics", "Moat", "ironSource", "Integral Ad Science", "GameAnalytics", "Facebook Ads", "Unity3d Ads", "Inmobi"], "execution_time_app_analyzer": 74.90514063835144, "api_to_monitoring_all": 2384, "type_analysis": "Droidbot", "max_actions": 20, "timeout": 10, "privacy_policy_page_detected": false, "privacy_policy_page_md5": "N.A", "timeout_privacy_policy_page": false, "home_button_change_privacy_policy_page": false, "back_button_change_privacy_policy_page": false, "actions_needed_to_reach_privacy_policy": 19, "api_invoked_during_dynamic_analysis": 6, "app_is_compliant_with_google_play_store": false, "app_analyzed": true, "num_tentative": 2, "different_api_invoked": 1, "privacy_policy_page_detected_google_play": true}