{"md5": "1543dd939a705e51f799f6735e1d398a", "permission_requested": ["com.google.android.finsky.permission.BIND_GET_INSTALL_REFERRER_SERVICE", "android.permission.READ_PHONE_STATE", "com.google.android.c2dm.permission.RECEIVE", "android.permission.WRITE_EXTERNAL_STORAGE", "android.permission.RECEIVE_BOOT_COMPLETED", "android.permission.ACCESS_WIFI_STATE", "android.permission.GET_ACCOUNTS", "android.permission.DISABLE_KEYGUARD", "android.permission.ACCESS_FINE_LOCATION", "android.permission.INTERNET", "android.permission.ACCESS_NETWORK_STATE", "android.permission.SYSTEM_ALERT_WINDOW", "android.permission.USE_FULL_SCREEN_INTENT", "com.slide.ACCOUNT", "android.permission.READ_EXTERNAL_STORAGE", "android.permission.GET_TASKS", "android.permission.FOREGROUND_SERVICE", "android.permission.WAKE_LOCK", "android.permission.PACKAGE_USAGE_STATS"], "trackers_inside": ["Google Firebase Analytics", "Google Ads", "Twitter MoPub", "Yandex Ad", "AppMetrica", "Google DoubleClick", "Adjust", "Google CrashLytics", "Vungle", "Facebook Analytics", "Moat", "Facebook Ads", "Google Analytics", "Unity3d Ads"], "execution_time_app_analyzer": 95.21833372116089, "api_to_monitoring_all": 1164, "type_analysis": "Droidbot", "max_actions": 20, "timeout": 10, "privacy_policy_page_detected": false, "privacy_policy_page_md5": "N.A", "timeout_privacy_policy_page": false, "home_button_change_privacy_policy_page": false, "back_button_change_privacy_policy_page": false, "actions_needed_to_reach_privacy_policy": 19, "api_invoked_during_dynamic_analysis": 89783, "app_is_compliant_with_google_play_store": false, "app_analyzed": true, "num_tentative": 1, "different_api_invoked": 35, "privacy_policy_page_detected_google_play": true}