{"md5": "15873d5001247a5f7dbb38345934fdc3", "permission_requested": ["android.permission.INTERNET", "android.permission.WAKE_LOCK", "android.permission.ACCESS_NETWORK_STATE", "com.google.android.c2dm.permission.RECEIVE", "com.android.vending.BILLING"], "trackers_inside": ["Adjust", "Vungle", "Google Ads", "Google Firebase Analytics", "Google Analytics", "AdColony", "Google DoubleClick", "ironSource", "Facebook Ads", "Twitter MoPub", "Inmobi", "Flurry", "Tapjoy", "Moat", "Integral Ad Science", "AppLovin", "Unity3d Ads", "AppsFlyer"], "execution_time_app_analyzer": 110.02319955825806, "api_to_monitoring_all": 2493, "type_analysis": "Droidbot", "max_actions": 20, "timeout": 10, "privacy_policy_page_detected": false, "privacy_policy_page_md5": "N.A", "timeout_privacy_policy_page": false, "home_button_change_privacy_policy_page": false, "back_button_change_privacy_policy_page": false, "actions_needed_to_reach_privacy_policy": 19, "api_invoked_during_dynamic_analysis": 19520, "app_is_compliant_with_google_play_store": false, "app_analyzed": true, "num_tentative": 1, "different_api_invoked": 206, "privacy_policy_page_detected_google_play": true}