{"md5": "161068fecdab9d2c7cf8701c7424f9d7", "permission_requested": ["com.meritnation.ncert.permission.C2D_MESSAGE", "android.permission.RECEIVE_BOOT_COMPLETED", "android.permission.INTERNET", "android.permission.ACCESS_FINE_LOCATION", "com.google.android.c2dm.permission.RECEIVE", "android.permission.CAMERA", "android.permission.ACCESS_WIFI_STATE", "android.permission.VIBRATE", "android.permission.READ_PHONE_STATE", "android.permission.ACCESS_NETWORK_STATE", "android.permission.WRITE_EXTERNAL_STORAGE", "android.permission.READ_EXTERNAL_STORAGE", "com.meritnation.ncert.permission.NOTIFICATION_CALL_BACK", "com.google.android.finsky.permission.BIND_GET_INSTALL_REFERRER_SERVICE", "android.permission.WAKE_LOCK", "android.permission.GET_ACCOUNTS"], "trackers_inside": ["Google CrashLytics", "Google Analytics", "AppsFlyer", "Google Ads", "Google Firebase Analytics", "Facebook Analytics"], "execution_time_app_analyzer": 54.85077142715454, "api_to_monitoring_all": 546, "type_analysis": "Droidbot", "max_actions": 20, "timeout": 10, "privacy_policy_page_detected": false, "privacy_policy_page_md5": "N.A", "timeout_privacy_policy_page": false, "home_button_change_privacy_policy_page": false, "back_button_change_privacy_policy_page": false, "actions_needed_to_reach_privacy_policy": 19, "api_invoked_during_dynamic_analysis": 0, "app_is_compliant_with_google_play_store": false, "app_analyzed": true, "num_tentative": 1, "privacy_policy_page_detected_google_play": true}