{"md5": "1775ac5a70b3d2ca0a3d9e0e576e0849", "permission_requested": ["android.permission.ACCESS_WIFI_STATE", "android.permission.WAKE_LOCK", "android.permission.ACCESS_NETWORK_STATE", "android.permission.WRITE_SETTINGS", "android.permission.ACCESS_FINE_LOCATION", "com.google.android.finsky.permission.BIND_GET_INSTALL_REFERRER_SERVICE", "com.google.android.c2dm.permission.RECEIVE", "android.permission.VIBRATE", "android.permission.ACCESS_COARSE_LOCATION", "android.permission.INTERNET", "android.permission.WRITE_EXTERNAL_STORAGE", "android.permission.CAMERA", "android.permission.READ_EXTERNAL_STORAGE"], "trackers_inside": ["Google CrashLytics", "AppsFlyer", "Flurry", "Google Analytics", "AppMetrica", "Google Ads", "Google Firebase Analytics", "Facebook Analytics"], "execution_time_app_analyzer": 57.93024659156799, "api_to_monitoring_all": 715, "type_analysis": "Droidbot", "max_actions": 20, "timeout": 10, "privacy_policy_page_detected": false, "privacy_policy_page_md5": "N.A", "timeout_privacy_policy_page": false, "home_button_change_privacy_policy_page": false, "back_button_change_privacy_policy_page": false, "actions_needed_to_reach_privacy_policy": 19, "api_invoked_during_dynamic_analysis": 0, "app_is_compliant_with_google_play_store": false, "app_analyzed": true, "num_tentative": 2, "privacy_policy_page_detected_google_play": true}