{"md5": "1799b0554f8d176b557ce04aae8f6fea", "permission_requested": ["android.permission.ACCESS_NETWORK_STATE", "com.android.vending.BILLING", "android.permission.ACCESS_WIFI_STATE", "android.permission.INTERNET"], "trackers_inside": ["Facebook Ads", "Inmobi", "Unity3d Ads", "AdColony", "Twitter MoPub", "Google Ads", "Google DoubleClick", "Flurry", "Amazon Advertisement"], "execution_time_app_analyzer": 27.806522607803345, "api_to_monitoring_all": 1000, "type_analysis": "Droidbot", "max_actions": 20, "timeout": 10, "privacy_policy_page_detected": false, "privacy_policy_page_md5": "N.A", "timeout_privacy_policy_page": false, "home_button_change_privacy_policy_page": false, "back_button_change_privacy_policy_page": false, "actions_needed_to_reach_privacy_policy": 19, "api_invoked_during_dynamic_analysis": 0, "app_is_compliant_with_google_play_store": false, "app_analyzed": true, "num_tentative": 2, "privacy_policy_page_detected_google_play": true}