{"md5": "1921f9f2eaa7e66bf80ef6ffafd96d36", "permission_requested": ["android.permission.ACCESS_NETWORK_STATE", "com.android.vending.BILLING", "com.google.android.c2dm.permission.RECEIVE", "android.permission.VIBRATE", "android.permission.CAMERA", "android.permission.WRITE_EXTERNAL_STORAGE", "android.permission.WAKE_LOCK", "android.permission.READ_EXTERNAL_STORAGE", "com.google.android.finsky.permission.BIND_GET_INSTALL_REFERRER_SERVICE", "android.permission.INTERNET"], "trackers_inside": ["Unity3d Ads", "Google Ads", "Google DoubleClick", "Google Analytics", "Google Firebase Analytics"], "execution_time_app_analyzer": 66.28145861625671, "api_to_monitoring_all": 435, "app_analyzed": false, "privacy_policy_page_detected_google_play": true}