{"md5": "196231dfec42ccccb885088caeca03ae", "permission_requested": ["com.google.android.finsky.permission.BIND_GET_INSTALL_REFERRER_SERVICE", "com.google.android.c2dm.permission.RECEIVE", "android.permission.ACCESS_WIFI_STATE", "android.permission.ACCESS_FINE_LOCATION", "android.permission.INTERNET", "android.permission.ACCESS_NETWORK_STATE", "android.permission.ACCESS_COARSE_LOCATION", "android.permission.WAKE_LOCK"], "trackers_inside": ["Google Firebase Analytics", "Google Ads", "Twitter MoPub", "Google DoubleClick", "Google CrashLytics", "Moat", "Integral Ad Science", "Facebook Ads", "Google Analytics"], "execution_time_app_analyzer": 70.5671124458313, "api_to_monitoring_all": 629, "type_analysis": "Droidbot", "max_actions": 20, "timeout": 10, "privacy_policy_page_detected": false, "privacy_policy_page_md5": "N.A", "timeout_privacy_policy_page": false, "home_button_change_privacy_policy_page": false, "back_button_change_privacy_policy_page": false, "actions_needed_to_reach_privacy_policy": 19, "api_invoked_during_dynamic_analysis": 0, "app_is_compliant_with_google_play_store": false, "app_analyzed": true, "num_tentative": 2, "privacy_policy_page_detected_google_play": true}