{"md5": "19ecbcfa3e990024fb1e068756f16c61", "permission_requested": ["android.permission.READ_EXTERNAL_STORAGE", "android.permission.ACCESS_COARSE_LOCATION", "android.permission.INTERNET", "android.permission.ACCESS_FINE_LOCATION", "android.permission.SET_WALLPAPER_HINTS", "android.permission.WAKE_LOCK", "android.permission.ACCESS_NETWORK_STATE", "android.permission.SET_WALLPAPER", "android.permission.RECEIVE_BOOT_COMPLETED", "android.permission.WRITE_EXTERNAL_STORAGE"], "trackers_inside": ["Facebook Ads", "Google Firebase Analytics", "Branch", "Google Ads", "Google DoubleClick", "Facebook Analytics"], "execution_time_app_analyzer": 14.336787700653076, "api_to_monitoring_all": 547, "app_analyzed": false, "privacy_policy_page_detected_google_play": true}