{"md5": "1a7eb110d2ca1ef633a16fba65012c3e", "permission_requested": ["com.anddoes.launcher.permission.UPDATE_COUNT", "android.permission.GET_ACCOUNTS", "com.oppo.launcher.permission.READ_SETTINGS", "android.permission.ACCESS_FINE_LOCATION", "android.permission.WRITE_CONTACTS", "android.permission.USE_CREDENTIALS", "com.oppo.launcher.permission.WRITE_SETTINGS", "com.sonymobile.home.permission.PROVIDER_INSERT_BADGE", "android.permission.ACCESS_NETWORK_STATE", "com.sec.android.provider.badge.BadgeProvider", "android.permission.CAMERA", "com.android.vending.BILLING", "android.permission.INTERNET", "com.huawei.android.launcher.permission.CHANGE_BADGE", "android.permission.READ_EXTERNAL_STORAGE", "me.everything.badger.permission.BADGE_COUNT_WRITE", "android.permission.MANAGE_ACCOUNTS", "com.sec.android.provider.badge.permission.WRITE", "me.everything.badger.permission.BADGE_COUNT_READ", "android.permission.CHANGE_WIFI_STATE", "com.sonyericsson.home.permission.BROADCAST_BADGE", "android.permission.READ_CONTACTS", "com.htc.launcher.permission.UPDATE_SHORTCUT", "android.permission.ACCESS_LOCATION_EXTRA_COMMANDS", "com.google.android.providers.gsf.permission.READ_GSERVICES", "android.permission.WRITE_EXTERNAL_STORAGE", "android.permission.ACCESS_WIFI_STATE", "com.huawei.android.launcher.permission.WRITE_SETTINGS", "com.google.android.c2dm.permission.RECEIVE", "android.permission.ACCESS_COARSE_LOCATION", "android.permission.RECEIVE_BOOT_COMPLETED", "com.htc.launcher.permission.READ_SETTINGS", "com.somestudio.lichvietnam.permission.C2D_MESSAGE", "com.majeur.launcher.permission.UPDATE_BADGE", "com.huawei.android.launcher.permission.READ_SETTINGS", "android.permission.READ_APP_BADGE", "android.permission.WAKE_LOCK", "com.sec.android.provider.badge.permission.READ"], "trackers_inside": ["Facebook Analytics", "Mobvista", "ironSource", "Moat", "Integral Ad Science", "Branch", "Facebook Ads", "Unity3d Ads", "Twitter MoPub", "Vungle", "Google DoubleClick", "Google Firebase Analytics", "Google Ads", "Google Analytics", "Google CrashLytics"], "execution_time_app_analyzer": 138.02101516723633, "api_to_monitoring_all": 1706, "type_analysis": "Droidbot", "max_actions": 20, "timeout": 10, "privacy_policy_page_detected": false, "privacy_policy_page_md5": "N.A", "timeout_privacy_policy_page": false, "home_button_change_privacy_policy_page": false, "back_button_change_privacy_policy_page": false, "actions_needed_to_reach_privacy_policy": 19, "api_invoked_during_dynamic_analysis": 0, "app_is_compliant_with_google_play_store": false, "app_analyzed": true, "num_tentative": 2, "privacy_policy_page_detected_google_play": true}