{"md5": "1b6625d7cd0cae50983a93fa90ce3d25", "permission_requested": ["android.permission.INTERNET", "com.google.android.c2dm.permission.RECEIVE", "com.android.alarm.permission.SET_ALARM", "android.permission.ACCESS_NETWORK_STATE", "com.android.vending.BILLING", "com.google.android.finsky.permission.BIND_GET_INSTALL_REFERRER_SERVICE", "android.permission.WAKE_LOCK"], "trackers_inside": ["AdColony", "Facebook Ads", "Flurry", "Unity3d Ads", "Amazon Advertisement", "Google Ads", "AppLovin", "Moat", "Google DoubleClick", "ironSource", "Google Firebase Analytics", "Facebook Analytics", "Tapjoy", "Vungle"], "execution_time_app_analyzer": 43.35810446739197, "api_to_monitoring_all": 2324, "type_analysis": "Droidbot", "max_actions": 20, "timeout": 10, "privacy_policy_page_detected": false, "privacy_policy_page_md5": "N.A", "timeout_privacy_policy_page": false, "home_button_change_privacy_policy_page": false, "back_button_change_privacy_policy_page": false, "actions_needed_to_reach_privacy_policy": 19, "api_invoked_during_dynamic_analysis": 0, "app_is_compliant_with_google_play_store": false, "app_analyzed": true, "num_tentative": 1, "privacy_policy_page_detected_google_play": true}