{"md5": "1b998cc986f6a2d49aa968b976442bbe", "permission_requested": ["android.permission.READ_EXTERNAL_STORAGE", "android.permission.VIBRATE", "android.permission.WRITE_EXTERNAL_STORAGE", "android.permission.INTERNET", "android.permission.ACCESS_NETWORK_STATE", "com.android.vending.BILLING"], "trackers_inside": ["Integral Ad Science", "Unity3d Ads", "Google Ads", "AdColony", "Google DoubleClick"], "execution_time_app_analyzer": 19.386611461639404, "api_to_monitoring_all": 505, "type_analysis": "Droidbot", "max_actions": 20, "timeout": 10, "privacy_policy_page_detected": false, "privacy_policy_page_md5": "N.A", "timeout_privacy_policy_page": false, "home_button_change_privacy_policy_page": false, "back_button_change_privacy_policy_page": false, "actions_needed_to_reach_privacy_policy": 19, "api_invoked_during_dynamic_analysis": 8540, "app_is_compliant_with_google_play_store": false, "app_analyzed": true, "num_tentative": 1, "different_api_invoked": 141, "privacy_policy_page_detected_google_play": true}