{"md5": "1e9587f229e7b816820313702650ae68", "permission_requested": ["com.oppo.launcher.permission.READ_SETTINGS", "android.permission.READ_EXTERNAL_STORAGE", "com.oppo.launcher.permission.WRITE_SETTINGS", "com.google.android.finsky.permission.BIND_GET_INSTALL_REFERRER_SERVICE", "android.permission.FOREGROUND_SERVICE", "android.permission.WAKE_LOCK", "com.google.android.c2dm.permission.RECEIVE", "com.ciceksepeti.ciceksepeti.permission.C2D_MESSAGE", "android.permission.CALL_PHONE", "me.everything.badger.permission.BADGE_COUNT_READ", "android.permission.RECEIVE_BOOT_COMPLETED", "android.permission.READ_APP_BADGE", "android.permission.VIBRATE", "android.permission.WRITE_EXTERNAL_STORAGE", "com.google.android.providers.gsf.permission.READ_GSERVICES", "android.permission.SYSTEM_ALERT_WINDOW", "android.permission.INTERNET", "me.everything.badger.permission.BADGE_COUNT_WRITE", "android.permission.CAMERA", "android.permission.READ_CONTACTS", "android.permission.ACCESS_NETWORK_STATE", "android.permission.RECORD_AUDIO"], "trackers_inside": ["Branch", "Adjust", "Google CrashLytics", "Google Analytics", "Google Ads", "Google Firebase Analytics"], "execution_time_app_analyzer": 48.96624279022217, "api_to_monitoring_all": 283, "type_analysis": "Droidbot", "max_actions": 20, "timeout": 10, "privacy_policy_page_detected": false, "privacy_policy_page_md5": "N.A", "timeout_privacy_policy_page": false, "home_button_change_privacy_policy_page": false, "back_button_change_privacy_policy_page": false, "actions_needed_to_reach_privacy_policy": 19, "api_invoked_during_dynamic_analysis": 216, "app_is_compliant_with_google_play_store": false, "app_analyzed": true, "num_tentative": 1, "different_api_invoked": 13, "privacy_policy_page_detected_google_play": true}