{"md5": "1eecf6fa7f24441fae5f6a711dfdcb5f", "permission_requested": ["android.permission.ACCESS_NETWORK_STATE", "android.permission.READ_EXTERNAL_STORAGE", "com.android.vending.BILLING", "android.permission.FOREGROUND_SERVICE", "android.permission.WAKE_LOCK", "android.permission.INTERNET", "com.google.android.c2dm.permission.RECEIVE", "com.google.android.finsky.permission.BIND_GET_INSTALL_REFERRER_SERVICE", "android.permission.WRITE_EXTERNAL_STORAGE"], "trackers_inside": ["Google Firebase Analytics", "Google CrashLytics", "Google Ads", "Google DoubleClick"], "execution_time_app_analyzer": 36.834529399871826, "api_to_monitoring_all": 231, "type_analysis": "Droidbot", "max_actions": 20, "timeout": 10, "privacy_policy_page_detected": false, "privacy_policy_page_md5": "N.A", "timeout_privacy_policy_page": false, "home_button_change_privacy_policy_page": false, "back_button_change_privacy_policy_page": false, "actions_needed_to_reach_privacy_policy": 19, "api_invoked_during_dynamic_analysis": 54781, "app_is_compliant_with_google_play_store": false, "app_analyzed": true, "num_tentative": 1, "different_api_invoked": 25, "privacy_policy_page_detected_google_play": true}