{"md5": "1ef933dd8470d426eaa23bc19af12c93", "permission_requested": ["android.permission.ACCESS_WIFI_STATE", "android.permission.WAKE_LOCK", "android.permission.ACCESS_NETWORK_STATE", "com.google.android.finsky.permission.BIND_GET_INSTALL_REFERRER_SERVICE", "com.google.android.c2dm.permission.RECEIVE", "android.permission.INTERNET", "android.permission.WRITE_EXTERNAL_STORAGE", "com.android.alarm.permission.SET_ALARM"], "trackers_inside": ["Twitter MoPub", "Facebook Ads", "Inmobi", "Unity3d Ads", "AppLovin", "Google CrashLytics", "Integral Ad Science", "Amazon Advertisement", "Flurry", "Yandex Ad", "Tapjoy", "Google DoubleClick", "Vungle", "AdColony", "AppMetrica", "Google Ads", "Moat", "Google Firebase Analytics", "ironSource"], "execution_time_app_analyzer": 104.07932496070862, "api_to_monitoring_all": 2631, "type_analysis": "Droidbot", "max_actions": 20, "timeout": 10, "privacy_policy_page_detected": false, "privacy_policy_page_md5": "N.A", "timeout_privacy_policy_page": false, "home_button_change_privacy_policy_page": false, "back_button_change_privacy_policy_page": false, "actions_needed_to_reach_privacy_policy": 19, "api_invoked_during_dynamic_analysis": 18920, "app_is_compliant_with_google_play_store": false, "app_analyzed": true, "num_tentative": 1, "different_api_invoked": 52, "privacy_policy_page_detected_google_play": true}