{"md5": "1f8e1029250c6bdac973c61ee0f7dc0d", "permission_requested": ["android.permission.WRITE_EXTERNAL_STORAGE", "android.permission.USE_CREDENTIALS", "android.permission.INTERNET", "android.permission.ACCESS_WIFI_STATE", "android.permission.VIBRATE", "com.android.vending.BILLING", "com.android.launcher.permission.INSTALL_SHORTCUT", "android.permission.WAKE_LOCK", "android.permission.RECORD_AUDIO", "android.permission.ACCESS_NETWORK_STATE", "android.permission.WRITE_SETTINGS", "android.permission.BLUETOOTH", "android.permission.MODIFY_AUDIO_SETTINGS", "android.permission.CAMERA", "com.google.android.providers.gsf.permission.READ_GSERVICES"], "trackers_inside": ["Google Ads", "Google DoubleClick", "Facebook Ads"], "execution_time_app_analyzer": 23.76060152053833, "api_to_monitoring_all": 469, "type_analysis": "Droidbot", "max_actions": 20, "timeout": 10, "privacy_policy_page_detected": false, "privacy_policy_page_md5": "N.A", "timeout_privacy_policy_page": false, "home_button_change_privacy_policy_page": false, "back_button_change_privacy_policy_page": false, "actions_needed_to_reach_privacy_policy": 15, "api_invoked_during_dynamic_analysis": 23475, "app_is_compliant_with_google_play_store": false, "app_analyzed": true, "num_tentative": 1, "different_api_invoked": 28, "privacy_policy_page_detected_google_play": true}