{"md5": "2056e704016c1cbf70d1b3b78818f690", "permission_requested": ["android.permission.RECEIVE_BOOT_COMPLETED", "android.permission.WRITE_EXTERNAL_STORAGE", "android.permission.READ_EXTERNAL_STORAGE", "com.google.android.finsky.permission.BIND_GET_INSTALL_REFERRER_SERVICE", "android.permission.ACCESS_WIFI_STATE", "android.permission.USE_FINGERPRINT", "android.permission.CHANGE_NETWORK_STATE", "android.permission.ACCESS_FINE_LOCATION", "android.permission.CHANGE_WIFI_STATE", "android.permission.READ_CALENDAR", "com.google.android.c2dm.permission.RECEIVE", "com.android.launcher.permission.INSTALL_SHORTCUT", "android.permission.ACCESS_NETWORK_STATE", "android.permission.ACCESS_COARSE_LOCATION", "android.permission.CAMERA", "android.permission.WAKE_LOCK", "android.permission.VIBRATE", "android.permission.USE_BIOMETRIC", "android.permission.INTERNET", "com.google.android.providers.gsf.permission.READ_GSERVICES"], "trackers_inside": ["Google Ads", "Google Firebase Analytics", "Google CrashLytics"], "execution_time_app_analyzer": 166.4285488128662, "api_to_monitoring_all": 229, "app_analyzed": false, "privacy_policy_page_detected_google_play": true}