{"md5": "20f857d7589e8310a7d4e7bc55718df8", "permission_requested": ["android.permission.ACCESS_NETWORK_STATE", "android.permission.WAKE_LOCK", "com.android.vending.BILLING", "android.permission.FOREGROUND_SERVICE", "android.permission.INTERNET", "android.permission.RECEIVE_BOOT_COMPLETED"], "trackers_inside": ["Google Ads"], "execution_time_app_analyzer": 17.902678728103638, "api_to_monitoring_all": 117, "type_analysis": "Droidbot", "max_actions": 20, "timeout": 10, "privacy_policy_page_detected": false, "privacy_policy_page_md5": "N.A", "timeout_privacy_policy_page": false, "home_button_change_privacy_policy_page": false, "back_button_change_privacy_policy_page": false, "actions_needed_to_reach_privacy_policy": 19, "api_invoked_during_dynamic_analysis": 53, "app_is_compliant_with_google_play_store": false, "app_analyzed": true, "num_tentative": 1, "different_api_invoked": 4, "privacy_policy_page_detected_google_play": true}