{"md5": "21ca1b6f1eb9e90ebe69bf6c2797d4a2", "permission_requested": ["android.permission.READ_SYNC_SETTINGS", "android.permission.USE_CREDENTIALS", "android.permission.ACCESS_NETWORK_STATE", "android.permission.ACCESS_FINE_LOCATION", "com.android.vending.BILLING", "com.google.android.finsky.permission.BIND_GET_INSTALL_REFERRER_SERVICE", "com.google.android.c2dm.permission.RECEIVE", "android.permission.READ_PHONE_STATE", "android.permission.VIBRATE", "com.google.android.providers.gsf.permission.READ_GSERVICES", "android.permission.WRITE_SYNC_SETTINGS", "com.cleevio.spendee.permission.C2D_MESSAGE", "android.permission.WAKE_LOCK", "android.permission.READ_SYNC_STATS", "android.permission.WRITE_EXTERNAL_STORAGE", "android.permission.AUTHENTICATE_ACCOUNTS", "android.permission.READ_CONTACTS", "android.permission.INTERNET", "android.permission.MANAGE_ACCOUNTS", "android.permission.READ_EXTERNAL_STORAGE", "android.permission.USE_BIOMETRIC", "android.permission.GET_ACCOUNTS", "android.permission.USE_FINGERPRINT", "com.cleevio.spendee.batch.permission.INTERNAL_BROADCAST"], "trackers_inside": ["Google CrashLytics", "Google Analytics", "Google DoubleClick", "Google Ads", "Google Firebase Analytics", "Facebook Analytics"], "execution_time_app_analyzer": 79.67818403244019, "api_to_monitoring_all": 355, "type_analysis": "Droidbot", "max_actions": 20, "timeout": 10, "privacy_policy_page_detected": false, "privacy_policy_page_md5": "N.A", "timeout_privacy_policy_page": false, "home_button_change_privacy_policy_page": false, "back_button_change_privacy_policy_page": false, "actions_needed_to_reach_privacy_policy": 19, "api_invoked_during_dynamic_analysis": 0, "app_is_compliant_with_google_play_store": false, "app_analyzed": true, "num_tentative": 1, "privacy_policy_page_detected_google_play": true}