{"md5": "22e499b82008ddfcca85e9fe4081b8ca", "permission_requested": ["android.permission.READ_EXTERNAL_STORAGE", "android.permission.ACCESS_WIFI_STATE", "com.jabong.android.permission.A4S_SEND", "com.sec.android.provider.badge.permission.READ", "android.permission.WAKE_LOCK", "android.permission.ACCESS_COARSE_LOCATION", "com.anddoes.launcher.permission.UPDATE_COUNT", "android.permission.ACCESS_FINE_LOCATION", "android.permission.CHANGE_WIFI_STATE", "android.permission.VIBRATE", "com.htc.launcher.permission.UPDATE_SHORTCUT", "android.permission.GET_ACCOUNTS", "com.sec.android.provider.badge.permission.WRITE", "android.permission.INTERNET", "com.majeur.launcher.permission.UPDATE_BADGE", "com.sonyericsson.home.permission.BROADCAST_BADGE", "android.permission.USE_CREDENTIALS", "android.permission.CAMERA", "com.htc.launcher.permission.READ_SETTINGS", "com.google.android.finsky.permission.BIND_GET_INSTALL_REFERRER_SERVICE", "android.permission.ACCESS_NETWORK_STATE", "com.google.android.c2dm.permission.RECEIVE", "android.permission.READ_CONTACTS", "android.permission.RECORD_AUDIO", "android.permission.RECEIVE_BOOT_COMPLETED", "com.google.android.providers.gsf.permission.READ_GSERVICES", "android.permission.READ_PHONE_STATE", "android.permission.WRITE_EXTERNAL_STORAGE"], "trackers_inside": ["Google CrashLytics", "Google Firebase Analytics", "Google Ads", "Facebook Analytics", "Google Analytics"], "execution_time_app_analyzer": 51.769574880599976, "api_to_monitoring_all": 333, "type_analysis": "Droidbot", "max_actions": 20, "timeout": 10, "privacy_policy_page_detected": false, "privacy_policy_page_md5": "N.A", "timeout_privacy_policy_page": false, "home_button_change_privacy_policy_page": false, "back_button_change_privacy_policy_page": false, "actions_needed_to_reach_privacy_policy": 19, "api_invoked_during_dynamic_analysis": 0, "app_is_compliant_with_google_play_store": false, "app_analyzed": true, "num_tentative": 1, "privacy_policy_page_detected_google_play": "Error"}