{"md5": "26c2fa1db84ec7333b0ae8f48139e540", "permission_requested": ["android.permission.READ_EXTERNAL_STORAGE", "android.permission.PACKAGE_USAGE_STATS", "android.permission.INTERNET", "android.permission.WAKE_LOCK", "android.permission.RECEIVE_BOOT_COMPLETED", "android.permission.READ_LOGS", "android.permission.GET_TASKS", "android.permission.GET_ACCOUNTS", "com.samsung.android.providers.context.permission.WRITE_USE_APP_FEATURE_SURVEY", "android.permission.WRITE_EXTERNAL_STORAGE", "android.permission.READ_PHONE_STATE", "android.permission.SYSTEM_ALERT_WINDOW", "android.permission.ACCESS_NETWORK_STATE"], "trackers_inside": ["Google Analytics", "Google CrashLytics", "Google Ads"], "execution_time_app_analyzer": 13.48463225364685, "api_to_monitoring_all": 199, "type_analysis": "Droidbot", "max_actions": 20, "timeout": 10, "privacy_policy_page_detected": true, "privacy_policy_page_md5": "b4cfd80c2bac2c67945661ce081f8344", "timeout_privacy_policy_page": false, "home_button_change_privacy_policy_page": true, "back_button_change_privacy_policy_page": true, "actions_needed_to_reach_privacy_policy": 7, "api_invoked_during_dynamic_analysis": 25, "app_is_compliant_with_google_play_store": false, "app_analyzed": true, "num_tentative": 1, "different_api_invoked": 3, "privacy_policy_contain_explicit_acceptance": false, "privacy_policy_page_detected_google_play": true}