{"md5": "2718ae65a39f778e651e5d7e5b105124", "permission_requested": ["com.anddoes.launcher.permission.UPDATE_COUNT", "com.oppo.launcher.permission.READ_SETTINGS", "android.permission.WRITE_EXTERNAL_STORAGE", "com.huawei.android.launcher.permission.READ_SETTINGS", "android.permission.ACCESS_COARSE_LOCATION", "android.permission.GET_TASKS", "com.htc.launcher.permission.UPDATE_SHORTCUT", "android.permission.ACCESS_FINE_LOCATION", "com.htc.launcher.permission.READ_SETTINGS", "android.permission.INTERNET", "android.permission.READ_EXTERNAL_STORAGE", "com.sec.android.provider.badge.permission.READ", "com.oppo.launcher.permission.WRITE_SETTINGS", "com.majeur.launcher.permission.UPDATE_BADGE", "me.everything.badger.permission.BADGE_COUNT_WRITE", "com.google.android.finsky.permission.BIND_GET_INSTALL_REFERRER_SERVICE", "com.google.android.c2dm.permission.RECEIVE", "com.sonyericsson.home.permission.BROADCAST_BADGE", "com.huawei.android.launcher.permission.WRITE_SETTINGS", "me.everything.badger.permission.BADGE_COUNT_READ", "com.huawei.android.launcher.permission.CHANGE_BADGE", "com.android.vending.BILLING", "com.sonymobile.home.permission.PROVIDER_INSERT_BADGE", "com.sec.android.provider.badge.permission.WRITE", "android.permission.WAKE_LOCK", "android.permission.READ_APP_BADGE", "android.permission.VIBRATE", "android.permission.RECORD_AUDIO", "android.permission.ACCESS_NETWORK_STATE", "android.permission.CAMERA"], "trackers_inside": ["Google Firebase Analytics", "Google Ads", "Branch", "Google CrashLytics", "Facebook Analytics", "Google Analytics"], "execution_time_app_analyzer": 63.356340408325195, "api_to_monitoring_all": 352, "type_analysis": "Droidbot", "max_actions": 20, "timeout": 10, "privacy_policy_page_detected": true, "privacy_policy_page_md5": "a743544de783d4ec94aca5440a453c77", "timeout_privacy_policy_page": false, "home_button_change_privacy_policy_page": true, "back_button_change_privacy_policy_page": true, "actions_needed_to_reach_privacy_policy": 1, "api_invoked_during_dynamic_analysis": 133, "app_is_compliant_with_google_play_store": false, "app_analyzed": true, "num_tentative": 1, "different_api_invoked": 16, "privacy_policy_contain_explicit_acceptance": true, "privacy_policy_page_detected_google_play": true}