{"md5": "27c02c5ac4f947b69c430c2e64986bac", "permission_requested": ["android.permission.ACCESS_NETWORK_STATE", "android.permission.INTERNET", "com.android.vending.CHECK_LICENSE", "com.android.vending.BILLING"], "trackers_inside": ["Google DoubleClick", "Google Ads"], "execution_time_app_analyzer": 14.417119264602661, "api_to_monitoring_all": 166, "type_analysis": "Droidbot", "max_actions": 20, "timeout": 10, "privacy_policy_page_detected": false, "privacy_policy_page_md5": "N.A", "timeout_privacy_policy_page": false, "home_button_change_privacy_policy_page": false, "back_button_change_privacy_policy_page": false, "actions_needed_to_reach_privacy_policy": 19, "api_invoked_during_dynamic_analysis": 694, "app_is_compliant_with_google_play_store": false, "app_analyzed": true, "num_tentative": 1, "different_api_invoked": 6, "privacy_policy_page_detected_google_play": true}