{"md5": "2838d81695bbc15377903298c8999b7f", "permission_requested": ["android.permission.ACCESS_WIFI_STATE", "com.android.alarm.permission.SET_ALARM", "android.permission.ACCESS_NETWORK_STATE", "com.android.vending.BILLING", "android.permission.INTERNET"], "trackers_inside": ["AppLovin", "ironSource", "Integral Ad Science", "Tapjoy", "AdColony", "Moat", "Facebook Ads", "Unity3d Ads", "Vungle", "Google DoubleClick", "Google Ads"], "execution_time_app_analyzer": 41.50853085517883, "api_to_monitoring_all": 2048, "type_analysis": "Droidbot", "max_actions": 20, "timeout": 10, "privacy_policy_page_detected": false, "privacy_policy_page_md5": "N.A", "timeout_privacy_policy_page": false, "home_button_change_privacy_policy_page": false, "back_button_change_privacy_policy_page": false, "actions_needed_to_reach_privacy_policy": 19, "api_invoked_during_dynamic_analysis": 10490, "app_is_compliant_with_google_play_store": false, "app_analyzed": true, "num_tentative": 1, "different_api_invoked": 50, "privacy_policy_page_detected_google_play": true}