{"md5": "29792e157037399a84749520f73ebe12", "permission_requested": ["android.permission.INTERNET", "android.permission.ACCESS_NETWORK_STATE", "android.permission.REQUEST_INSTALL_PACKAGES", "mobi.usage.appbackup.permission.C2D_MESSAGE", "android.permission.WAKE_LOCK", "android.permission.READ_EXTERNAL_STORAGE", "com.google.android.c2dm.permission.RECEIVE", "android.permission.ACCESS_WIFI_STATE", "android.permission.REQUEST_DELETE_PACKAGES", "android.permission.WRITE_EXTERNAL_STORAGE"], "trackers_inside": ["Google Ads", "Google DoubleClick", "Google Firebase Analytics"], "execution_time_app_analyzer": 29.369040966033936, "api_to_monitoring_all": 236, "type_analysis": "Droidbot", "max_actions": 20, "timeout": 10, "privacy_policy_page_detected": false, "privacy_policy_page_md5": "N.A", "timeout_privacy_policy_page": false, "home_button_change_privacy_policy_page": false, "back_button_change_privacy_policy_page": false, "actions_needed_to_reach_privacy_policy": 19, "api_invoked_during_dynamic_analysis": 101, "app_is_compliant_with_google_play_store": false, "app_analyzed": true, "num_tentative": 1, "different_api_invoked": 7, "privacy_policy_page_detected_google_play": true}