{"md5": "2979831f560331e01c29e6e2c9169a21", "permission_requested": ["android.permission.ACCESS_NETWORK_STATE", "android.permission.USE_CREDENTIALS", "android.permission.MANAGE_ACCOUNTS", "android.permission.WAKE_LOCK", "com.google.android.c2dm.permission.RECEIVE", "com.google.android.providers.gsf.permission.READ_GSERVICES", "android.permission.GET_ACCOUNTS", "android.permission.INTERNET", "android.permission.VIBRATE", "android.permission.WRITE_EXTERNAL_STORAGE", "com.google.android.apps.classroom.permission.C2D_MESSAGE", "android.permission.GET_PACKAGE_SIZE", "android.permission.FOREGROUND_SERVICE"], "trackers_inside": [], "execution_time_app_analyzer": 31.834357023239136, "api_to_monitoring_all": 40, "type_analysis": "Droidbot", "max_actions": 20, "timeout": 10, "privacy_policy_page_detected": false, "privacy_policy_page_md5": "N.A", "timeout_privacy_policy_page": false, "home_button_change_privacy_policy_page": false, "back_button_change_privacy_policy_page": false, "actions_needed_to_reach_privacy_policy": 16, "api_invoked_during_dynamic_analysis": 26, "app_is_compliant_with_google_play_store": false, "app_analyzed": true, "num_tentative": 1, "different_api_invoked": 6, "privacy_policy_page_detected_google_play": true}