{"md5": "29ec70375164fc569ca9039e262caf79", "permission_requested": ["android.permission.READ_EXTERNAL_STORAGE", "android.permission.INTERNET", "com.android.vending.BILLING", "android.permission.ACCESS_NETWORK_STATE", "android.permission.WRITE_EXTERNAL_STORAGE"], "trackers_inside": ["Integral Ad Science", "Unity3d Ads", "AdColony", "Google Ads", "Google DoubleClick", "Vungle", "Moat", "ironSource", "AppLovin", "Flurry"], "execution_time_app_analyzer": 31.987900257110596, "api_to_monitoring_all": 1777, "type_analysis": "Droidbot", "max_actions": 20, "timeout": 10, "privacy_policy_page_detected": false, "privacy_policy_page_md5": "N.A", "timeout_privacy_policy_page": false, "home_button_change_privacy_policy_page": false, "back_button_change_privacy_policy_page": false, "actions_needed_to_reach_privacy_policy": 19, "api_invoked_during_dynamic_analysis": 3336, "app_is_compliant_with_google_play_store": false, "app_analyzed": true, "num_tentative": 1, "different_api_invoked": 206, "privacy_policy_page_detected_google_play": true}