{"md5": "2a0f07fc0c00ed69894acc423f31e85d", "permission_requested": ["android.permission.ACCESS_NETWORK_STATE", "android.permission.SYSTEM_ALERT_WINDOW", "android.permission.DISABLE_KEYGUARD", "android.permission.WRITE_SETTINGS", "android.permission.WAKE_LOCK", "android.permission.READ_PHONE_STATE", "android.permission.INTERNET", "android.permission.MANAGE_DOCUMENTS", "android.permission.RECEIVE_BOOT_COMPLETED", "android.permission.VIBRATE", "android.permission.WRITE_EXTERNAL_STORAGE", "android.permission.ACCESS_WIFI_STATE", "android.permission.GET_TASKS"], "trackers_inside": ["Google Ads", "Google Analytics", "Google DoubleClick"], "execution_time_app_analyzer": 11.95164704322815, "api_to_monitoring_all": 242, "type_analysis": "Droidbot", "max_actions": 20, "timeout": 10, "privacy_policy_page_detected": false, "privacy_policy_page_md5": "N.A", "timeout_privacy_policy_page": false, "home_button_change_privacy_policy_page": false, "back_button_change_privacy_policy_page": false, "actions_needed_to_reach_privacy_policy": 19, "api_invoked_during_dynamic_analysis": 73641, "app_is_compliant_with_google_play_store": false, "app_analyzed": true, "num_tentative": 1, "different_api_invoked": 11, "privacy_policy_page_detected_google_play": true}