{"md5": "2a48183db2e3b1409d19a6544c028266", "permission_requested": ["android.permission.READ_PHONE_STATE", "android.permission.GET_ACCOUNTS", "android.permission.AUTHENTICATE_ACCOUNTS", "android.permission.ACCESS_ALL_DOWNLOADS", "android.permission.READ_CONTACTS", "android.permission.FLASHLIGHT", "com.android.launcher3.permission.READ_SETTINGS", "com.google.android.c2dm.permission.RECEIVE", "android.permission.CHANGE_WIFI_STATE", "android.permission.MANAGE_ACCOUNTS", "android.permission.VIBRATE", "android.permission.PACKAGE_USAGE_STATS", "com.android.vending.BILLING", "android.permission.CALL_PHONE", "android.permission.ACCESS_DOWNLOAD_MANAGER", "com.google.android.gms.permission.ACTIVITY_RECOGNITION", "android.permission.WAKE_LOCK", "com.android.launcher.permission.UNINSTALL_SHORTCUT", "android.permission.CAMERA", "android.permission.EXPAND_STATUS_BAR", "android.permission.SYSTEM_ALERT_WINDOW", "android.permission.ACCESS_COARSE_LOCATION", "android.permission.WRITE_SETTINGS", "android.permission.BROADCAST_STICKY", "com.android.launcher3.permission.WRITE_SETTINGS", "android.permission.ACCESS_FINE_LOCATION", "com.android.launcher.permission.INSTALL_SHORTCUT", "android.permission.GET_TASKS", "android.permission.USE_FINGERPRINT", "com.android.launcher.permission.READ_SETTINGS", "com.jb.security.permission.SERVICE", "android.permission.BATTERY_STATS", "android.permission.MOUNT_UNMOUNT_FILESYSTEMS", "android.permission.WRITE_EXTERNAL_STORAGE", "android.permission.GET_PACKAGE_SIZE", "android.permission.READ_LOGS", "android.permission.INTERNET", "android.permission.USE_CREDENTIALS", "android.permission.ACCESS_DOWNLOAD_MANAGER_ADVANCED", "android.permission.ACCESS_NETWORK_STATE", "android.permission.BIND_ACCESSIBILITY_SERVICE", "android.permission.RECEIVE_BOOT_COMPLETED", "com.android.launcher.permission.WRITE_SETTINGS", "com.jb.security.permission.C2D_MESSAGE", "com.android.browser.permission.WRITE_HISTORY_BOOKMARKS", "android.permission.READ_EXTERNAL_STORAGE", "android.permission.KILL_BACKGROUND_PROCESSES", "android.permission.CHANGE_NETWORK_STATE", "android.permission.ACCESS_WIFI_STATE", "com.android.browser.permission.READ_HISTORY_BOOKMARKS", "android.permission.WRITE_INTERNAL_STORAGE", "android.permission.CLEAR_APP_CACHE"], "trackers_inside": ["AppLovin", "Google Analytics", "AdColony", "Amazon Advertisement", "Moat", "Flurry", "Integral Ad Science", "Unity3d Ads", "Google CrashLytics", "AppsFlyer", "Inmobi", "Facebook Ads", "Twitter MoPub", "Google Firebase Analytics", "Google Ads", "Vungle", "Google DoubleClick"], "execution_time_app_analyzer": 57.941718339920044, "api_to_monitoring_all": 1965, "type_analysis": "Droidbot", "max_actions": 20, "timeout": 10, "privacy_policy_page_detected": false, "privacy_policy_page_md5": "N.A", "timeout_privacy_policy_page": false, "home_button_change_privacy_policy_page": false, "back_button_change_privacy_policy_page": false, "actions_needed_to_reach_privacy_policy": 19, "api_invoked_during_dynamic_analysis": 84842, "app_is_compliant_with_google_play_store": false, "app_analyzed": true, "num_tentative": 1, "different_api_invoked": 28, "privacy_policy_page_detected_google_play": true}