{"md5": "2abebb567e668d80f5bc36a4a87bd3da", "permission_requested": ["android.permission.WRITE_EXTERNAL_STORAGE", "android.permission.BIND_ACCESSIBILITY_SERVICE", "android.permission.VIBRATE", "android.permission.SYSTEM_OVERLAY_WINDOW", "android.permission.USE_FINGERPRINT", "com.samsung.android.providers.context.permission.WRITE_USE_APP_FEATURE_SURVEY", "android.permission.FOREGROUND_SERVICE", "com.google.android.finsky.permission.BIND_GET_INSTALL_REFERRER_SERVICE", "com.fingerprints.service.ACCESS_FINGERPRINT_MANAGER", "android.permission.INTERNET", "android.permission.PACKAGE_USAGE_STATS", "android.permission.GET_TASKS", "android.permission.SYSTEM_ALERT_WINDOW", "com.android.vending.BILLING", "android.permission.RECEIVE_BOOT_COMPLETED", "android.permission.CAMERA", "android.permission.WAKE_LOCK", "android.permission.READ_EXTERNAL_STORAGE", "com.google.android.c2dm.permission.RECEIVE", "android.permission.ACCESS_NETWORK_STATE", "com.android.launcher.permission.INSTALL_SHORTCUT"], "trackers_inside": ["Google CrashLytics", "Google DoubleClick", "Google Ads", "Google Firebase Analytics", "Facebook Ads", "Flurry"], "execution_time_app_analyzer": 48.998313426971436, "api_to_monitoring_all": 478, "type_analysis": "Droidbot", "max_actions": 20, "timeout": 10, "privacy_policy_page_detected": false, "privacy_policy_page_md5": "N.A", "timeout_privacy_policy_page": false, "home_button_change_privacy_policy_page": false, "back_button_change_privacy_policy_page": false, "actions_needed_to_reach_privacy_policy": 19, "api_invoked_during_dynamic_analysis": 48615, "app_is_compliant_with_google_play_store": false, "app_analyzed": true, "num_tentative": 2, "different_api_invoked": 41, "privacy_policy_page_detected_google_play": true}