{"md5": "2ca040cf1b94ee56c004d95c781d098f", "permission_requested": ["com.toluna.webservice.permission.C2D_MESSAGE", "android.permission.WRITE_EXTERNAL_STORAGE", "android.permission.READ_EXTERNAL_STORAGE", "android.permission.INTERNET", "android.permission.RECEIVE_BOOT_COMPLETED", "com.toluna.permission.C2D_MESSAGE", "android.permission.ACCESS_WIFI_STATE", "com.google.android.c2dm.permission.RECEIVE", "android.permission.READ_PHONE_STATE", "android.permission.ACCESS_NETWORK_STATE", "android.permission.WAKE_LOCK", "android.permission.FOREGROUND_SERVICE", "com.google.android.finsky.permission.BIND_GET_INSTALL_REFERRER_SERVICE"], "trackers_inside": ["Google Analytics", "Google Ads", "Google Firebase Analytics", "Facebook Analytics"], "execution_time_app_analyzer": 40.36981272697449, "api_to_monitoring_all": 290, "type_analysis": "Droidbot", "max_actions": 20, "timeout": 10, "privacy_policy_page_detected": true, "privacy_policy_page_md5": "07bd883d563d1143efdd8f3114ae5706", "timeout_privacy_policy_page": false, "home_button_change_privacy_policy_page": true, "back_button_change_privacy_policy_page": true, "actions_needed_to_reach_privacy_policy": 4, "api_invoked_during_dynamic_analysis": 106, "app_is_compliant_with_google_play_store": false, "app_analyzed": true, "num_tentative": 1, "privacy_policy_contain_explicit_acceptance": true, "different_api_invoked": 25, "privacy_policy_page_detected_google_play": true}