{"md5": "2d936004552384e343c39ee707b2f413", "permission_requested": ["android.permission.ACCESS_FINE_LOCATION", "android.permission.READ_EXTERNAL_STORAGE", "android.permission.WRITE_EXTERNAL_STORAGE", "android.permission.INTERNET", "android.permission.ACCESS_NETWORK_STATE", "android.permission.WAKE_LOCK", "android.permission.FOREGROUND_SERVICE", "com.google.android.finsky.permission.BIND_GET_INSTALL_REFERRER_SERVICE", "android.permission.ACCESS_COARSE_LOCATION"], "trackers_inside": ["Google CrashLytics", "Google DoubleClick", "Twitter MoPub", "Moat", "Google Ads", "Google Firebase Analytics", "Facebook Ads", "Integral Ad Science"], "execution_time_app_analyzer": 63.25066041946411, "api_to_monitoring_all": 595, "type_analysis": "Droidbot", "max_actions": 20, "timeout": 10, "privacy_policy_page_detected": false, "privacy_policy_page_md5": "N.A", "timeout_privacy_policy_page": false, "home_button_change_privacy_policy_page": false, "back_button_change_privacy_policy_page": false, "actions_needed_to_reach_privacy_policy": 19, "api_invoked_during_dynamic_analysis": 94663, "app_is_compliant_with_google_play_store": false, "app_analyzed": true, "num_tentative": 1, "different_api_invoked": 65, "privacy_policy_page_detected_google_play": true}