{"md5": "2de6bc90bd1ed0ae202cde2a17d23b6b", "permission_requested": ["android.permission.SYSTEM_ALERT_WINDOW", "android.permission.RECEIVE_BOOT_COMPLETED", "android.permission.INTERNET", "com.google.android.c2dm.permission.RECEIVE", "android.permission.FOREGROUND_SERVICE", "android.permission.ACCESS_NETWORK_STATE", "android.permission.WRITE_EXTERNAL_STORAGE", "com.android.vending.BILLING", "android.permission.READ_EXTERNAL_STORAGE", "com.google.android.finsky.permission.BIND_GET_INSTALL_REFERRER_SERVICE", "android.permission.EXPAND_STATUS_BAR", "android.permission.WAKE_LOCK", "com.android.launcher.permission.INSTALL_SHORTCUT"], "trackers_inside": ["Google CrashLytics", "Google Analytics", "Facebook Ads", "Google Ads", "Google Firebase Analytics"], "execution_time_app_analyzer": 33.23594355583191, "api_to_monitoring_all": 375, "type_analysis": "Droidbot", "max_actions": 20, "timeout": 10, "privacy_policy_page_detected": false, "privacy_policy_page_md5": "N.A", "timeout_privacy_policy_page": false, "home_button_change_privacy_policy_page": false, "back_button_change_privacy_policy_page": false, "actions_needed_to_reach_privacy_policy": 19, "api_invoked_during_dynamic_analysis": 114693, "app_is_compliant_with_google_play_store": false, "app_analyzed": true, "num_tentative": 1, "different_api_invoked": 29, "privacy_policy_page_detected_google_play": true}