{"md5": "2e7c043ef7fa648a220a430d076c7f26", "permission_requested": ["android.permission.ACCESS_NETWORK_STATE", "android.permission.INTERNET", "android.permission.RECORD_AUDIO", "android.permission.VIBRATE", "com.google.android.c2dm.permission.RECEIVE", "android.permission.WRITE_EXTERNAL_STORAGE", "com.google.android.finsky.permission.BIND_GET_INSTALL_REFERRER_SERVICE", "android.permission.WAKE_LOCK", "android.permission.READ_EXTERNAL_STORAGE"], "trackers_inside": ["Google Ads", "Google DoubleClick", "Google Firebase Analytics"], "execution_time_app_analyzer": 34.883896827697754, "api_to_monitoring_all": 208, "type_analysis": "Droidbot", "max_actions": 20, "timeout": 10, "privacy_policy_page_detected": false, "privacy_policy_page_md5": "N.A", "timeout_privacy_policy_page": false, "home_button_change_privacy_policy_page": false, "back_button_change_privacy_policy_page": false, "actions_needed_to_reach_privacy_policy": 19, "api_invoked_during_dynamic_analysis": 58358, "app_is_compliant_with_google_play_store": false, "app_analyzed": true, "num_tentative": 1, "different_api_invoked": 18, "privacy_policy_page_detected_google_play": true}