{"md5": "2ebf09b6c956ace33ccb4cb19dda7427", "permission_requested": ["android.permission.READ_PHONE_STATE", "android.permission.GET_ACCOUNTS", "com.amazon.device.messaging.permission.RECEIVE", "com.htc.launcher.permission.READ_SETTINGS", "com.nokia.pushnotifications.permission.RECEIVE", "com.facebook.wakizashi.provider.ACCESS", "android.permission.READ_CONTACTS", "com.facebook.permission.prod.FB_APP_COMMUNICATION", "com.sec.android.provider.badge.permission.WRITE", "com.google.android.c2dm.permission.RECEIVE", "android.permission.CHANGE_WIFI_STATE", "android.permission.VIBRATE", "android.permission.CALL_PHONE", "android.permission.WAKE_LOCK", "android.permission.CAMERA", "android.permission.ACCESS_COARSE_LOCATION", "com.htc.launcher.permission.UPDATE_SHORTCUT", "android.permission.ACCESS_FINE_LOCATION", "com.android.launcher.permission.INSTALL_SHORTCUT", "com.facebook.pages.app.permission.RECEIVE_ADM_MESSAGE", "com.facebook.pages.app.permission.C2D_MESSAGE", "com.sec.android.provider.badge.permission.READ", "android.permission.REQUEST_INSTALL_PACKAGES", "com.facebook.katana.provider.ACCESS", "com.facebook.pages.app.permission.CROSS_PROCESS_BROADCAST_MANAGER", "android.permission.WRITE_EXTERNAL_STORAGE", "android.permission.INTERNET", "android.permission.ACCESS_NETWORK_STATE", "com.sonyericsson.home.permission.BROADCAST_BADGE", "android.permission.RECEIVE_BOOT_COMPLETED", "android.permission.DOWNLOAD_WITHOUT_NOTIFICATION", "com.facebook.receiver.permission.ACCESS", "android.permission.RECORD_AUDIO", "android.permission.READ_EXTERNAL_STORAGE", "android.permission.ACCESS_WIFI_STATE"], "trackers_inside": ["Google Ads", "Google Firebase Analytics"], "execution_time_app_analyzer": 349.02621126174927, "api_to_monitoring_all": 207, "app_analyzed": false, "privacy_policy_page_detected_google_play": true}