{"md5": "2f66fe5973a448daba1f8a38a9ef3441", "permission_requested": ["android.permission.NFC", "android.permission.INTERNET", "android.permission.WRITE_SETTINGS", "android.permission.ACCESS_FINE_LOCATION", "android.permission.VIBRATE", "android.permission.ACCESS_NETWORK_STATE", "android.permission.RECEIVE_BOOT_COMPLETED", "com.google.android.finsky.permission.BIND_GET_INSTALL_REFERRER_SERVICE", "android.permission.WAKE_LOCK", "android.permission.READ_EXTERNAL_STORAGE", "android.permission.CAMERA", "com.google.android.c2dm.permission.RECEIVE", "android.permission.ACCESS_WIFI_STATE", "android.permission.ACCESS_COARSE_LOCATION", "android.permission.WRITE_EXTERNAL_STORAGE"], "trackers_inside": ["AppsFlyer", "Google CrashLytics", "Facebook Analytics", "Google Firebase Analytics", "AppMetrica", "Google Ads"], "execution_time_app_analyzer": 95.08680248260498, "api_to_monitoring_all": 642, "type_analysis": "Droidbot", "max_actions": 20, "timeout": 10, "privacy_policy_page_detected": false, "privacy_policy_page_md5": "N.A", "timeout_privacy_policy_page": false, "home_button_change_privacy_policy_page": false, "back_button_change_privacy_policy_page": false, "actions_needed_to_reach_privacy_policy": 19, "api_invoked_during_dynamic_analysis": 0, "app_is_compliant_with_google_play_store": false, "app_analyzed": true, "num_tentative": 2, "privacy_policy_page_detected_google_play": true}