{"md5": "2fb4827a1a5e1a25e729b7ca2975c3c2", "permission_requested": ["android.permission.RECEIVE_BOOT_COMPLETED", "android.permission.INTERNET", "android.permission.ACCESS_FINE_LOCATION", "android.permission.FOREGROUND_SERVICE", "android.permission.ACCESS_COARSE_LOCATION", "android.permission.WAKE_LOCK", "android.permission.READ_EXTERNAL_STORAGE", "android.permission.ACCESS_NETWORK_STATE", "android.permission.WRITE_EXTERNAL_STORAGE", "com.android.vending.BILLING"], "trackers_inside": ["Google DoubleClick", "Google Ads"], "execution_time_app_analyzer": 29.441308736801147, "api_to_monitoring_all": 192, "type_analysis": "Droidbot", "max_actions": 20, "timeout": 10, "privacy_policy_page_detected": false, "privacy_policy_page_md5": "N.A", "timeout_privacy_policy_page": false, "home_button_change_privacy_policy_page": false, "back_button_change_privacy_policy_page": false, "actions_needed_to_reach_privacy_policy": 19, "api_invoked_during_dynamic_analysis": 32858, "app_is_compliant_with_google_play_store": false, "app_analyzed": true, "num_tentative": 1, "different_api_invoked": 11, "privacy_policy_page_detected_google_play": true}