{"md5": "3177dc12f3f235abce0aba4eee99d736", "permission_requested": ["android.permission.ACCESS_NETWORK_STATE", "android.permission.WRITE_EXTERNAL_STORAGE", "android.permission.GET_TASKS", "android.permission.INTERNET", "android.permission.VIBRATE", "com.android.vending.CHECK_LICENSE", "com.android.vending.BILLING", "android.permission.GET_ACCOUNTS", "android.permission.ACCESS_WIFI_STATE", "android.permission.RECEIVE_BOOT_COMPLETED"], "trackers_inside": ["AppLovin", "Google Ads", "Facebook Ads", "Vungle", "Twitter MoPub", "AdColony", "Tapjoy", "Unity3d Ads", "Google Analytics", "Google Firebase Analytics", "Inmobi", "ironSource"], "execution_time_app_analyzer": 18.605137586593628, "api_to_monitoring_all": 2078, "type_analysis": "Droidbot", "max_actions": 20, "timeout": 10, "privacy_policy_page_detected": false, "privacy_policy_page_md5": "N.A", "timeout_privacy_policy_page": false, "home_button_change_privacy_policy_page": false, "back_button_change_privacy_policy_page": false, "actions_needed_to_reach_privacy_policy": 19, "api_invoked_during_dynamic_analysis": 130, "app_is_compliant_with_google_play_store": false, "app_analyzed": true, "num_tentative": 1, "different_api_invoked": 13, "privacy_policy_page_detected_google_play": true}