{"md5": "31a218e84d7e792472d74f21b1f924f5", "permission_requested": ["android.permission.ACCESS_COARSE_LOCATION", "android.permission.INTERNET", "org.onepf.openiab.permission.BILLING", "android.permission.VIBRATE", "android.permission.ACCESS_NETWORK_STATE", "android.permission.WRITE_EXTERNAL_STORAGE", "com.android.vending.BILLING", "android.permission.READ_EXTERNAL_STORAGE", "android.permission.WAKE_LOCK"], "trackers_inside": ["Google Ads"], "execution_time_app_analyzer": 21.303491830825806, "api_to_monitoring_all": 136, "type_analysis": "Droidbot", "max_actions": 20, "timeout": 10, "privacy_policy_page_detected": false, "privacy_policy_page_md5": "N.A", "timeout_privacy_policy_page": false, "home_button_change_privacy_policy_page": false, "back_button_change_privacy_policy_page": false, "actions_needed_to_reach_privacy_policy": 19, "api_invoked_during_dynamic_analysis": 0, "app_is_compliant_with_google_play_store": false, "app_analyzed": true, "num_tentative": 1, "privacy_policy_page_detected_google_play": true}