{"md5": "32efdd93342349b0ba198ebc56b94b87", "permission_requested": ["android.permission.ACCESS_NETWORK_STATE", "android.permission.WRITE_EXTERNAL_STORAGE", "com.google.android.c2dm.permission.RECEIVE", "android.permission.SYSTEM_OVERLAY_WINDOW", "android.permission.READ_EXTERNAL_STORAGE", "android.permission.INTERNET", "android.permission.VIBRATE", "com.android.vending.BILLING", "android.permission.FOREGROUND_SERVICE", "android.permission.ACCESS_WIFI_STATE", "android.permission.WAKE_LOCK", "android.permission.USE_FINGERPRINT", "com.google.android.finsky.permission.BIND_GET_INSTALL_REFERRER_SERVICE", "android.permission.RECEIVE_BOOT_COMPLETED"], "trackers_inside": ["Google CrashLytics", "AppLovin", "Moat", "AppsFlyer", "Google Ads", "Facebook Ads", "Google DoubleClick", "Integral Ad Science", "Twitter MoPub", "Google Analytics", "Google Firebase Analytics", "Flurry"], "execution_time_app_analyzer": 93.7651698589325, "api_to_monitoring_all": 1395, "type_analysis": "Droidbot", "max_actions": 20, "timeout": 10, "privacy_policy_page_detected": true, "privacy_policy_page_md5": "08e31939f9ebd4c2b4101bf33bc6b05e", "timeout_privacy_policy_page": false, "home_button_change_privacy_policy_page": false, "back_button_change_privacy_policy_page": false, "actions_needed_to_reach_privacy_policy": 0, "api_invoked_during_dynamic_analysis": 17646, "app_is_compliant_with_google_play_store": false, "app_analyzed": true, "num_tentative": 1, "different_api_invoked": 39, "privacy_policy_contain_explicit_acceptance": true, "privacy_policy_page_detected_google_play": true}