{"md5": "32fc0f529d0ea440ab2629bddf514cfb", "permission_requested": ["android.permission.READ_EXTERNAL_STORAGE", "android.Licsion.ACCESS_media_Location", "android.permission.INTERNET", "com.google.android.finsky.permission.BIND_GET_INSTALL_REFERRER_SERVICE", "com.android.vending.BILLING", "com.google.android.c2dm.permission.RECEIVE", "android.permission.FOREGROUND_SERVICE", "android.permission.WAKE_LOCK", "android.permission.ACCESS_NETWORK_STATE", "android.permission.WRITE_EXTERNAL_STORAGE"], "trackers_inside": ["Google Ads", "Google CrashLytics", "Facebook Ads", "Google Firebase Analytics"], "execution_time_app_analyzer": 42.36219048500061, "api_to_monitoring_all": 362, "type_analysis": "Droidbot", "max_actions": 20, "timeout": 10, "privacy_policy_page_detected": false, "privacy_policy_page_md5": "N.A", "timeout_privacy_policy_page": false, "home_button_change_privacy_policy_page": false, "back_button_change_privacy_policy_page": false, "actions_needed_to_reach_privacy_policy": 19, "api_invoked_during_dynamic_analysis": 83734, "app_is_compliant_with_google_play_store": false, "app_analyzed": true, "num_tentative": 1, "different_api_invoked": 39, "privacy_policy_page_detected_google_play": true}