{"md5": "3321eef3e830335c31bed9c3df2216a2", "permission_requested": ["android.permission.INTERNET", "android.permission.ACCESS_WIFI_STATE", "android.permission.WAKE_LOCK", "android.permission.VIBRATE", "net.metaquotes.metatrader5.permission.INTENTS", "android.permission.GET_ACCOUNTS", "com.google.android.c2dm.permission.RECEIVE", "android.permission.READ_PHONE_STATE", "android.permission.WRITE_EXTERNAL_STORAGE", "com.google.android.finsky.permission.BIND_GET_INSTALL_REFERRER_SERVICE", "android.permission.ACCESS_NETWORK_STATE"], "trackers_inside": ["Google Firebase Analytics"], "execution_time_app_analyzer": 20.178180932998657, "api_to_monitoring_all": 102, "type_analysis": "Droidbot", "max_actions": 20, "timeout": 10, "privacy_policy_page_detected": false, "privacy_policy_page_md5": "N.A", "timeout_privacy_policy_page": false, "home_button_change_privacy_policy_page": false, "back_button_change_privacy_policy_page": false, "actions_needed_to_reach_privacy_policy": 19, "api_invoked_during_dynamic_analysis": 24, "app_is_compliant_with_google_play_store": false, "app_analyzed": true, "num_tentative": 1, "different_api_invoked": 3, "privacy_policy_page_detected_google_play": true}