{"md5": "350a0f19cb898e9d4d4a300422e23855", "permission_requested": ["android.permission.INTERNET", "android.permission.ACCESS_WIFI_STATE", "android.permission.RECORD_AUDIO", "android.permission.WAKE_LOCK", "android.permission.VIBRATE", "android.permission.FOREGROUND_SERVICE", "android.permission.MODIFY_AUDIO_SETTINGS", "com.google.android.c2dm.permission.RECEIVE", "com.google.android.finsky.permission.BIND_GET_INSTALL_REFERRER_SERVICE", "android.permission.ACCESS_NETWORK_STATE"], "trackers_inside": ["Google DoubleClick", "Google Firebase Analytics", "Google Ads"], "execution_time_app_analyzer": 32.16936659812927, "api_to_monitoring_all": 233, "type_analysis": "Droidbot", "max_actions": 20, "timeout": 10, "privacy_policy_page_detected": true, "privacy_policy_page_md5": "384b40a1bdfe6f308f81043b6b7729d2", "timeout_privacy_policy_page": false, "home_button_change_privacy_policy_page": false, "back_button_change_privacy_policy_page": false, "actions_needed_to_reach_privacy_policy": 0, "api_invoked_during_dynamic_analysis": 6303, "app_is_compliant_with_google_play_store": false, "app_analyzed": true, "num_tentative": 2, "different_api_invoked": 17, "privacy_policy_contain_explicit_acceptance": true, "privacy_policy_page_detected_google_play": true}