{"md5": "3526ffacb26dcd18fb2cc6ce9a5b4b05", "permission_requested": ["android.permission.WRITE_EXTERNAL_STORAGE", "android.permission.RECEIVE_BOOT_COMPLETED", "android.permission.INTERNET", "android.permission.SYSTEM_ALERT_WINDOW", "android.permission.ACCESS_NETWORK_STATE", "android.permission.WAKE_LOCK", "android.permission.FOREGROUND_SERVICE"], "trackers_inside": ["Google Firebase Analytics", "Google Ads", "Google DoubleClick"], "execution_time_app_analyzer": 26.19552969932556, "api_to_monitoring_all": 201, "type_analysis": "Droidbot", "max_actions": 20, "timeout": 10, "privacy_policy_page_detected": false, "privacy_policy_page_md5": "N.A", "timeout_privacy_policy_page": false, "home_button_change_privacy_policy_page": false, "back_button_change_privacy_policy_page": false, "actions_needed_to_reach_privacy_policy": 16, "api_invoked_during_dynamic_analysis": 0, "app_is_compliant_with_google_play_store": false, "app_analyzed": true, "num_tentative": 1, "privacy_policy_page_detected_google_play": true}