{"md5": "35af055f3bab04e50fdb7005da5c2c48", "permission_requested": ["com.sonyericsson.home.permission.BROADCAST_BADGE", "android.permission.READ_EXTERNAL_STORAGE", "com.google.android.c2dm.permission.RECEIVE", "android.permission.WAKE_LOCK", "com.connectivityapps.hotmail.permission.C2D_MESSAGE", "com.oppo.launcher.permission.WRITE_SETTINGS", "com.huawei.android.launcher.permission.CHANGE_BADGE", "me.everything.badger.permission.BADGE_COUNT_READ", "com.huawei.android.launcher.permission.READ_SETTINGS", "android.permission.RECEIVE_BOOT_COMPLETED", "android.permission.WRITE_EXTERNAL_STORAGE", "android.permission.MANAGE_ACCOUNTS", "com.majeur.launcher.permission.UPDATE_BADGE", "android.permission.WRITE_CONTACTS", "com.huawei.android.launcher.permission.WRITE_SETTINGS", "com.sonymobile.home.permission.PROVIDER_INSERT_BADGE", "me.everything.badger.permission.BADGE_COUNT_WRITE", "android.permission.READ_CONTACTS", "android.permission.READ_SYNC_SETTINGS", "android.permission.GET_ACCOUNTS", "android.permission.READ_APP_BADGE", "com.oppo.launcher.permission.READ_SETTINGS", "com.sec.android.provider.badge.permission.WRITE", "android.permission.INTERNET", "com.sec.android.provider.badge.permission.READ", "com.google.android.finsky.permission.BIND_GET_INSTALL_REFERRER_SERVICE", "com.htc.launcher.permission.UPDATE_SHORTCUT", "android.permission.ACCESS_NETWORK_STATE", "android.permission.ACCESS_WIFI_STATE", "android.permission.AUTHENTICATE_ACCOUNTS", "com.htc.launcher.permission.READ_SETTINGS", "com.anddoes.launcher.permission.UPDATE_COUNT", "android.permission.VIBRATE", "android.permission.FOREGROUND_SERVICE", "android.permission.GET_PACKAGE_SIZE", "android.permission.WRITE_SYNC_SETTINGS"], "trackers_inside": ["Google Firebase Analytics", "Flurry", "Twitter MoPub", "Facebook Ads", "Moat", "Google Ads", "Integral Ad Science", "AppsFlyer"], "execution_time_app_analyzer": 42.036226987838745, "api_to_monitoring_all": 808, "type_analysis": "Droidbot", "max_actions": 20, "timeout": 10, "privacy_policy_page_detected": false, "privacy_policy_page_md5": "N.A", "timeout_privacy_policy_page": false, "home_button_change_privacy_policy_page": false, "back_button_change_privacy_policy_page": false, "actions_needed_to_reach_privacy_policy": 19, "api_invoked_during_dynamic_analysis": 0, "app_is_compliant_with_google_play_store": false, "app_analyzed": true, "num_tentative": 1, "privacy_policy_page_detected_google_play": true}