{"md5": "35bae65b825c9322b4bb9736e9541ffa", "permission_requested": ["android.permission.ACCESS_WIFI_STATE", "android.permission.CAMERA", "android.permission.SYSTEM_ALERT_WINDOW", "android.permission.READ_EXTERNAL_STORAGE", "android.permission.WRITE_EXTERNAL_STORAGE", "android.permission.FOREGROUND_SERVICE", "com.google.android.c2dm.permission.RECEIVE", "android.permission.INTERNET", "com.google.android.gms.permission.ACTIVITY_RECOGNITION", "android.permission.DISABLE_KEYGUARD", "android.permission.ACCESS_NETWORK_STATE", "android.permission.READ_CONTACTS", "android.permission.RECEIVE_BOOT_COMPLETED", "android.permission.WAKE_LOCK", "android.permission.READ_PHONE_STATE", "com.google.android.finsky.permission.BIND_GET_INSTALL_REFERRER_SERVICE", "com.google.android.providers.gsf.permission.READ_GSERVICES", "android.permission.ACCESS_FINE_LOCATION", "com.android.vending.BILLING", "android.permission.REQUEST_IGNORE_BATTERY_OPTIMIZATIONS"], "trackers_inside": ["Google Firebase Analytics", "AppsFlyer", "Google Ads", "Facebook Analytics", "Flurry", "Google DoubleClick", "Google CrashLytics"], "execution_time_app_analyzer": 68.81037020683289, "api_to_monitoring_all": 644, "type_analysis": "Droidbot", "max_actions": 20, "timeout": 10, "privacy_policy_page_detected": true, "privacy_policy_page_md5": "24fcfc12dda874a1bb66e3863e9ce713", "timeout_privacy_policy_page": false, "home_button_change_privacy_policy_page": false, "back_button_change_privacy_policy_page": false, "actions_needed_to_reach_privacy_policy": 7, "api_invoked_during_dynamic_analysis": 0, "app_is_compliant_with_google_play_store": true, "app_analyzed": true, "num_tentative": 1, "privacy_policy_contain_explicit_acceptance": true, "policy_page_compliant_third_party": true, "policy_page_compliant": true, "final_compliant": true, "privacy_policy_page_detected_google_play": true}