{"md5": "367f5c1a5517e928eeb1f98ea9ca6936", "permission_requested": ["android.permission.ACCESS_NETWORK_STATE", "com.google.android.c2dm.permission.RECEIVE", "android.permission.ACCESS_WIFI_STATE", "android.permission.WRITE_EXTERNAL_STORAGE", "android.permission.READ_EXTERNAL_STORAGE", "android.permission.INTERNET"], "trackers_inside": ["Unity3d Ads", "Google Ads", "Integral Ad Science", "Google DoubleClick", "Vungle", "Moat", "AdColony"], "execution_time_app_analyzer": 29.76347589492798, "api_to_monitoring_all": 612, "type_analysis": "Droidbot", "max_actions": 20, "timeout": 10, "privacy_policy_page_detected": false, "privacy_policy_page_md5": "N.A", "timeout_privacy_policy_page": false, "home_button_change_privacy_policy_page": false, "back_button_change_privacy_policy_page": false, "actions_needed_to_reach_privacy_policy": 19, "api_invoked_during_dynamic_analysis": 1534, "app_is_compliant_with_google_play_store": false, "app_analyzed": true, "num_tentative": 1, "different_api_invoked": 18, "privacy_policy_page_detected_google_play": true}