{"md5": "38d1238a668b8c376b166a33cb3b5afc", "permission_requested": ["android.permission.ACCESS_NETWORK_STATE", "android.permission.WRITE_EXTERNAL_STORAGE", "android.permission.READ_PHONE_STATE", "android.permission.READ_EXTERNAL_STORAGE", "android.permission.INTERNET", "android.permission.VIBRATE", "com.android.vending.BILLING", "android.permission.GET_ACCOUNTS", "android.permission.ACCESS_WIFI_STATE", "android.permission.WAKE_LOCK", "com.google.android.c2dm.permission.RECEIVE", "com.doubleugames.doubleubingo.permission.C2D_MESSAGE"], "trackers_inside": ["Google Ads", "Facebook Analytics"], "execution_time_app_analyzer": 18.278029441833496, "api_to_monitoring_all": 243, "type_analysis": "Droidbot", "max_actions": 20, "timeout": 10, "privacy_policy_page_detected": false, "privacy_policy_page_md5": "N.A", "timeout_privacy_policy_page": false, "home_button_change_privacy_policy_page": false, "back_button_change_privacy_policy_page": false, "actions_needed_to_reach_privacy_policy": 19, "api_invoked_during_dynamic_analysis": 56, "app_is_compliant_with_google_play_store": false, "app_analyzed": true, "num_tentative": 1, "different_api_invoked": 25, "privacy_policy_page_detected_google_play": true}