{"md5": "39a04e8f4cd0571d3e4690c04bb1605c", "permission_requested": ["android.permission.RECEIVE_BOOT_COMPLETED", "android.permission.ACCESS_NETWORK_STATE", "spilsdk.provider.READ", "android.permission.INTERNET", "android.permission.VIBRATE", "com.google.android.c2dm.permission.RECEIVE", "android.permission.ACCESS_WIFI_STATE", "com.google.android.finsky.permission.BIND_GET_INSTALL_REFERRER_SERVICE", "com.android.vending.BILLING", "android.permission.WAKE_LOCK"], "trackers_inside": ["Unity3d Ads", "Moat", "Facebook Analytics", "Facebook Ads", "Twitter MoPub", "Google Analytics", "Google Ads", "AdColony", "Inmobi", "Vungle", "Google CrashLytics", "Google DoubleClick", "Adjust", "Flurry"], "execution_time_app_analyzer": 52.53065013885498, "api_to_monitoring_all": 1106, "type_analysis": "Droidbot", "max_actions": 20, "timeout": 10, "privacy_policy_page_detected": true, "privacy_policy_page_md5": "d8872a3355083fea3bee4a1fc90a17b1", "timeout_privacy_policy_page": false, "home_button_change_privacy_policy_page": false, "back_button_change_privacy_policy_page": false, "actions_needed_to_reach_privacy_policy": 0, "api_invoked_during_dynamic_analysis": 0, "app_is_compliant_with_google_play_store": true, "app_analyzed": true, "num_tentative": 1, "privacy_policy_contain_explicit_acceptance": true, "policy_page_compliant_third_party": true, "policy_page_compliant": true, "final_compliant": true, "privacy_policy_page_detected_google_play": true}