{"md5": "3a03265c33edea96bd1ff6bf92e07677", "permission_requested": ["android.permission.INTERNET", "android.permission.VIBRATE", "android.permission.CHANGE_WIFI_STATE", "android.permission.ACCESS_WIFI_STATE", "com.google.android.finsky.permission.BIND_GET_INSTALL_REFERRER_SERVICE", "android.permission.CHANGE_NETWORK_STATE", "android.permission.SYSTEM_ALERT_WINDOW", "android.permission.RECEIVE_BOOT_COMPLETED", "com.google.android.c2dm.permission.RECEIVE", "android.permission.WAKE_LOCK", "android.permission.ACCESS_NETWORK_STATE"], "trackers_inside": ["Google Ads", "Google DoubleClick", "Facebook Ads", "Flurry", "Google Firebase Analytics", "Google CrashLytics"], "execution_time_app_analyzer": 57.855870723724365, "api_to_monitoring_all": 494, "type_analysis": "Droidbot", "max_actions": 20, "timeout": 10, "privacy_policy_page_detected": false, "privacy_policy_page_md5": "N.A", "timeout_privacy_policy_page": false, "home_button_change_privacy_policy_page": false, "back_button_change_privacy_policy_page": false, "actions_needed_to_reach_privacy_policy": 16, "api_invoked_during_dynamic_analysis": 20, "app_is_compliant_with_google_play_store": false, "app_analyzed": true, "num_tentative": 1, "different_api_invoked": 2, "privacy_policy_page_detected_google_play": true}