{"md5": "3a35f0887c8ae93c6e7d93ebcbb671e1", "permission_requested": ["com.android.providers.tv.permission.WRITE_EPG_DATA", "android.permission.WRITE_EXTERNAL_STORAGE", "android.permission.INTERNET", "android.permission.RECEIVE_BOOT_COMPLETED", "android.permission.FOREGROUND_SERVICE", "android.permission.RECORD_AUDIO", "android.permission.MODIFY_AUDIO_SETTINGS", "android.permission.VIBRATE", "android.permission.BLUETOOTH", "android.permission.SYSTEM_ALERT_WINDOW", "android.permission.ACCESS_NETWORK_STATE", "android.permission.WAKE_LOCK", "org.videolan.vlc.permission.READ_EXTENSION_DATA", "org.videolan.vlc.permission.BIND_DATA_CONSUMER", "android.permission.WRITE_SETTINGS", "com.android.providers.tv.permission.READ_EPG_DATA"], "trackers_inside": [], "execution_time_app_analyzer": 21.07738423347473, "api_to_monitoring_all": 133, "type_analysis": "Droidbot", "max_actions": 20, "timeout": 10, "privacy_policy_page_detected": false, "privacy_policy_page_md5": "N.A", "timeout_privacy_policy_page": false, "home_button_change_privacy_policy_page": false, "back_button_change_privacy_policy_page": false, "actions_needed_to_reach_privacy_policy": 19, "api_invoked_during_dynamic_analysis": 38, "app_is_compliant_with_google_play_store": false, "app_analyzed": true, "num_tentative": 1, "different_api_invoked": 6, "privacy_policy_page_detected_google_play": true}