{"md5": "3a56f656b1ba779c59599f1f132a5262", "permission_requested": ["com.android.vending.CHECK_LICENSE", "android.permission.ACCESS_NETWORK_STATE", "com.madfingergames.deadtrigger.permission.C2D_MESSAGE", "android.permission.WAKE_LOCK", "com.google.android.c2dm.permission.RECEIVE", "android.permission.BROADCAST_STICKY", "android.permission.INTERNET", "android.permission.READ_EXTERNAL_STORAGE", "com.android.vending.BILLING", "android.permission.RECEIVE_BOOT_COMPLETED", "android.permission.WRITE_EXTERNAL_STORAGE", "com.google.android.finsky.permission.BIND_GET_INSTALL_REFERRER_SERVICE", "android.permission.ACCESS_WIFI_STATE"], "trackers_inside": ["ironSource", "Tapjoy", "Moat", "Google Ads", "AppLovin", "Google Firebase Analytics", "Unity3d Ads", "Vungle"], "execution_time_app_analyzer": 23.995301246643066, "api_to_monitoring_all": 1755, "type_analysis": "Droidbot", "max_actions": 20, "timeout": 10, "privacy_policy_page_detected": false, "privacy_policy_page_md5": "N.A", "timeout_privacy_policy_page": false, "home_button_change_privacy_policy_page": false, "back_button_change_privacy_policy_page": false, "actions_needed_to_reach_privacy_policy": 19, "api_invoked_during_dynamic_analysis": 30, "app_is_compliant_with_google_play_store": false, "app_analyzed": true, "num_tentative": 2, "different_api_invoked": 2, "privacy_policy_page_detected_google_play": true}