{"md5": "3a9cdc68006d715d11a748ca3e8d6084", "permission_requested": ["android.permission.ACCESS_NETWORK_STATE", "android.permission.INTERNET", "android.permission.GET_ACCOUNTS", "android.permission.WRITE_EXTERNAL_STORAGE", "com.android.vending.BILLING"], "trackers_inside": ["Vungle", "Google Ads", "Google Analytics", "Google DoubleClick", "Facebook Ads", "AppLovin", "Unity3d Ads"], "execution_time_app_analyzer": 17.51833176612854, "api_to_monitoring_all": 1159, "type_analysis": "Droidbot", "max_actions": 20, "timeout": 10, "privacy_policy_page_detected": false, "privacy_policy_page_md5": "N.A", "timeout_privacy_policy_page": false, "home_button_change_privacy_policy_page": false, "back_button_change_privacy_policy_page": false, "actions_needed_to_reach_privacy_policy": 19, "api_invoked_during_dynamic_analysis": 1791, "app_is_compliant_with_google_play_store": false, "app_analyzed": true, "num_tentative": 1, "different_api_invoked": 11, "privacy_policy_page_detected_google_play": true}