{"md5": "3b8fcecd2e3313bc71151b9332b06d5f", "permission_requested": ["com.google.android.providers.gsf.permission.READ_GSERVICES", "android.permission.INTERNET", "android.permission.ACCESS_WIFI_STATE", "android.permission.ACCESS_FINE_LOCATION", "com.google.android.finsky.permission.BIND_GET_INSTALL_REFERRER_SERVICE", "com.appsclub.route.offline.navigation.localstreet.finder.satellite.free.permission.MAPS_RECEIVE", "android.permission.READ_EXTERNAL_STORAGE", "com.android.vending.BILLING", "android.permission.CAMERA", "com.google.android.c2dm.permission.RECEIVE", "android.permission.WRITE_EXTERNAL_STORAGE", "android.permission.WAKE_LOCK", "android.permission.ACCESS_COARSE_LOCATION", "android.permission.ACCESS_NETWORK_STATE"], "trackers_inside": ["Google Ads", "Google DoubleClick", "Google Firebase Analytics"], "execution_time_app_analyzer": 47.877198934555054, "api_to_monitoring_all": 254, "type_analysis": "Droidbot", "max_actions": 20, "timeout": 10, "privacy_policy_page_detected": false, "privacy_policy_page_md5": "N.A", "timeout_privacy_policy_page": false, "home_button_change_privacy_policy_page": false, "back_button_change_privacy_policy_page": false, "actions_needed_to_reach_privacy_policy": 19, "api_invoked_during_dynamic_analysis": 56188, "app_is_compliant_with_google_play_store": false, "app_analyzed": true, "num_tentative": 1, "different_api_invoked": 21, "privacy_policy_page_detected_google_play": "Error"}