{"md5": "3c9c08c4dc2bc0d6804ee37e3df0c3a4", "permission_requested": ["android.permission.VIBRATE", "android.permission.WRITE_EXTERNAL_STORAGE", "android.permission.ACCESS_NOTIFICATION_POLICY", "android.permission.RECEIVE_BOOT_COMPLETED", "android.permission.ACCESS_FINE_LOCATION", "android.permission.MODIFY_AUDIO_SETTINGS", "android.permission.INTERNET", "android.permission.ACCESS_NETWORK_STATE", "com.android.vending.BILLING", "android.permission.REQUEST_IGNORE_BATTERY_OPTIMIZATIONS"], "trackers_inside": [], "execution_time_app_analyzer": 2.7240853309631348, "api_to_monitoring_all": 61, "app_analyzed": false, "privacy_policy_page_detected_google_play": false}