{"md5": "3d23033978f220f580625c6a3b1a162c", "permission_requested": ["com.huawei.android.launcher.permission.READ_SETTINGS", "android.permission.WRITE_EXTERNAL_STORAGE", "com.majeur.launcher.permission.UPDATE_BADGE", "android.permission.ACCESS_WIFI_STATE", "me.everything.badger.permission.BADGE_COUNT_READ", "android.permission.VIBRATE", "com.google.android.finsky.permission.BIND_GET_INSTALL_REFERRER_SERVICE", "com.sonymobile.home.permission.PROVIDER_INSERT_BADGE", "android.permission.INTERNET", "com.anddoes.launcher.permission.UPDATE_COUNT", "android.permission.READ_PHONE_STATE", "com.sonyericsson.home.permission.BROADCAST_BADGE", "me.everything.badger.permission.BADGE_COUNT_WRITE", "com.huawei.android.launcher.permission.WRITE_SETTINGS", "com.oppo.launcher.permission.READ_SETTINGS", "com.google.android.providers.gsf.permission.READ_GSERVICES", "android.permission.CAMERA", "android.permission.WAKE_LOCK", "com.htc.launcher.permission.UPDATE_SHORTCUT", "com.sec.android.provider.badge.permission.READ", "com.huawei.android.launcher.permission.CHANGE_BADGE", "android.permission.READ_EXTERNAL_STORAGE", "android.permission.READ_APP_BADGE", "com.google.android.c2dm.permission.RECEIVE", "com.oppo.launcher.permission.WRITE_SETTINGS", "android.permission.ACCESS_NETWORK_STATE", "com.sec.android.provider.badge.permission.WRITE", "com.htc.launcher.permission.READ_SETTINGS"], "trackers_inside": ["Facebook Analytics", "Google CrashLytics", "AppsFlyer", "AppMetrica", "Google Ads", "Google Firebase Analytics"], "execution_time_app_analyzer": 37.10348200798035, "api_to_monitoring_all": 624, "type_analysis": "Droidbot", "max_actions": 20, "timeout": 10, "privacy_policy_page_detected": false, "privacy_policy_page_md5": "N.A", "timeout_privacy_policy_page": false, "home_button_change_privacy_policy_page": false, "back_button_change_privacy_policy_page": false, "actions_needed_to_reach_privacy_policy": 19, "api_invoked_during_dynamic_analysis": 0, "app_is_compliant_with_google_play_store": false, "app_analyzed": true, "num_tentative": 1, "privacy_policy_page_detected_google_play": true}