{"md5": "3e1cea4d9a2338ce77196ca97512c7e0", "permission_requested": ["android.permission.SET_WALLPAPER", "android.permission.ACCESS_WIFI_STATE", "android.permission.INTERNET", "com.google.android.finsky.permission.BIND_GET_INSTALL_REFERRER_SERVICE", "android.permission.WAKE_LOCK", "android.permission.ACCESS_NETWORK_STATE", "android.permission.WRITE_EXTERNAL_STORAGE", "com.google.android.c2dm.permission.RECEIVE"], "trackers_inside": ["Google CrashLytics", "Google Ads", "Google Firebase Analytics", "Google DoubleClick", "Facebook Ads"], "execution_time_app_analyzer": 33.15729522705078, "api_to_monitoring_all": 433, "type_analysis": "Droidbot", "max_actions": 20, "timeout": 10, "privacy_policy_page_detected": false, "privacy_policy_page_md5": "N.A", "timeout_privacy_policy_page": false, "home_button_change_privacy_policy_page": false, "back_button_change_privacy_policy_page": false, "actions_needed_to_reach_privacy_policy": 17, "api_invoked_during_dynamic_analysis": 20146, "app_is_compliant_with_google_play_store": false, "app_analyzed": true, "num_tentative": 1, "different_api_invoked": 27, "privacy_policy_page_detected_google_play": true}