{"md5": "3e409c8d3895d67aacf6662c5efbb651", "permission_requested": ["android.permission.ACCESS_FINE_LOCATION", "com.android.vending.CHECK_LICENSE", "android.permission.READ_EXTERNAL_STORAGE", "android.permission.WRITE_EXTERNAL_STORAGE", "android.permission.INTERNET", "android.permission.ACCESS_WIFI_STATE", "android.permission.RECEIVE_BOOT_COMPLETED", "com.google.android.gms.permission.ACTIVITY_RECOGNITION", "android.permission.GET_TASKS", "android.permission.VIBRATE", "com.nzn.tdg.permission.C2D_MESSAGE", "android.permission.GET_ACCOUNTS", "com.google.android.c2dm.permission.RECEIVE", "com.google.android.finsky.permission.BIND_GET_INSTALL_REFERRER_SERVICE", "android.permission.CAMERA", "android.permission.ACCESS_NETWORK_STATE", "android.permission.WAKE_LOCK", "android.permission.CHANGE_WIFI_STATE", "android.permission.ACCESS_COARSE_LOCATION"], "trackers_inside": ["Inmobi", "Facebook Analytics", "Google DoubleClick", "Twitter MoPub", "Moat", "Google Ads", "Google Firebase Analytics", "Google Analytics", "Facebook Ads", "Flurry", "Integral Ad Science"], "execution_time_app_analyzer": 54.13073182106018, "api_to_monitoring_all": 793, "type_analysis": "Droidbot", "max_actions": 20, "timeout": 10, "privacy_policy_page_detected": false, "privacy_policy_page_md5": "N.A", "timeout_privacy_policy_page": false, "home_button_change_privacy_policy_page": false, "back_button_change_privacy_policy_page": false, "actions_needed_to_reach_privacy_policy": 19, "api_invoked_during_dynamic_analysis": 17, "app_is_compliant_with_google_play_store": false, "app_analyzed": true, "num_tentative": 2, "different_api_invoked": 1, "privacy_policy_page_detected_google_play": true}