{"md5": "3e99b113729d3216de3699d19f29428b", "permission_requested": ["com.google.android.finsky.permission.BIND_GET_INSTALL_REFERRER_SERVICE", "android.permission.INTERNET", "android.permission.ACCESS_WIFI_STATE", "android.permission.CHANGE_WIFI_STATE", "com.mapswithme.maps.pro.permission.C2D_MESSAGE", "android.permission.WAKE_LOCK", "android.permission.RECEIVE_BOOT_COMPLETED", "android.permission.VIBRATE", "android.permission.ACCESS_COARSE_LOCATION", "com.android.vending.BILLING", "android.permission.BATTERY_STATS", "com.google.android.c2dm.permission.RECEIVE", "android.permission.WRITE_EXTERNAL_STORAGE", "android.permission.ACCESS_FINE_LOCATION", "android.permission.ACCESS_NETWORK_STATE"], "trackers_inside": ["Facebook Ads", "Google CrashLytics", "Twitter MoPub", "Google Firebase Analytics", "Google Ads", "AppsFlyer", "Moat", "Inmobi", "Facebook Analytics", "Integral Ad Science", "Google DoubleClick", "Flurry", "Google Analytics"], "execution_time_app_analyzer": 54.250367403030396, "api_to_monitoring_all": 1024, "type_analysis": "Droidbot", "max_actions": 20, "timeout": 10, "privacy_policy_page_detected": false, "privacy_policy_page_md5": "N.A", "timeout_privacy_policy_page": false, "home_button_change_privacy_policy_page": false, "back_button_change_privacy_policy_page": false, "actions_needed_to_reach_privacy_policy": 19, "api_invoked_during_dynamic_analysis": 0, "app_is_compliant_with_google_play_store": false, "app_analyzed": true, "num_tentative": 1, "privacy_policy_page_detected_google_play": true}