{"md5": "3e9a645ebff13c9ccee2b9e43e9a245e", "permission_requested": ["android.permission.INTERNET", "android.permission.ACCESS_WIFI_STATE", "com.android.setting.permission.ALLSHARE_CAST_SERVICE", "android.permission.ACCESS_NETWORK_STATE", "android.permission.CHANGE_WIFI_STATE"], "trackers_inside": ["Google Ads", "Google DoubleClick", "Facebook Analytics"], "execution_time_app_analyzer": 17.148876905441284, "api_to_monitoring_all": 287, "type_analysis": "Droidbot", "max_actions": 20, "timeout": 10, "privacy_policy_page_detected": false, "privacy_policy_page_md5": "N.A", "timeout_privacy_policy_page": false, "home_button_change_privacy_policy_page": false, "back_button_change_privacy_policy_page": false, "actions_needed_to_reach_privacy_policy": 19, "api_invoked_during_dynamic_analysis": 60867, "app_is_compliant_with_google_play_store": false, "app_analyzed": true, "num_tentative": 1, "different_api_invoked": 12, "privacy_policy_page_detected_google_play": false}