{"md5": "3f2c598df358151cdb03e6a4098e3322", "permission_requested": ["com.android.vending.CHECK_LICENSE", "android.permission.ACCESS_WIFI_STATE", "android.permission.WRITE_EXTERNAL_STORAGE", "android.permission.ACCESS_NETWORK_STATE", "android.permission.INTERNET", "android.permission.WAKE_LOCK"], "trackers_inside": ["Unity3d Ads", "Google DoubleClick", "Google Ads", "Google Firebase Analytics", "Google Analytics"], "execution_time_app_analyzer": 15.605355024337769, "api_to_monitoring_all": 456, "type_analysis": "Droidbot", "max_actions": 20, "timeout": 10, "privacy_policy_page_detected": false, "privacy_policy_page_md5": "N.A", "timeout_privacy_policy_page": false, "home_button_change_privacy_policy_page": false, "back_button_change_privacy_policy_page": false, "actions_needed_to_reach_privacy_policy": 19, "api_invoked_during_dynamic_analysis": 1070, "app_is_compliant_with_google_play_store": false, "app_analyzed": true, "num_tentative": 2, "different_api_invoked": 13, "privacy_policy_page_detected_google_play": true}