{"md5": "40122426988453745734127c3cf14ddd", "permission_requested": ["android.permission.WRITE_EXTERNAL_STORAGE", "android.permission.READ_EXTERNAL_STORAGE", "android.permission.ACCESS_WIFI_STATE", "android.permission.DOWNLOAD_WITHOUT_NOTIFICATION", "com.sony.snei.np.android.account.provider.permission.DUID_READ_PROVIDER", "android.permission.ACCESS_NETWORK_STATE", "android.permission.VIBRATE", "android.permission.INTERNET"], "trackers_inside": ["Google CrashLytics"], "execution_time_app_analyzer": 20.67501187324524, "api_to_monitoring_all": 98, "type_analysis": "Droidbot", "max_actions": 20, "timeout": 10, "privacy_policy_page_detected": false, "privacy_policy_page_md5": "N.A", "timeout_privacy_policy_page": false, "home_button_change_privacy_policy_page": false, "back_button_change_privacy_policy_page": false, "actions_needed_to_reach_privacy_policy": 19, "api_invoked_during_dynamic_analysis": 42, "app_is_compliant_with_google_play_store": false, "app_analyzed": true, "num_tentative": 1, "different_api_invoked": 4, "privacy_policy_page_detected_google_play": true}