{"md5": "402f3533f4072ef09e15605568349011", "permission_requested": ["android.permission.READ_PHONE_STATE", "android.permission.GET_ACCOUNTS", "android.permission.AUTHENTICATE_ACCOUNTS", "android.permission.MANAGE_OWN_CALLS", "android.permission.READ_CONTACTS", "android.permission.ACCESS_NOTIFICATION_POLICY", "com.google.android.c2dm.permission.RECEIVE", "android.permission.MANAGE_ACCOUNTS", "android.permission.BLUETOOTH", "android.permission.VIBRATE", "com.android.vending.BILLING", "android.permission.WAKE_LOCK", "android.permission.WRITE_SYNC_SETTINGS", "android.permission.CAMERA", "android.permission.WRITE_CONTACTS", "android.permission.ACCESS_COARSE_LOCATION", "android.permission.ACCESS_FINE_LOCATION", "android.permission.RAISED_THREAD_PRIORITY", "android.permission.READ_SYNC_SETTINGS", "android.permission.DISABLE_KEYGUARD", "android.permission.WRITE_EXTERNAL_STORAGE", "android.permission.INTERNET", "android.permission.USE_CREDENTIALS", "android.permission.FOREGROUND_SERVICE", "android.permission.MODIFY_AUDIO_SETTINGS", "android.permission.ACCESS_NETWORK_STATE", "android.permission.RECEIVE_BOOT_COMPLETED", "com.google.android.finsky.permission.BIND_GET_INSTALL_REFERRER_SERVICE", "android.permission.RECORD_AUDIO", "android.permission.ACCESS_WIFI_STATE"], "trackers_inside": ["AppLovin", "AdColony", "Amazon Advertisement", "Moat", "Flurry", "Integral Ad Science", "Unity3d Ads", "Branch", "Google CrashLytics", "Inmobi", "Facebook Ads", "Twitter MoPub", "Facebook Analytics", "Google Firebase Analytics", "Mobvista", "Google Ads", "Vungle", "Google DoubleClick"], "execution_time_app_analyzer": 69.62791585922241, "api_to_monitoring_all": 1971, "type_analysis": "Droidbot", "max_actions": 20, "timeout": 10, "privacy_policy_page_detected": false, "privacy_policy_page_md5": "N.A", "timeout_privacy_policy_page": false, "home_button_change_privacy_policy_page": false, "back_button_change_privacy_policy_page": false, "actions_needed_to_reach_privacy_policy": 19, "api_invoked_during_dynamic_analysis": 0, "app_is_compliant_with_google_play_store": false, "app_analyzed": true, "num_tentative": 1, "privacy_policy_page_detected_google_play": true}