{"md5": "40c31e27811a6a1bdbeac932bddebc28", "permission_requested": ["com.google.android.finsky.permission.BIND_GET_INSTALL_REFERRER_SERVICE", "android.permission.READ_CALL_LOG", "com.android.vending.BILLING", "com.google.android.c2dm.permission.RECEIVE", "android.permission.INTERNET", "android.permission.CHANGE_WIFI_STATE", "android.permission.ACCESS_FINE_LOCATION", "android.permission.SEND_SMS", "android.permission.WAKE_LOCK", "android.permission.PROCESS_OUTGOING_CALLS", "android.permission.ACCESS_WIFI_STATE", "android.permission.READ_PHONE_STATE", "android.permission.ACCESS_NETWORK_STATE", "com.hiya.hiyaconfig.permission", "android.permission.ANSWER_PHONE_CALLS", "android.permission.RECEIVE_SMS", "android.permission.READ_SMS", "android.permission.FOREGROUND_SERVICE", "android.permission.READ_CONTACTS", "android.permission.CALL_PHONE", "android.permission.RECEIVE_BOOT_COMPLETED", "android.permission.SYSTEM_ALERT_WINDOW"], "trackers_inside": ["Google Ads", "Google CrashLytics", "Google Firebase Analytics", "AppsFlyer"], "execution_time_app_analyzer": 37.588619232177734, "api_to_monitoring_all": 451, "type_analysis": "Droidbot", "max_actions": 20, "timeout": 10, "privacy_policy_page_detected": false, "privacy_policy_page_md5": "N.A", "timeout_privacy_policy_page": false, "home_button_change_privacy_policy_page": false, "back_button_change_privacy_policy_page": false, "actions_needed_to_reach_privacy_policy": 19, "api_invoked_during_dynamic_analysis": 136, "app_is_compliant_with_google_play_store": false, "app_analyzed": true, "num_tentative": 1, "different_api_invoked": 14, "privacy_policy_page_detected_google_play": true}