{"md5": "411fb7a7439ef1db0be9f76bebb5c1d4", "permission_requested": ["com.sonelli.juicessh.permission.C2D_MESSAGE", "android.permission.WRITE_EXTERNAL_STORAGE", "com.android.vending.BILLING", "android.permission.INTERNET", "android.permission.RECEIVE_BOOT_COMPLETED", "android.permission.VIBRATE", "android.permission.GET_ACCOUNTS", "com.google.android.c2dm.permission.RECEIVE", "android.permission.USE_CREDENTIALS", "android.permission.ACCESS_NETWORK_STATE", "android.permission.WAKE_LOCK", "android.permission.WRITE_SETTINGS", "com.android.launcher.permission.INSTALL_SHORTCUT"], "trackers_inside": ["Google Analytics", "Google CrashLytics"], "execution_time_app_analyzer": 31.537081241607666, "api_to_monitoring_all": 110, "type_analysis": "Droidbot", "max_actions": 20, "timeout": 10, "privacy_policy_page_detected": false, "privacy_policy_page_md5": "N.A", "timeout_privacy_policy_page": false, "home_button_change_privacy_policy_page": false, "back_button_change_privacy_policy_page": false, "actions_needed_to_reach_privacy_policy": 19, "api_invoked_during_dynamic_analysis": 0, "app_is_compliant_with_google_play_store": false, "app_analyzed": true, "num_tentative": 1, "privacy_policy_page_detected_google_play": true}