{"md5": "428a46baf69c898e13f3cf872efc6c5a", "permission_requested": ["com.wgt.android.golf.permission.C2D_MESSAGE", "com.google.android.finsky.permission.BIND_GET_INSTALL_REFERRER_SERVICE", "android.permission.READ_PHONE_STATE", "com.google.android.c2dm.permission.RECEIVE", "android.permission.VIBRATE", "android.permission.WRITE_EXTERNAL_STORAGE", "android.permission.USE_CREDENTIALS", "android.permission.ACCESS_WIFI_STATE", "android.permission.BLUETOOTH", "android.permission.GET_ACCOUNTS", "com.wgt.android.golf.dev.permission.C2D_MESSAGE", "com.android.vending.BILLING", "android.permission.INTERNET", "android.permission.ACCESS_NETWORK_STATE", "android.permission.READ_EXTERNAL_STORAGE", "android.permission.ACCESS_COARSE_LOCATION", "android.permission.GET_TASKS", "android.permission.WAKE_LOCK", "android.permission.BLUETOOTH_ADMIN"], "trackers_inside": ["Tapjoy", "Google Firebase Analytics", "Google Ads", "Adjust", "Google CrashLytics", "Moat", "Facebook Analytics", "Unity3d Ads"], "execution_time_app_analyzer": 28.17357850074768, "api_to_monitoring_all": 809, "type_analysis": "Droidbot", "max_actions": 20, "timeout": 10, "privacy_policy_page_detected": false, "privacy_policy_page_md5": "N.A", "timeout_privacy_policy_page": false, "home_button_change_privacy_policy_page": false, "back_button_change_privacy_policy_page": false, "actions_needed_to_reach_privacy_policy": 19, "api_invoked_during_dynamic_analysis": 4238, "app_is_compliant_with_google_play_store": false, "app_analyzed": true, "num_tentative": 1, "different_api_invoked": 15, "privacy_policy_page_detected_google_play": true}