{"md5": "44ad9be1070cc6dab1f46574719a0590", "permission_requested": ["android.permission.SET_ALARM", "android.permission.WAKE_LOCK", "android.permission.FOREGROUND_SERVICE", "android.permission.ACCESS_NETWORK_STATE", "com.android.vending.BILLING", "com.google.android.finsky.permission.BIND_GET_INSTALL_REFERRER_SERVICE", "com.google.android.c2dm.permission.RECEIVE", "android.permission.INTERNET", "android.permission.WRITE_EXTERNAL_STORAGE", "com.google.android.providers.gsf.permission.READ_GSERVICES", "android.permission.READ_EXTERNAL_STORAGE"], "trackers_inside": ["Google CrashLytics", "Google DoubleClick", "Google Ads", "Branch", "Google Firebase Analytics", "Facebook Analytics"], "execution_time_app_analyzer": 117.25662183761597, "api_to_monitoring_all": 371, "type_analysis": "Droidbot", "max_actions": 20, "timeout": 10, "privacy_policy_page_detected": false, "privacy_policy_page_md5": "N.A", "timeout_privacy_policy_page": false, "home_button_change_privacy_policy_page": false, "back_button_change_privacy_policy_page": false, "actions_needed_to_reach_privacy_policy": 19, "api_invoked_during_dynamic_analysis": 0, "app_is_compliant_with_google_play_store": false, "app_analyzed": true, "num_tentative": 1, "privacy_policy_page_detected_google_play": true}