{"md5": "461aa606e0ca959091fd8441a89efe86", "permission_requested": ["android.permission.WRITE_EXTERNAL_STORAGE", "android.permission.READ_EXTERNAL_STORAGE", "android.permission.ACCESS_NETWORK_STATE", "android.permission.MOUNT_UNMOUNT_FILESYSTEMS", "android.permission.INTERNET"], "trackers_inside": ["Google Ads", "Google Analytics", "Google DoubleClick"], "execution_time_app_analyzer": 13.264612436294556, "api_to_monitoring_all": 220, "type_analysis": "Droidbot", "max_actions": 20, "timeout": 10, "privacy_policy_page_detected": false, "privacy_policy_page_md5": "N.A", "timeout_privacy_policy_page": false, "home_button_change_privacy_policy_page": false, "back_button_change_privacy_policy_page": false, "actions_needed_to_reach_privacy_policy": 19, "api_invoked_during_dynamic_analysis": 63327, "app_is_compliant_with_google_play_store": false, "app_analyzed": true, "num_tentative": 1, "different_api_invoked": 10, "privacy_policy_page_detected_google_play": false}