{"md5": "46f7c686496b501607e00aa13b0ea64c", "permission_requested": ["android.permission.ACCESS_NETWORK_STATE", "android.permission.WRITE_EXTERNAL_STORAGE", "android.permission.READ_EXTERNAL_STORAGE", "android.permission.INTERNET", "android.permission.VIBRATE", "com.android.vending.BILLING", "android.permission.ACCESS_WIFI_STATE", "android.permission.WAKE_LOCK", "com.google.android.finsky.permission.BIND_GET_INSTALL_REFERRER_SERVICE"], "trackers_inside": ["AppLovin", "Moat", "AppsFlyer", "Google Ads", "Facebook Ads", "Google DoubleClick", "Facebook Analytics", "Vungle", "Tapjoy", "Unity3d Ads", "Google Firebase Analytics", "Inmobi", "ironSource", "Amazon Advertisement"], "execution_time_app_analyzer": 70.99595904350281, "api_to_monitoring_all": 2476, "type_analysis": "Droidbot", "max_actions": 20, "timeout": 10, "privacy_policy_page_detected": false, "privacy_policy_page_md5": "N.A", "timeout_privacy_policy_page": false, "home_button_change_privacy_policy_page": false, "back_button_change_privacy_policy_page": false, "actions_needed_to_reach_privacy_policy": 19, "api_invoked_during_dynamic_analysis": 0, "app_is_compliant_with_google_play_store": false, "app_analyzed": true, "num_tentative": 2, "privacy_policy_page_detected_google_play": true}