{"md5": "472b8dc9e02f4ecb8ef83d8f5df7183a", "permission_requested": ["com.sec.android.provider.badge.permission.WRITE", "com.htc.launcher.permission.READ_SETTINGS", "com.anddoes.launcher.permission.UPDATE_COUNT", "android.permission.ACCESS_WIFI_STATE", "com.android.vending.BILLING", "com.majeur.launcher.permission.UPDATE_BADGE", "com.storm8studios.bakerytwo.permission.C2D_MESSAGE", "com.sonyericsson.home.permission.BROADCAST_BADGE", "com.google.android.c2dm.permission.RECEIVE", "android.permission.ACCESS_NETWORK_STATE", "com.android.vending.CHECK_LICENSE", "com.sec.android.provider.badge.permission.READ", "android.permission.WAKE_LOCK", "com.htc.launcher.permission.UPDATE_SHORTCUT", "android.permission.INTERNET"], "trackers_inside": ["Google Ads", "Google Analytics", "Facebook Analytics", "Google DoubleClick"], "execution_time_app_analyzer": 25.95579719543457, "api_to_monitoring_all": 333, "type_analysis": "Droidbot", "max_actions": 20, "timeout": 10, "privacy_policy_page_detected": false, "privacy_policy_page_md5": "N.A", "timeout_privacy_policy_page": false, "home_button_change_privacy_policy_page": false, "back_button_change_privacy_policy_page": false, "actions_needed_to_reach_privacy_policy": 19, "api_invoked_during_dynamic_analysis": 1136, "app_is_compliant_with_google_play_store": false, "app_analyzed": true, "num_tentative": 1, "different_api_invoked": 8, "privacy_policy_page_detected_google_play": true}