{"md5": "4789636221b0a6caef0ba0cf3e8150c1", "permission_requested": ["com.oppo.launcher.permission.READ_SETTINGS", "com.sec.android.provider.badge.permission.READ", "com.oppo.launcher.permission.WRITE_SETTINGS", "com.google.android.finsky.permission.BIND_GET_INSTALL_REFERRER_SERVICE", "android.permission.WAKE_LOCK", "com.google.android.c2dm.permission.RECEIVE", "com.huawei.android.launcher.permission.READ_SETTINGS", "com.htc.launcher.permission.READ_SETTINGS", "android.permission.WRITE_INTERNAL_STORAGE", "com.sonymobile.home.permission.PROVIDER_INSERT_BADGE", "me.everything.badger.permission.BADGE_COUNT_READ", "com.sonyericsson.home.permission.BROADCAST_BADGE", "android.permission.RECEIVE_BOOT_COMPLETED", "com.htc.launcher.permission.UPDATE_SHORTCUT", "com.anddoes.launcher.permission.UPDATE_COUNT", "android.permission.READ_APP_BADGE", "android.permission.VIBRATE", "com.huawei.android.launcher.permission.WRITE_SETTINGS", "com.huawei.android.launcher.permission.CHANGE_BADGE", "com.imagenesytonos.emoticonos.permission.C2D_MESSAGE", "android.permission.INTERNET", "me.everything.badger.permission.BADGE_COUNT_WRITE", "android.permission.ACCESS_NETWORK_STATE", "com.sec.android.provider.badge.permission.WRITE", "com.majeur.launcher.permission.UPDATE_BADGE"], "trackers_inside": ["Google Firebase Analytics", "Google Ads", "Google CrashLytics", "Google DoubleClick"], "execution_time_app_analyzer": 48.12726068496704, "api_to_monitoring_all": 224, "type_analysis": "Droidbot", "max_actions": 20, "timeout": 10, "privacy_policy_page_detected": false, "privacy_policy_page_md5": "N.A", "timeout_privacy_policy_page": false, "home_button_change_privacy_policy_page": false, "back_button_change_privacy_policy_page": false, "actions_needed_to_reach_privacy_policy": 19, "api_invoked_during_dynamic_analysis": 16318, "app_is_compliant_with_google_play_store": false, "app_analyzed": true, "num_tentative": 2, "different_api_invoked": 17, "privacy_policy_page_detected_google_play": true}