{"md5": "47c66768daa57a6b75978162ef538797", "permission_requested": ["android.permission.ACCESS_NETWORK_STATE", "android.permission.INTERNET"], "trackers_inside": ["Google DoubleClick", "Google Analytics", "Google Ads"], "execution_time_app_analyzer": 15.39995288848877, "api_to_monitoring_all": 213, "type_analysis": "Droidbot", "max_actions": 20, "timeout": 10, "privacy_policy_page_detected": true, "privacy_policy_page_md5": "0f80b10c5a3afa61f0fef840d33be39e", "timeout_privacy_policy_page": false, "home_button_change_privacy_policy_page": false, "back_button_change_privacy_policy_page": false, "actions_needed_to_reach_privacy_policy": 0, "api_invoked_during_dynamic_analysis": 22483, "app_is_compliant_with_google_play_store": false, "app_analyzed": true, "num_tentative": 1, "different_api_invoked": 15, "privacy_policy_contain_explicit_acceptance": true, "privacy_policy_page_detected_google_play": false}