{"md5": "49a004467b3469870491d6ef0f9e6724", "permission_requested": ["android.permission.FOREGROUND_SERVICE", "android.permission.ACCESS_WIFI_STATE", "android.permission.WAKE_LOCK", "com.google.android.gms.permission.ACTIVITY_RECOGNITION", "android.permission.ACCESS_NETWORK_STATE", "android.permission.ACCESS_FINE_LOCATION", "android.permission.RECEIVE_BOOT_COMPLETED", "com.google.android.finsky.permission.BIND_GET_INSTALL_REFERRER_SERVICE", "com.google.android.c2dm.permission.RECEIVE", "android.permission.ACCESS_COARSE_LOCATION", "android.permission.INTERNET", "android.permission.WRITE_EXTERNAL_STORAGE", "com.google.android.providers.gsf.permission.READ_GSERVICES"], "trackers_inside": ["Google Firebase Analytics", "Google Ads", "Google CrashLytics", "Adjust"], "execution_time_app_analyzer": 44.487969636917114, "api_to_monitoring_all": 258, "type_analysis": "Droidbot", "max_actions": 20, "timeout": 10, "privacy_policy_page_detected": false, "privacy_policy_page_md5": "N.A", "timeout_privacy_policy_page": false, "home_button_change_privacy_policy_page": false, "back_button_change_privacy_policy_page": false, "actions_needed_to_reach_privacy_policy": 19, "api_invoked_during_dynamic_analysis": 195, "app_is_compliant_with_google_play_store": false, "app_analyzed": true, "num_tentative": 1, "different_api_invoked": 17, "privacy_policy_page_detected_google_play": true}