{"md5": "4a34a4ce294ff7455ff0e697c7188cd4", "permission_requested": ["com.android.vending.BILLING", "android.permission.ACCESS_NETWORK_STATE", "com.google.android.c2dm.permission.RECEIVE", "android.permission.VIBRATE", "android.permission.USE_CREDENTIALS", "android.permission.WRITE_EXTERNAL_STORAGE", "android.permission.WAKE_LOCK", "android.permission.READ_EXTERNAL_STORAGE", "com.google.android.finsky.permission.BIND_GET_INSTALL_REFERRER_SERVICE", "android.permission.INTERNET"], "trackers_inside": ["Facebook Ads", "Google CrashLytics", "Google Ads", "Google DoubleClick", "Google Firebase Analytics"], "execution_time_app_analyzer": 45.712217807769775, "api_to_monitoring_all": 412, "type_analysis": "Droidbot", "max_actions": 20, "timeout": 10, "privacy_policy_page_detected": false, "privacy_policy_page_md5": "N.A", "timeout_privacy_policy_page": false, "home_button_change_privacy_policy_page": false, "back_button_change_privacy_policy_page": false, "actions_needed_to_reach_privacy_policy": 19, "api_invoked_during_dynamic_analysis": 116393, "app_is_compliant_with_google_play_store": false, "app_analyzed": true, "num_tentative": 1, "different_api_invoked": 28, "privacy_policy_page_detected_google_play": true}