{"md5": "4a812ba23d2e3cc5af9ed2c988048c1a", "permission_requested": ["android.permission.REQUEST_IGNORE_BATTERY_OPTIMIZATIONS", "android.permission.ACCESS_FINE_LOCATION", "android.permission.ACCESS_NETWORK_STATE", "android.permission.SYSTEM_ALERT_WINDOW", "android.permission.VIBRATE", "com.android.vending.BILLING", "android.permission.INTERNET", "android.permission.READ_EXTERNAL_STORAGE", "android.permission.MODIFY_AUDIO_SETTINGS", "android.permission.BIND_APPWIDGET", "android.permission.SET_TIME", "android.permission.ACCESS_LOCATION_EXTRA_COMMANDS", "android.permission.WRITE_EXTERNAL_STORAGE", "com.google.android.finsky.permission.BIND_GET_INSTALL_REFERRER_SERVICE", "android.permission.FOREGROUND_SERVICE", "android.permission.GET_TASKS", "com.google.android.c2dm.permission.RECEIVE", "android.permission.ACCESS_COARSE_LOCATION", "android.permission.RECEIVE_BOOT_COMPLETED", "android.permission.READ_PHONE_STATE", "android.permission.REORDER_TASKS", "android.permission.DISABLE_KEYGUARD", "android.permission.WAKE_LOCK"], "trackers_inside": ["Google Ads", "Facebook Analytics", "Google DoubleClick", "Google Firebase Analytics"], "execution_time_app_analyzer": 54.038984060287476, "api_to_monitoring_all": 324, "type_analysis": "Droidbot", "max_actions": 20, "timeout": 10, "privacy_policy_page_detected": false, "privacy_policy_page_md5": "N.A", "timeout_privacy_policy_page": false, "home_button_change_privacy_policy_page": false, "back_button_change_privacy_policy_page": false, "actions_needed_to_reach_privacy_policy": 19, "api_invoked_during_dynamic_analysis": 0, "app_is_compliant_with_google_play_store": false, "app_analyzed": true, "num_tentative": 2, "privacy_policy_page_detected_google_play": true}