{"md5": "4e5b5bff53e30b5134237385d8c134a5", "permission_requested": ["android.permission.ACCESS_NETWORK_STATE", "com.google.android.c2dm.permission.RECEIVE", "android.permission.VIBRATE", "android.permission.ACCESS_WIFI_STATE", "android.permission.WRITE_EXTERNAL_STORAGE", "android.permission.WAKE_LOCK", "com.google.android.finsky.permission.BIND_GET_INSTALL_REFERRER_SERVICE", "android.permission.INTERNET"], "trackers_inside": ["Google Ads", "Google DoubleClick", "Google Firebase Analytics"], "execution_time_app_analyzer": 19.25592350959778, "api_to_monitoring_all": 229, "type_analysis": "Droidbot", "max_actions": 20, "timeout": 10, "privacy_policy_page_detected": true, "privacy_policy_page_md5": "18fdad429436aab2ee0ba180624db9ee", "timeout_privacy_policy_page": true, "home_button_change_privacy_policy_page": true, "back_button_change_privacy_policy_page": false, "actions_needed_to_reach_privacy_policy": 3, "api_invoked_during_dynamic_analysis": 30832, "app_is_compliant_with_google_play_store": false, "app_analyzed": true, "num_tentative": 2, "different_api_invoked": 19, "privacy_policy_contain_explicit_acceptance": true, "privacy_policy_page_detected_google_play": true}