{"md5": "4ed1bf3f58ba1e9a21dde967b04d4f63", "permission_requested": ["com.anddoes.launcher.permission.UPDATE_COUNT", "com.oppo.launcher.permission.READ_SETTINGS", "android.permission.WRITE_EXTERNAL_STORAGE", "com.google.android.providers.gsf.permission.READ_GSERVICES", "android.permission.DISABLE_KEYGUARD", "com.huawei.android.launcher.permission.READ_SETTINGS", "com.htc.launcher.permission.UPDATE_SHORTCUT", "android.permission.ACCESS_WIFI_STATE", "android.permission.ACCESS_FINE_LOCATION", "android.permission.MODIFY_AUDIO_SETTINGS", "android.permission.INTERNET", "com.htc.launcher.permission.READ_SETTINGS", "android.permission.READ_EXTERNAL_STORAGE", "com.sec.android.provider.badge.permission.READ", "com.oppo.launcher.permission.WRITE_SETTINGS", "com.majeur.launcher.permission.UPDATE_BADGE", "android.permission.BROADCAST_STICKY", "me.everything.badger.permission.BADGE_COUNT_WRITE", "com.google.android.finsky.permission.BIND_GET_INSTALL_REFERRER_SERVICE", "com.google.android.c2dm.permission.RECEIVE", "com.sonyericsson.home.permission.BROADCAST_BADGE", "com.huawei.android.launcher.permission.WRITE_SETTINGS", "me.everything.badger.permission.BADGE_COUNT_READ", "com.huawei.android.launcher.permission.CHANGE_BADGE", "com.android.vending.BILLING", "android.permission.FOREGROUND_SERVICE", "com.sec.android.provider.badge.permission.WRITE", "android.permission.WAKE_LOCK", "com.sonymobile.home.permission.PROVIDER_INSERT_BADGE", "android.permission.READ_APP_BADGE", "android.permission.RECORD_AUDIO", "android.permission.RECEIVE_BOOT_COMPLETED", "android.permission.BLUETOOTH", "android.permission.ACCESS_NETWORK_STATE", "android.permission.CAMERA"], "trackers_inside": ["AdColony", "Google Firebase Analytics", "Google Ads", "Twitter MoPub", "Yandex Ad", "AppLovin", "Google DoubleClick", "Adjust", "Google CrashLytics", "Vungle", "Facebook Analytics", "Amazon Analytics", "Moat", "Facebook Ads", "Amazon Advertisement", "Unity3d Ads", "Inmobi", "Flurry"], "execution_time_app_analyzer": 103.91730117797852, "api_to_monitoring_all": 2047, "type_analysis": "Droidbot", "max_actions": 20, "timeout": 10, "privacy_policy_page_detected": false, "privacy_policy_page_md5": "N.A", "timeout_privacy_policy_page": false, "home_button_change_privacy_policy_page": false, "back_button_change_privacy_policy_page": false, "actions_needed_to_reach_privacy_policy": 19, "api_invoked_during_dynamic_analysis": 86073, "app_is_compliant_with_google_play_store": false, "app_analyzed": true, "num_tentative": 1, "different_api_invoked": 73, "privacy_policy_page_detected_google_play": true}