{"md5": "4ef5afdebfcc70f05b082a7f1ee95ca6", "permission_requested": ["com.huawei.android.launcher.permission.READ_SETTINGS", "com.sonymobile.home.permission.PROVIDER_INSERT_BADGE", "android.permission.READ_APP_BADGE", "android.permission.WAKE_LOCK", "com.oppo.launcher.permission.WRITE_SETTINGS", "com.htc.launcher.permission.READ_SETTINGS", "android.permission.ACCESS_NETWORK_STATE", "com.android.vending.BILLING", "me.everything.badger.permission.BADGE_COUNT_READ", "com.htc.launcher.permission.UPDATE_SHORTCUT", "com.huawei.android.launcher.permission.WRITE_SETTINGS", "com.sete.tvzueiras.permission.C2D_MESSAGE", "com.sec.android.provider.badge.permission.READ", "me.everything.badger.permission.BADGE_COUNT_WRITE", "com.sec.android.provider.badge.permission.WRITE", "com.anddoes.launcher.permission.UPDATE_COUNT", "com.oppo.launcher.permission.READ_SETTINGS", "com.huawei.android.launcher.permission.CHANGE_BADGE", "android.permission.WRITE_EXTERNAL_STORAGE", "com.majeur.launcher.permission.UPDATE_BADGE", "com.google.android.c2dm.permission.RECEIVE", "android.permission.VIBRATE", "android.permission.RECEIVE_BOOT_COMPLETED", "android.permission.INTERNET", "android.permission.READ_EXTERNAL_STORAGE", "com.sonyericsson.home.permission.BROADCAST_BADGE"], "trackers_inside": ["Google DoubleClick", "Google Ads", "Google Firebase Analytics", "Google Analytics"], "execution_time_app_analyzer": 22.418782472610474, "api_to_monitoring_all": 221, "type_analysis": "Droidbot", "max_actions": 20, "timeout": 10, "privacy_policy_page_detected": false, "privacy_policy_page_md5": "N.A", "timeout_privacy_policy_page": false, "home_button_change_privacy_policy_page": false, "back_button_change_privacy_policy_page": false, "actions_needed_to_reach_privacy_policy": 19, "api_invoked_during_dynamic_analysis": 0, "app_is_compliant_with_google_play_store": false, "app_analyzed": true, "num_tentative": 1, "privacy_policy_page_detected_google_play": true}