{"md5": "50b51543978a17baebad68c3edb79d97", "permission_requested": ["android.permission.READ_PHONE_STATE", "com.google.android.c2dm.permission.RECEIVE", "com.and.games505.battleislands.permission.C2D_MESSAGE", "android.permission.WRITE_EXTERNAL_STORAGE", "android.permission.ACCESS_WIFI_STATE", "android.permission.GET_ACCOUNTS", "com.android.vending.BILLING", "android.permission.INTERNET", "android.permission.READ_EXTERNAL_STORAGE", "android.permission.ACCESS_NETWORK_STATE", "android.permission.GET_TASKS", "android.permission.WAKE_LOCK"], "trackers_inside": ["AdColony", "Google Firebase Analytics", "Google Ads", "AppLovin", "Vungle", "Facebook Analytics", "Moat", "ironSource", "Integral Ad Science", "Unity3d Ads"], "execution_time_app_analyzer": 34.578567028045654, "api_to_monitoring_all": 1821, "type_analysis": "Droidbot", "max_actions": 20, "timeout": 10, "privacy_policy_page_detected": false, "privacy_policy_page_md5": "N.A", "timeout_privacy_policy_page": false, "home_button_change_privacy_policy_page": false, "back_button_change_privacy_policy_page": false, "actions_needed_to_reach_privacy_policy": 13, "api_invoked_during_dynamic_analysis": 23, "app_is_compliant_with_google_play_store": false, "app_analyzed": true, "num_tentative": 1, "different_api_invoked": 8, "privacy_policy_page_detected_google_play": true}