{"md5": "50ba6fea5d1fe0f9989cee5f86cb39bb", "permission_requested": ["android.permission.WRITE_EXTERNAL_STORAGE", "com.android.vending.BILLING", "android.permission.INTERNET", "android.permission.WAKE_LOCK", "android.permission.ACCESS_NETWORK_STATE", "com.samsung.android.providers.context.permission.WRITE_USE_APP_FEATURE_SURVEY"], "trackers_inside": ["Inmobi", "Google DoubleClick", "Google Ads", "Google Analytics", "Facebook Ads", "Flurry"], "execution_time_app_analyzer": 22.608760356903076, "api_to_monitoring_all": 483, "type_analysis": "Droidbot", "max_actions": 20, "timeout": 10, "privacy_policy_page_detected": false, "privacy_policy_page_md5": "N.A", "timeout_privacy_policy_page": false, "home_button_change_privacy_policy_page": false, "back_button_change_privacy_policy_page": false, "actions_needed_to_reach_privacy_policy": 19, "api_invoked_during_dynamic_analysis": 0, "app_is_compliant_with_google_play_store": false, "app_analyzed": true, "num_tentative": 1, "privacy_policy_page_detected_google_play": true}