{"md5": "50d30187203807cbc5a069c9bc6549ca", "permission_requested": ["com.android.vending.CHECK_LICENSE", "android.permission.ACCESS_NETWORK_STATE", "android.permission.WAKE_LOCK", "com.google.android.c2dm.permission.RECEIVE", "android.permission.READ_EXTERNAL_STORAGE", "android.permission.INTERNET", "android.permission.CHANGE_WIFI_MULTICAST_STATE", "com.android.vending.BILLING", "android.permission.CHANGE_WIFI_STATE", "com.zerofour.turboleague.permission.C2D_MESSAGE", "android.permission.VIBRATE", "android.permission.WRITE_EXTERNAL_STORAGE", "android.permission.ACCESS_WIFI_STATE", "android.permission.GET_TASKS"], "trackers_inside": ["Tapjoy", "Moat", "Google Ads", "AppsFlyer", "Google DoubleClick", "Google Firebase Analytics", "AppLovin", "Unity3d Ads", "AdColony", "Integral Ad Science"], "execution_time_app_analyzer": 36.25391125679016, "api_to_monitoring_all": 1441, "app_analyzed": false, "privacy_policy_page_detected_google_play": true}