{"md5": "50ef60f085117a5024a9b947bb8a50d8", "permission_requested": ["android.permission.INTERNET", "android.permission.VIBRATE", "android.permission.ACCESS_WIFI_STATE", "com.google.android.finsky.permission.BIND_GET_INSTALL_REFERRER_SERVICE", "android.permission.RECEIVE_BOOT_COMPLETED", "android.permission.READ_EXTERNAL_STORAGE", "com.google.android.c2dm.permission.RECEIVE", "android.permission.WAKE_LOCK", "android.permission.WRITE_EXTERNAL_STORAGE", "android.permission.ACCESS_NETWORK_STATE"], "trackers_inside": ["Google Ads", "Google DoubleClick", "Facebook Ads", "Google Analytics", "Google Firebase Analytics", "Google CrashLytics"], "execution_time_app_analyzer": 50.701571226119995, "api_to_monitoring_all": 453, "type_analysis": "Droidbot", "max_actions": 20, "timeout": 10, "privacy_policy_page_detected": false, "privacy_policy_page_md5": "N.A", "timeout_privacy_policy_page": false, "home_button_change_privacy_policy_page": false, "back_button_change_privacy_policy_page": false, "actions_needed_to_reach_privacy_policy": 19, "api_invoked_during_dynamic_analysis": 7615, "app_is_compliant_with_google_play_store": false, "app_analyzed": true, "num_tentative": 1, "different_api_invoked": 42, "privacy_policy_page_detected_google_play": true}