{"md5": "53022b765b9bc2153cbcf60cac49a850", "permission_requested": ["android.permission.WAKE_LOCK", "android.permission.ACCESS_NETWORK_STATE", "android.permission.ACCESS_FINE_LOCATION", "com.google.android.finsky.permission.BIND_GET_INSTALL_REFERRER_SERVICE", "com.google.android.c2dm.permission.RECEIVE", "android.permission.INTERNET", "com.ihandysoft.ledflashlight.mini.permission.FRAMEWORK_SECURITY", "com.ihandysoft.ledflashlight.mini.permission.C2D_MESSAGE", "android.permission.CAMERA", "android.permission.FLASHLIGHT", "com.ihandysoft.ledflashlight.mini.permission.GOLDENEYE_SECURITY"], "trackers_inside": ["Twitter MoPub", "Facebook Ads", "Inmobi", "AppLovin", "Google CrashLytics", "AppsFlyer", "Integral Ad Science", "Amazon Advertisement", "Flurry", "Google DoubleClick", "Google Ads", "Moat", "Google Firebase Analytics", "Facebook Analytics"], "execution_time_app_analyzer": 56.0951509475708, "api_to_monitoring_all": 1654, "type_analysis": "Droidbot", "max_actions": 20, "timeout": 10, "privacy_policy_page_detected": false, "privacy_policy_page_md5": "N.A", "timeout_privacy_policy_page": false, "home_button_change_privacy_policy_page": false, "back_button_change_privacy_policy_page": false, "actions_needed_to_reach_privacy_policy": 19, "api_invoked_during_dynamic_analysis": 0, "app_is_compliant_with_google_play_store": false, "app_analyzed": true, "num_tentative": 1, "privacy_policy_page_detected_google_play": true}