{"md5": "53046736f1e87845e6b1d1154dbebd5d", "permission_requested": ["android.permission.ACCESS_NETWORK_STATE", "android.permission.INTERNET", "android.permission.READ_PHONE_STATE", "android.permission.CHANGE_CONFIGURATION", "com.google.android.c2dm.permission.RECEIVE", "android.permission.WRITE_EXTERNAL_STORAGE", "android.permission.READ_CONTACTS", "android.permission.WRITE_CONTACTS", "android.permission.MODIFY_AUDIO_SETTINGS", "android.permission.FOREGROUND_SERVICE", "android.permission.WRITE_SETTINGS", "com.music.mp3player.musicplayer.permission.C2D_MESSAGE", "android.permission.BROADCAST_STICKY", "android.permission.WAKE_LOCK", "android.permission.READ_EXTERNAL_STORAGE"], "trackers_inside": ["Google Firebase Analytics", "Google Analytics", "Google Ads", "Google CrashLytics", "Google DoubleClick"], "execution_time_app_analyzer": 45.75628399848938, "api_to_monitoring_all": 264, "type_analysis": "Droidbot", "max_actions": 20, "timeout": 10, "privacy_policy_page_detected": false, "privacy_policy_page_md5": "N.A", "timeout_privacy_policy_page": false, "home_button_change_privacy_policy_page": false, "back_button_change_privacy_policy_page": false, "actions_needed_to_reach_privacy_policy": 19, "api_invoked_during_dynamic_analysis": 92610, "app_is_compliant_with_google_play_store": false, "app_analyzed": true, "num_tentative": 1, "different_api_invoked": 15, "privacy_policy_page_detected_google_play": "Error"}