{"md5": "534e3b08696d9cbafb25f17ff54d0585", "permission_requested": ["com.anddoes.launcher.permission.UPDATE_COUNT", "com.oppo.launcher.permission.READ_SETTINGS", "android.permission.ACCESS_FINE_LOCATION", "com.oppo.launcher.permission.WRITE_SETTINGS", "com.sonymobile.home.permission.PROVIDER_INSERT_BADGE", "android.permission.ACCESS_NETWORK_STATE", "android.permission.KILL_BACKGROUND_PROCESSES", "android.permission.CAMERA", "android.permission.SYSTEM_ALERT_WINDOW", "com.android.vending.BILLING", "android.permission.VIBRATE", "android.permission.INTERNET", "com.huawei.android.launcher.permission.CHANGE_BADGE", "android.permission.BLUETOOTH", "android.permission.READ_EXTERNAL_STORAGE", "me.everything.badger.permission.BADGE_COUNT_WRITE", "me.everything.badger.permission.BADGE_COUNT_READ", "com.sec.android.provider.badge.permission.WRITE", "android.permission.CHANGE_WIFI_STATE", "com.sonyericsson.home.permission.BROADCAST_BADGE", "com.android.launcher.permission.INSTALL_SHORTCUT", "android.permission.USE_BIOMETRIC", "com.htc.launcher.permission.UPDATE_SHORTCUT", "android.permission.WRITE_EXTERNAL_STORAGE", "com.google.android.finsky.permission.BIND_GET_INSTALL_REFERRER_SERVICE", "android.permission.FOREGROUND_SERVICE", "android.permission.ACCESS_BACKGROUND_LOCATION", "android.permission.USE_FINGERPRINT", "com.huawei.android.launcher.permission.WRITE_SETTINGS", "android.permission.ACCESS_NOTIFICATION_POLICY", "com.google.android.c2dm.permission.RECEIVE", "android.permission.ACCESS_COARSE_LOCATION", "com.android.vending.CHECK_LICENSE", "android.permission.REQUEST_DELETE_PACKAGES", "android.permission.RECEIVE_BOOT_COMPLETED", "com.htc.launcher.permission.READ_SETTINGS", "android.permission.WRITE_SETTINGS", "com.majeur.launcher.permission.UPDATE_BADGE", "com.huawei.android.launcher.permission.READ_SETTINGS", "android.permission.BLUETOOTH_ADMIN", "android.permission.WAKE_LOCK", "android.permission.READ_APP_BADGE", "com.sec.android.provider.badge.permission.READ"], "trackers_inside": ["Facebook Ads", "Google DoubleClick", "Google Firebase Analytics", "Google Ads", "Google CrashLytics"], "execution_time_app_analyzer": 35.568893909454346, "api_to_monitoring_all": 522, "type_analysis": "Droidbot", "max_actions": 20, "timeout": 10, "privacy_policy_page_detected": false, "privacy_policy_page_md5": "N.A", "timeout_privacy_policy_page": false, "home_button_change_privacy_policy_page": false, "back_button_change_privacy_policy_page": false, "actions_needed_to_reach_privacy_policy": 19, "api_invoked_during_dynamic_analysis": 78067, "app_is_compliant_with_google_play_store": false, "app_analyzed": true, "num_tentative": 2, "different_api_invoked": 39, "privacy_policy_page_detected_google_play": true}