{"md5": "569e927c25e404413021f8d689642f82", "permission_requested": ["android.permission.ACCESS_NETWORK_STATE", "com.android.vending.BILLING", "com.google.android.c2dm.permission.RECEIVE", "android.permission.VIBRATE", "android.permission.ACCESS_FINE_LOCATION", "android.permission.READ_PHONE_STATE", "com.cg.fanofguns.permission.C2D_MESSAGE", "android.permission.WRITE_EXTERNAL_STORAGE", "android.permission.WAKE_LOCK", "android.permission.READ_EXTERNAL_STORAGE", "com.google.android.finsky.permission.BIND_GET_INSTALL_REFERRER_SERVICE", "android.permission.INTERNET"], "trackers_inside": ["Google Ads", "Google DoubleClick", "Google Firebase Analytics"], "execution_time_app_analyzer": 28.139461994171143, "api_to_monitoring_all": 226, "type_analysis": "Droidbot", "max_actions": 20, "timeout": 10, "privacy_policy_page_detected": false, "privacy_policy_page_md5": "N.A", "timeout_privacy_policy_page": false, "home_button_change_privacy_policy_page": false, "back_button_change_privacy_policy_page": false, "actions_needed_to_reach_privacy_policy": 19, "api_invoked_during_dynamic_analysis": 1958, "app_is_compliant_with_google_play_store": false, "app_analyzed": true, "num_tentative": 1, "different_api_invoked": 17, "privacy_policy_page_detected_google_play": true}