{"md5": "57573ceec64fb655f44ec9d5c0b66eec", "permission_requested": ["com.android.vending.CHECK_LICENSE", "android.permission.WRITE_EXTERNAL_STORAGE", "android.permission.INTERNET", "android.permission.ACCESS_WIFI_STATE", "com.DynamicGames.SpeedwayMasters2Demo.permission.C2D_MESSAGE", "android.permission.GET_TASKS", "android.permission.VIBRATE", "android.permission.GET_ACCOUNTS", "com.google.android.c2dm.permission.RECEIVE", "android.permission.ACCESS_NETWORK_STATE", "android.permission.WAKE_LOCK"], "trackers_inside": ["Inmobi", "Google DoubleClick", "AdColony", "Google Ads", "Amazon Advertisement", "Google Analytics", "Facebook Ads", "Flurry", "Unity3d Ads", "Twitter MoPub"], "execution_time_app_analyzer": 28.89853024482727, "api_to_monitoring_all": 1047, "type_analysis": "Droidbot", "max_actions": 20, "timeout": 10, "privacy_policy_page_detected": false, "privacy_policy_page_md5": "N.A", "timeout_privacy_policy_page": false, "home_button_change_privacy_policy_page": false, "back_button_change_privacy_policy_page": false, "actions_needed_to_reach_privacy_policy": 19, "api_invoked_during_dynamic_analysis": 0, "app_is_compliant_with_google_play_store": false, "app_analyzed": true, "num_tentative": 1, "privacy_policy_page_detected_google_play": true}