{"md5": "59934159d6779fbc2bff6e83b7e2103e", "permission_requested": ["android.permission.INTERNET", "android.permission.VIBRATE", "android.permission.FOREGROUND_SERVICE", "com.android.vending.BILLING", "android.permission.ACCESS_NETWORK_STATE", "android.permission.RECEIVE_BOOT_COMPLETED", "com.google.android.finsky.permission.BIND_GET_INSTALL_REFERRER_SERVICE", "android.permission.WAKE_LOCK", "android.permission.CHANGE_NETWORK_STATE", "com.google.android.c2dm.permission.RECEIVE"], "trackers_inside": ["Google Ads", "Google DoubleClick", "Google Firebase Analytics"], "execution_time_app_analyzer": 37.15655207633972, "api_to_monitoring_all": 201, "type_analysis": "Droidbot", "max_actions": 20, "timeout": 10, "privacy_policy_page_detected": true, "privacy_policy_page_md5": "7be49a37ff31168b29c6c1d37a116358", "timeout_privacy_policy_page": false, "home_button_change_privacy_policy_page": true, "back_button_change_privacy_policy_page": false, "actions_needed_to_reach_privacy_policy": 1, "api_invoked_during_dynamic_analysis": 32511, "app_is_compliant_with_google_play_store": false, "app_analyzed": true, "num_tentative": 1, "privacy_policy_contain_explicit_acceptance": true, "different_api_invoked": 7, "privacy_policy_page_detected_google_play": true}