{"md5": "5997488143573ce342428044c59f270b", "permission_requested": ["android.permission.USE_CREDENTIALS", "android.permission.ACCESS_NETWORK_STATE", "android.permission.READ_PHONE_STATE", "com.android.launcher.permission.INSTALL_SHORTCUT", "android.permission.VIBRATE", "com.microsoft.office.onenote.permission.CONTENT_READ", "android.permission.GET_PACKAGE_SIZE", "android.permission.SYSTEM_ALERT_WINDOW", "android.permission.WRITE_SYNC_SETTINGS", "android.permission.WAKE_LOCK", "android.permission.WRITE_EXTERNAL_STORAGE", "com.cyanogen.ambient.permission.READ_DEEPLINK_DATABASE", "com.android.launcher.permission.UNINSTALL_SHORTCUT", "android.permission.CHANGE_WIFI_STATE", "android.permission.CAMERA", "android.permission.AUTHENTICATE_ACCOUNTS", "cyanogenmod.permission.PUBLISH_CUSTOM_TILE", "com.android.alarm.permission.SET_ALARM", "android.permission.ACCESS_WIFI_STATE", "android.permission.INTERNET", "android.permission.MANAGE_ACCOUNTS", "android.permission.READ_EXTERNAL_STORAGE", "android.permission.FOREGROUND_SERVICE", "android.permission.GET_ACCOUNTS", "android.permission.RECEIVE_BOOT_COMPLETED", "android.permission.CHANGE_NETWORK_STATE", "android.permission.USE_FINGERPRINT", "android.permission.FLASHLIGHT", "android.permission.RECORD_AUDIO"], "trackers_inside": [], "execution_time_app_analyzer": 54.0362594127655, "api_to_monitoring_all": 77, "type_analysis": "Droidbot", "max_actions": 20, "timeout": 10, "privacy_policy_page_detected": true, "privacy_policy_page_md5": "8f342fc52afaab4f9eed77d1b92e7439", "timeout_privacy_policy_page": false, "home_button_change_privacy_policy_page": true, "back_button_change_privacy_policy_page": true, "actions_needed_to_reach_privacy_policy": 7, "api_invoked_during_dynamic_analysis": 72, "app_is_compliant_with_google_play_store": false, "app_analyzed": true, "num_tentative": 1, "privacy_policy_contain_explicit_acceptance": true, "different_api_invoked": 4, "privacy_policy_page_detected_google_play": true}