{"md5": "59a24f38ab65225c2885eab11f051922", "permission_requested": ["android.permission.ACCESS_COARSE_LOCATION", "android.permission.RECEIVE_BOOT_COMPLETED", "android.permission.INTERNET", "glshare.permission.ACCESS_SHARED_DATA", "com.google.android.c2dm.permission.RECEIVE", "android.permission.ACCESS_WIFI_STATE", "android.permission.VIBRATE", "android.permission.ACCESS_NETWORK_STATE", "android.permission.WRITE_EXTERNAL_STORAGE", "com.android.vending.BILLING", "com.gameloft.android.ANMP.GloftDYHM.permission.C2D_MESSAGE", "android.permission.READ_EXTERNAL_STORAGE", "com.google.android.finsky.permission.BIND_GET_INSTALL_REFERRER_SERVICE", "android.permission.FOREGROUND_SERVICE", "android.permission.WAKE_LOCK"], "trackers_inside": ["Google CrashLytics", "Google Analytics", "Facebook Ads", "Unity3d Ads", "Moat", "Google Ads", "AppLovin", "Google DoubleClick", "ironSource", "Google Firebase Analytics", "Facebook Analytics", "Vungle"], "execution_time_app_analyzer": 40.37490677833557, "api_to_monitoring_all": 1982, "type_analysis": "Droidbot", "max_actions": 20, "timeout": 10, "privacy_policy_page_detected": false, "privacy_policy_page_md5": "N.A", "timeout_privacy_policy_page": false, "home_button_change_privacy_policy_page": false, "back_button_change_privacy_policy_page": false, "actions_needed_to_reach_privacy_policy": 14, "api_invoked_during_dynamic_analysis": 0, "app_is_compliant_with_google_play_store": false, "app_analyzed": true, "num_tentative": 1, "privacy_policy_page_detected_google_play": true}