{"md5": "5b8c2fa489333b08e7efe6f10f4991b1", "permission_requested": ["android.permission.ACCESS_NETWORK_STATE", "android.permission.ACCESS_WIFI_STATE", "android.permission.READ_PHONE_STATE", "android.permission.READ_EXTERNAL_STORAGE", "com.android.vending.BILLING", "android.permission.VIBRATE", "android.permission.WAKE_LOCK", "android.permission.INTERNET", "android.permission.SYSTEM_ALERT_WINDOW", "com.google.android.c2dm.permission.RECEIVE", "android.permission.FOREGROUND_SERVICE", "android.permission.WRITE_CALENDAR", "com.google.android.finsky.permission.BIND_GET_INSTALL_REFERRER_SERVICE", "android.permission.RECEIVE_BOOT_COMPLETED", "android.permission.CAMERA", "android.permission.READ_CALENDAR", "android.permission.WRITE_EXTERNAL_STORAGE"], "trackers_inside": ["Google Firebase Analytics", "Facebook Analytics", "Google CrashLytics", "Google Ads", "AppsFlyer"], "execution_time_app_analyzer": 66.70190048217773, "api_to_monitoring_all": 515, "type_analysis": "Droidbot", "max_actions": 20, "timeout": 10, "privacy_policy_page_detected": true, "privacy_policy_page_md5": "dc7fc001b63a7ec8700b4404c1aa5d50", "timeout_privacy_policy_page": false, "home_button_change_privacy_policy_page": false, "back_button_change_privacy_policy_page": true, "actions_needed_to_reach_privacy_policy": 15, "api_invoked_during_dynamic_analysis": 0, "app_is_compliant_with_google_play_store": false, "app_analyzed": true, "num_tentative": 2, "privacy_policy_contain_explicit_acceptance": true, "privacy_policy_page_detected_google_play": true}