{"md5": "5ba04d82ec21ba6f77e8f2a483fe695e", "permission_requested": ["android.permission.INTERNET", "android.permission.ACCESS_NETWORK_STATE", "android.permission.WRITE_EXTERNAL_STORAGE", "com.android.vending.BILLING", "android.permission.READ_EXTERNAL_STORAGE", "com.google.android.finsky.permission.BIND_GET_INSTALL_REFERRER_SERVICE", "android.permission.REQUEST_INSTALL_PACKAGES", "android.permission.FOREGROUND_SERVICE", "android.permission.WAKE_LOCK"], "trackers_inside": ["Google Firebase Analytics", "Google Ads", "Facebook Ads", "Google DoubleClick"], "execution_time_app_analyzer": 25.24065923690796, "api_to_monitoring_all": 389, "type_analysis": "Droidbot", "max_actions": 20, "timeout": 10, "privacy_policy_page_detected": true, "privacy_policy_page_md5": "f819bfac79953cd6fd03038a77873e1c", "timeout_privacy_policy_page": false, "home_button_change_privacy_policy_page": false, "back_button_change_privacy_policy_page": false, "actions_needed_to_reach_privacy_policy": 3, "api_invoked_during_dynamic_analysis": 31049, "app_is_compliant_with_google_play_store": false, "app_analyzed": true, "num_tentative": 1, "different_api_invoked": 31, "privacy_policy_contain_explicit_acceptance": true, "privacy_policy_page_detected_google_play": true}