{"md5": "5c2695993fd5c1ae25a0b2ebc928e105", "permission_requested": ["android.permission.USE_CREDENTIALS", "com.mi.global.bbs.permission.MIPUSH_RECEIVE", "android.permission.ACCESS_NETWORK_STATE", "com.xiaomi.permission.CLOUD_MANAGER", "com.xiaomi.passport.permission.PASSPORT_UI_CONTROLLER_SERVICE", "com.mi.global.bbs.permission.C2D_MESSAGE", "android.permission.ACCESS_WIFI_STATE", "android.permission.READ_EXTERNAL_STORAGE", "android.permission.WRITE_EXTERNAL_STORAGE", "android.permission.VIBRATE", "android.permission.GET_ACCOUNTS", "com.google.android.finsky.permission.BIND_GET_INSTALL_REFERRER_SERVICE", "android.permission.GET_TASKS", "android.permission.ACCESS_FINE_LOCATION", "android.permission.AUTHENTICATE_ACCOUNTS", "android.permission.CAMERA", "android.permission.CAPTURE_AUDIO_OUTPUT", "android.permission.READ_PHONE_STATE", "android.permission.KILL_BACKGROUND_PROCESSES", "android.permission.REQUEST_INSTALL_PACKAGES", "com.google.android.c2dm.permission.RECEIVE", "android.permission.INTERNET", "android.permission.CHANGE_CONFIGURATION", "android.permission.WAKE_LOCK", "android.permission.ACCESS_COARSE_LOCATION", "android.permission.MANAGE_ACCOUNTS"], "trackers_inside": ["Google Firebase Analytics", "Facebook Analytics", "Google Analytics"], "execution_time_app_analyzer": 64.50554990768433, "api_to_monitoring_all": 231, "type_analysis": "Droidbot", "max_actions": 20, "timeout": 10, "privacy_policy_page_detected": true, "privacy_policy_page_md5": "d2f83e8031e0123da96ceea2ff5f4415", "timeout_privacy_policy_page": false, "home_button_change_privacy_policy_page": false, "back_button_change_privacy_policy_page": false, "actions_needed_to_reach_privacy_policy": 1, "api_invoked_during_dynamic_analysis": 141, "app_is_compliant_with_google_play_store": false, "app_analyzed": true, "num_tentative": 2, "different_api_invoked": 28, "privacy_policy_contain_explicit_acceptance": true, "privacy_policy_page_detected_google_play": true}