{"md5": "5d3571e56d8d6014b87ed4387f958528", "permission_requested": ["android.permission.READ_EXTERNAL_STORAGE", "android.permission.INTERNET", "android.permission.ACCESS_WIFI_STATE", "android.permission.USE_FINGERPRINT", "android.permission.NFC", "android.permission.WAKE_LOCK", "android.permission.RECEIVE_BOOT_COMPLETED", "android.permission.VIBRATE", "android.permission.FOREGROUND_SERVICE", "com.google.android.c2dm.permission.RECEIVE", "android.permission.WRITE_EXTERNAL_STORAGE", "com.google.android.finsky.permission.BIND_GET_INSTALL_REFERRER_SERVICE", "android.permission.ACCESS_NETWORK_STATE"], "trackers_inside": ["Google CrashLytics", "Google Firebase Analytics", "Google Ads"], "execution_time_app_analyzer": 99.9143614768982, "api_to_monitoring_all": 210, "type_analysis": "Droidbot", "max_actions": 20, "timeout": 10, "privacy_policy_page_detected": false, "privacy_policy_page_md5": "N.A", "timeout_privacy_policy_page": false, "home_button_change_privacy_policy_page": false, "back_button_change_privacy_policy_page": false, "actions_needed_to_reach_privacy_policy": 15, "api_invoked_during_dynamic_analysis": 57, "app_is_compliant_with_google_play_store": false, "app_analyzed": true, "num_tentative": 2, "different_api_invoked": 15, "privacy_policy_page_detected_google_play": true}