{"md5": "5d4ef1df7a8493758d0a3e5e85e1a3f6", "permission_requested": ["android.permission.SET_WALLPAPER", "android.permission.VIBRATE", "android.permission.RECEIVE_BOOT_COMPLETED", "android.permission.INTERNET", "android.permission.ACCESS_NETWORK_STATE"], "trackers_inside": ["Unity3d Ads", "Google DoubleClick", "Google Ads"], "execution_time_app_analyzer": 23.571234703063965, "api_to_monitoring_all": 380, "type_analysis": "Droidbot", "max_actions": 20, "timeout": 10, "privacy_policy_page_detected": true, "privacy_policy_page_md5": "95733c7806a89cf0ce632e45989ca6f9", "timeout_privacy_policy_page": false, "home_button_change_privacy_policy_page": false, "back_button_change_privacy_policy_page": false, "actions_needed_to_reach_privacy_policy": 0, "api_invoked_during_dynamic_analysis": 14290, "app_is_compliant_with_google_play_store": false, "app_analyzed": true, "num_tentative": 1, "different_api_invoked": 5, "privacy_policy_contain_explicit_acceptance": true, "privacy_policy_page_detected_google_play": true}