{"md5": "5dd7738172129451c17fb288f6e78ece", "permission_requested": ["android.permission.READ_EXTERNAL_STORAGE", "android.permission.USE_CREDENTIALS", "com.jobkorea.app.permission.C2D_MESSAGE", "android.permission.SYSTEM_ALERT_WINDOW", "android.permission.INTERNET", "com.google.android.finsky.permission.BIND_GET_INSTALL_REFERRER_SERVICE", "android.permission.ACCESS_WIFI_STATE", "android.permission.VIBRATE", "com.samsung.android.providers.context.permission.WRITE_USE_APP_FEATURE_SURVEY", "com.google.android.c2dm.permission.RECEIVE", "android.permission.WAKE_LOCK", "android.permission.ACCESS_NETWORK_STATE", "android.permission.GET_TASKS", "android.permission.WRITE_EXTERNAL_STORAGE", "com.google.android.providers.gsf.permission.READ_GSERVICES", "android.permission.GET_ACCOUNTS"], "trackers_inside": ["Google Ads", "Google CrashLytics", "Facebook Analytics", "Google Firebase Analytics"], "execution_time_app_analyzer": 63.54755353927612, "api_to_monitoring_all": 300, "type_analysis": "Droidbot", "max_actions": 20, "timeout": 10, "privacy_policy_page_detected": false, "privacy_policy_page_md5": "N.A", "timeout_privacy_policy_page": false, "home_button_change_privacy_policy_page": false, "back_button_change_privacy_policy_page": false, "actions_needed_to_reach_privacy_policy": 19, "api_invoked_during_dynamic_analysis": 101, "app_is_compliant_with_google_play_store": false, "app_analyzed": true, "num_tentative": 1, "different_api_invoked": 32, "privacy_policy_page_detected_google_play": true}