{"md5": "5e538a452e6b793bad8f686ad68a31c7", "permission_requested": ["android.permission.ACCESS_NETWORK_STATE", "android.permission.ACCESS_FINE_LOCATION", "android.permission.REORDER_TASKS", "android.permission.AUTHENTICATE_ACCOUNTS", "android.permission.RECEIVE_BOOT_COMPLETED", "android.permission.WAKE_LOCK", "android.permission.RECORD_AUDIO", "android.permission.FOREGROUND_SERVICE", "com.google.android.c2dm.permission.RECEIVE", "android.permission.INTERNET", "android.permission.ACCESS_COARSE_LOCATION", "android.permission.NFC", "android.permission.READ_SYNC_SETTINGS", "com.google.android.finsky.permission.BIND_GET_INSTALL_REFERRER_SERVICE", "android.permission.WRITE_SYNC_SETTINGS", "android.permission.CAMERA", "android.permission.WRITE_EXTERNAL_STORAGE"], "trackers_inside": ["Google Firebase Analytics", "Google CrashLytics", "Google Ads"], "execution_time_app_analyzer": 87.38519740104675, "api_to_monitoring_all": 192, "type_analysis": "Droidbot", "max_actions": 20, "timeout": 10, "privacy_policy_page_detected": false, "privacy_policy_page_md5": "N.A", "timeout_privacy_policy_page": false, "home_button_change_privacy_policy_page": false, "back_button_change_privacy_policy_page": false, "actions_needed_to_reach_privacy_policy": 19, "api_invoked_during_dynamic_analysis": 130, "app_is_compliant_with_google_play_store": false, "app_analyzed": true, "num_tentative": 1, "different_api_invoked": 13, "privacy_policy_page_detected_google_play": true}