{"md5": "5eb30155cff90395c850e47d81862e82", "permission_requested": ["android.permission.RECEIVE_BOOT_COMPLETED", "com.google.android.finsky.permission.BIND_GET_INSTALL_REFERRER_SERVICE", "android.permission.WRITE_EXTERNAL_STORAGE", "android.permission.READ_EXTERNAL_STORAGE", "android.permission.GET_ACCOUNTS", "android.permission.ACCESS_WIFI_STATE", "android.permission.ACCESS_FINE_LOCATION", "android.permission.READ_PHONE_STATE", "com.google.android.c2dm.permission.RECEIVE", "android.permission.ACCESS_COARSE_LOCATION", "android.permission.ACCESS_NETWORK_STATE", "com.android.vending.BILLING", "android.permission.WAKE_LOCK", "android.permission.VIBRATE", "android.permission.INTERNET"], "trackers_inside": ["Facebook Analytics", "Flurry", "Integral Ad Science", "AppsFlyer", "Facebook Ads", "Twitter MoPub", "Google DoubleClick", "Google Firebase Analytics", "Google Ads", "Amazon Advertisement", "Google CrashLytics"], "execution_time_app_analyzer": 70.67634129524231, "api_to_monitoring_all": 1132, "type_analysis": "Droidbot", "max_actions": 20, "timeout": 10, "privacy_policy_page_detected": false, "privacy_policy_page_md5": "N.A", "timeout_privacy_policy_page": false, "home_button_change_privacy_policy_page": false, "back_button_change_privacy_policy_page": false, "actions_needed_to_reach_privacy_policy": 19, "api_invoked_during_dynamic_analysis": 0, "app_is_compliant_with_google_play_store": false, "app_analyzed": true, "num_tentative": 1, "privacy_policy_page_detected_google_play": true}