{"md5": "5f0ce6093cc4eeb982d7ec9e13a37df9", "permission_requested": ["android.permission.ACCESS_NETWORK_STATE", "android.permission.ACCESS_FINE_LOCATION", "android.permission.ACCESS_WIFI_STATE", "android.permission.READ_PHONE_STATE", "com.google.android.finsky.permission.BIND_GET_INSTALL_REFERRER_SERVICE", "android.permission.VIBRATE", "android.permission.WAKE_LOCK", "android.permission.FOREGROUND_SERVICE", "android.permission.SYSTEM_ALERT_WINDOW", "android.permission.INTERNET", "android.permission.ACCESS_COARSE_LOCATION", "com.android.vending.BILLING", "com.google.android.c2dm.permission.RECEIVE", "android.permission.WRITE_CALENDAR", "com.android.vending.CHECK_LICENSE", "android.permission.REQUEST_IGNORE_BATTERY_OPTIMIZATIONS", "android.permission.RECEIVE_BOOT_COMPLETED", "android.permission.ACCESS_NOTIFICATION_POLICY", "android.permission.READ_CALENDAR", "android.permission.WRITE_EXTERNAL_STORAGE"], "trackers_inside": ["Google Firebase Analytics", "Google Ads", "Google DoubleClick"], "execution_time_app_analyzer": 24.306233406066895, "api_to_monitoring_all": 247, "type_analysis": "Droidbot", "max_actions": 20, "timeout": 10, "privacy_policy_page_detected": false, "privacy_policy_page_md5": "N.A", "timeout_privacy_policy_page": false, "home_button_change_privacy_policy_page": false, "back_button_change_privacy_policy_page": false, "actions_needed_to_reach_privacy_policy": 19, "api_invoked_during_dynamic_analysis": 93893, "app_is_compliant_with_google_play_store": false, "app_analyzed": true, "num_tentative": 1, "different_api_invoked": 13, "privacy_policy_page_detected_google_play": true}