{"md5": "5ff7acc3d187306f4ac6ee01f8dc9e5a", "permission_requested": ["com.android.vending.CHECK_LICENSE", "android.permission.ACCESS_NETWORK_STATE", "com.google.android.c2dm.permission.RECEIVE", "android.permission.WAKE_LOCK", "android.permission.android.permission.READ_PHONE_STATE", "android.permission.GET_ACCOUNTS", "android.permission.INTERNET", "com.android.vending.BILLING", "android.permission.RECEIVE_BOOT_COMPLETED", "android.permission.VIBRATE", "android.permission.WRITE_EXTERNAL_STORAGE", "android.permission.ACCESS_WIFI_STATE", "android.permission.GET_TASKS", "com.altivasoft.superherofighter3.permission.C2D_MESSAGE"], "trackers_inside": ["Google Ads", "Google Analytics", "Google DoubleClick", "Google Firebase Analytics", "Unity3d Ads"], "execution_time_app_analyzer": 21.55901336669922, "api_to_monitoring_all": 456, "type_analysis": "Droidbot", "max_actions": 20, "timeout": 10, "privacy_policy_page_detected": false, "privacy_policy_page_md5": "N.A", "timeout_privacy_policy_page": false, "home_button_change_privacy_policy_page": false, "back_button_change_privacy_policy_page": false, "actions_needed_to_reach_privacy_policy": 19, "api_invoked_during_dynamic_analysis": 1012, "app_is_compliant_with_google_play_store": false, "app_analyzed": true, "num_tentative": 1, "different_api_invoked": 11, "privacy_policy_page_detected_google_play": true}