{"md5": "60eab8134116ef8edbeb056c1ff3261f", "permission_requested": ["android.permission.BLUETOOTH", "android.permission.VIBRATE", "android.permission.RECEIVE_BOOT_COMPLETED", "android.permission.SYSTEM_ALERT_WINDOW", "android.permission.ACCESS_WIFI_STATE", "android.permission.INTERNET", "com.google.android.providers.gsf.permission.READ_GSERVICES", "com.google.android.finsky.permission.BIND_GET_INSTALL_REFERRER_SERVICE", "android.permission.USE_FULL_SCREEN_INTENT", "android.permission.FOREGROUND_SERVICE", "android.permission.READ_PHONE_STATE", "android.permission.ACCESS_COARSE_LOCATION", "android.permission.WAKE_LOCK", "android.permission.USE_FINGERPRINT", "android.permission.READ_EXTERNAL_STORAGE", "android.permission.ACCESS_NETWORK_STATE", "android.permission.WRITE_EXTERNAL_STORAGE", "com.google.android.c2dm.permission.RECEIVE", "com.android.vending.BILLING"], "trackers_inside": ["Google CrashLytics", "Google Ads", "Google Firebase Analytics", "Facebook Analytics", "Google DoubleClick", "Moat"], "execution_time_app_analyzer": 136.38559293746948, "api_to_monitoring_all": 480, "type_analysis": "Droidbot", "max_actions": 20, "timeout": 10, "privacy_policy_page_detected": false, "privacy_policy_page_md5": "N.A", "timeout_privacy_policy_page": false, "home_button_change_privacy_policy_page": false, "back_button_change_privacy_policy_page": false, "actions_needed_to_reach_privacy_policy": 19, "api_invoked_during_dynamic_analysis": 0, "app_is_compliant_with_google_play_store": false, "app_analyzed": true, "num_tentative": 1, "privacy_policy_page_detected_google_play": true}