{"md5": "6197d523dba85b2c554a95f310670f4f", "permission_requested": ["android.permission.INTERNET", "com.android.vending.BILLING", "android.permission.FOREGROUND_SERVICE", "android.permission.ACCESS_NETWORK_STATE", "android.permission.RECEIVE_BOOT_COMPLETED", "com.google.android.finsky.permission.BIND_GET_INSTALL_REFERRER_SERVICE", "android.permission.WAKE_LOCK", "com.google.android.c2dm.permission.RECEIVE", "android.permission.WRITE_EXTERNAL_STORAGE"], "trackers_inside": ["Google Ads", "Google DoubleClick", "Google CrashLytics", "Google Firebase Analytics"], "execution_time_app_analyzer": 45.836912393569946, "api_to_monitoring_all": 224, "type_analysis": "Droidbot", "max_actions": 20, "timeout": 10, "privacy_policy_page_detected": true, "privacy_policy_page_md5": "591f97be40fd8c56fab1f30412276b77", "timeout_privacy_policy_page": false, "home_button_change_privacy_policy_page": true, "back_button_change_privacy_policy_page": false, "actions_needed_to_reach_privacy_policy": 1, "api_invoked_during_dynamic_analysis": 9411, "app_is_compliant_with_google_play_store": false, "app_analyzed": true, "num_tentative": 1, "privacy_policy_contain_explicit_acceptance": true, "different_api_invoked": 21, "privacy_policy_page_detected_google_play": true}