{"md5": "64438d86cb87fd511c33098dd2c9075c", "permission_requested": ["android.permission.ACCESS_NETWORK_STATE", "android.permission.INTERNET"], "trackers_inside": ["Facebook Ads", "Google Analytics", "Inmobi", "Unity3d Ads", "Twitter MoPub", "Google Ads", "Google DoubleClick", "Vungle", "Flurry", "Amazon Advertisement"], "execution_time_app_analyzer": 31.7425799369812, "api_to_monitoring_all": 1002, "type_analysis": "Droidbot", "max_actions": 20, "timeout": 10, "privacy_policy_page_detected": false, "privacy_policy_page_md5": "N.A", "timeout_privacy_policy_page": false, "home_button_change_privacy_policy_page": false, "back_button_change_privacy_policy_page": false, "actions_needed_to_reach_privacy_policy": 19, "api_invoked_during_dynamic_analysis": 17380, "app_is_compliant_with_google_play_store": false, "app_analyzed": true, "num_tentative": 1, "different_api_invoked": 29, "privacy_policy_page_detected_google_play": true}