{"md5": "64786dd5c272a52fa0368820a94fadad", "permission_requested": ["android.permission.ACCESS_FINE_LOCATION", "com.android.vending.CHECK_LICENSE", "android.permission.WRITE_EXTERNAL_STORAGE", "com.android.vending.BILLING", "android.permission.ACCESS_WIFI_STATE", "android.permission.INTERNET", "android.permission.READ_EXTERNAL_STORAGE", "android.permission.SYSTEM_ALERT_WINDOW", "android.permission.VIBRATE", "android.permission.GET_ACCOUNTS", "android.permission.READ_PHONE_STATE", "com.google.android.c2dm.permission.RECEIVE", "android.permission.ACCESS_NETWORK_STATE", "android.permission.WAKE_LOCK", "com.fluik.PlumberCrack.permission.C2D_MESSAGE"], "trackers_inside": ["Inmobi", "Google CrashLytics", "AdColony", "Google DoubleClick", "Moat", "Google Ads", "Tapjoy", "Facebook Ads", "Flurry", "Twitter MoPub"], "execution_time_app_analyzer": 21.173454523086548, "api_to_monitoring_all": 819, "type_analysis": "Droidbot", "max_actions": 20, "timeout": 10, "privacy_policy_page_detected": false, "privacy_policy_page_md5": "N.A", "timeout_privacy_policy_page": false, "home_button_change_privacy_policy_page": false, "back_button_change_privacy_policy_page": false, "actions_needed_to_reach_privacy_policy": 19, "api_invoked_during_dynamic_analysis": 0, "app_is_compliant_with_google_play_store": false, "app_analyzed": true, "num_tentative": 1, "privacy_policy_page_detected_google_play": true}