{"md5": "6602854f2dbf895446834f60cf4d1c44", "permission_requested": ["android.permission.READ_SYNC_SETTINGS", "android.permission.WRITE_SYNC_SETTINGS", "android.permission.WRITE_EXTERNAL_STORAGE", "android.permission.VIBRATE", "android.permission.USE_FINGERPRINT", "android.permission.MANAGE_ACCOUNTS", "ru.mail.mailapp.permission.C2D_MESSAGE", "android.permission.FOREGROUND_SERVICE", "com.google.android.finsky.permission.BIND_GET_INSTALL_REFERRER_SERVICE", "com.google.android.gallery3d.permission.GALLERY_PROVIDER", "android.permission.WRITE_SETTINGS", "com.android.gallery3d.permission.GALLERY_PROVIDER", "android.permission.INTERNET", "android.permission.READ_SYNC_STATS", "android.permission.WRITE_CONTACTS", "android.permission.REQUEST_INSTALL_PACKAGES", "com.google.android.providers.gsf.permission.READ_GSERVICES", "android.permission.GET_ACCOUNTS", "android.permission.AUTHENTICATE_ACCOUNTS", "android.permission.WAKE_LOCK", "android.permission.READ_CONTACTS", "android.permission.READ_EXTERNAL_STORAGE", "android.permission.USE_CREDENTIALS", "com.google.android.c2dm.permission.RECEIVE", "android.permission.ACCESS_NETWORK_STATE"], "trackers_inside": ["Inmobi", "Facebook Analytics", "Google CrashLytics", "Google DoubleClick", "AppsFlyer", "Google Ads", "Google Firebase Analytics", "Google Analytics", "Facebook Ads", "Flurry"], "execution_time_app_analyzer": 88.75858616828918, "api_to_monitoring_all": 821, "type_analysis": "Droidbot", "max_actions": 20, "timeout": 10, "privacy_policy_page_detected": false, "privacy_policy_page_md5": "N.A", "timeout_privacy_policy_page": false, "home_button_change_privacy_policy_page": false, "back_button_change_privacy_policy_page": false, "actions_needed_to_reach_privacy_policy": 19, "api_invoked_during_dynamic_analysis": 0, "app_is_compliant_with_google_play_store": false, "app_analyzed": true, "num_tentative": 1, "privacy_policy_page_detected_google_play": true}