{"md5": "666a20f350113e56b008c38ea06f597e", "permission_requested": ["android.permission.ACCESS_NETWORK_STATE", "android.permission.INTERNET", "android.permission.WAKE_LOCK"], "trackers_inside": ["Google Ads", "Google Analytics"], "execution_time_app_analyzer": 15.042243957519531, "api_to_monitoring_all": 164, "type_analysis": "Droidbot", "max_actions": 20, "timeout": 10, "privacy_policy_page_detected": false, "privacy_policy_page_md5": "N.A", "timeout_privacy_policy_page": false, "home_button_change_privacy_policy_page": false, "back_button_change_privacy_policy_page": false, "actions_needed_to_reach_privacy_policy": 19, "api_invoked_during_dynamic_analysis": 44, "app_is_compliant_with_google_play_store": false, "app_analyzed": true, "num_tentative": 1, "different_api_invoked": 4, "privacy_policy_page_detected_google_play": true}