{"md5": "66c9be20de4f5aa083aae10a1826d624", "permission_requested": ["android.permission.INTERNET", "android.permission.ACCESS_FINE_LOCATION", "com.google.android.providers.gsf.permission.READ_GSERVICES", "android.permission.VIBRATE", "android.permission.ACCESS_NETWORK_STATE", "android.permission.RECEIVE_BOOT_COMPLETED", "com.google.android.finsky.permission.BIND_GET_INSTALL_REFERRER_SERVICE", "android.permission.WAKE_LOCK", "android.permission.READ_EXTERNAL_STORAGE", "com.google.android.c2dm.permission.RECEIVE", "android.permission.ACCESS_COARSE_LOCATION", "android.permission.WRITE_EXTERNAL_STORAGE"], "trackers_inside": ["Adjust", "Google CrashLytics", "Facebook Analytics", "Google Firebase Analytics", "Google Ads"], "execution_time_app_analyzer": 77.70269441604614, "api_to_monitoring_all": 328, "type_analysis": "Droidbot", "max_actions": 20, "timeout": 10, "privacy_policy_page_detected": false, "privacy_policy_page_md5": "N.A", "timeout_privacy_policy_page": false, "home_button_change_privacy_policy_page": false, "back_button_change_privacy_policy_page": false, "actions_needed_to_reach_privacy_policy": 19, "api_invoked_during_dynamic_analysis": 0, "app_is_compliant_with_google_play_store": false, "app_analyzed": true, "num_tentative": 1, "privacy_policy_page_detected_google_play": true}