{"md5": "673ab6a4c9d4e0a0c65154d702ca51cd", "permission_requested": ["android.permission.RECEIVE_BOOT_COMPLETED", "android.permission.INTERNET", "com.google.android.c2dm.permission.RECEIVE", "android.permission.ACCESS_WIFI_STATE", "android.permission.ACCESS_NETWORK_STATE", "com.android.vending.BILLING", "android.permission.WRITE_INTERNAL_STORAGE", "com.google.android.finsky.permission.BIND_GET_INSTALL_REFERRER_SERVICE", "android.permission.WAKE_LOCK"], "trackers_inside": ["Google Firebase Analytics", "Google Ads", "Google CrashLytics", "Google DoubleClick"], "execution_time_app_analyzer": 30.684738636016846, "api_to_monitoring_all": 252, "type_analysis": "Droidbot", "max_actions": 20, "timeout": 10, "privacy_policy_page_detected": false, "privacy_policy_page_md5": "N.A", "timeout_privacy_policy_page": false, "home_button_change_privacy_policy_page": false, "back_button_change_privacy_policy_page": false, "actions_needed_to_reach_privacy_policy": 19, "api_invoked_during_dynamic_analysis": 41, "app_is_compliant_with_google_play_store": false, "app_analyzed": true, "num_tentative": 1, "different_api_invoked": 5, "privacy_policy_page_detected_google_play": true}