{"md5": "675d518ec6509eb92dae6a5f9f3beb46", "permission_requested": ["android.permission.READ_EXTERNAL_STORAGE", "com.google.android.finsky.permission.BIND_GET_INSTALL_REFERRER_SERVICE", "android.permission.INTERNET", "android.permission.ACCESS_WIFI_STATE", "android.permission.AUTHENTICATE_ACCOUNTS", "android.permission.READ_PHONE_STATE", "android.permission.ACCESS_FINE_LOCATION", "android.permission.WAKE_LOCK", "android.permission.RECEIVE_BOOT_COMPLETED", "android.permission.MANAGE_ACCOUNTS", "android.permission.CALL_PHONE", "android.permission.ACCESS_COARSE_LOCATION", "android.permission.GET_ACCOUNTS", "com.google.android.providers.gsf.permission.READ_GSERVICES", "com.google.android.c2dm.permission.RECEIVE", "android.permission.READ_SYNC_STATS", "android.permission.WRITE_EXTERNAL_STORAGE", "android.permission.WRITE_SYNC_SETTINGS", "android.permission.ACCESS_NETWORK_STATE"], "trackers_inside": ["Google CrashLytics", "Google Firebase Analytics", "Google Ads", "AppsFlyer", "Facebook Analytics", "Google DoubleClick", "Google Analytics"], "execution_time_app_analyzer": 86.98812937736511, "api_to_monitoring_all": 597, "type_analysis": "Droidbot", "max_actions": 20, "timeout": 10, "privacy_policy_page_detected": false, "privacy_policy_page_md5": "N.A", "timeout_privacy_policy_page": false, "home_button_change_privacy_policy_page": false, "back_button_change_privacy_policy_page": false, "actions_needed_to_reach_privacy_policy": 19, "api_invoked_during_dynamic_analysis": 0, "app_is_compliant_with_google_play_store": false, "app_analyzed": true, "num_tentative": 1, "privacy_policy_page_detected_google_play": true}