{"md5": "67604718a928822cbda82041403d5397", "permission_requested": ["android.permission.INTERNET", "android.permission.VIBRATE", "com.android.vending.BILLING", "android.permission.ACCESS_NETWORK_STATE", "com.pixelcubestudios.android.cookiecollector2.permission.C2D_MESSAGE", "android.permission.RECEIVE_BOOT_COMPLETED", "com.google.android.finsky.permission.BIND_GET_INSTALL_REFERRER_SERVICE", "android.permission.WAKE_LOCK", "com.google.android.c2dm.permission.RECEIVE", "android.permission.ACCESS_WIFI_STATE", "android.permission.WRITE_EXTERNAL_STORAGE"], "trackers_inside": ["Flurry", "Unity3d Ads", "AppsFlyer", "Facebook Ads", "Facebook Analytics", "Google Firebase Analytics", "Google Ads", "Google DoubleClick"], "execution_time_app_analyzer": 39.81183099746704, "api_to_monitoring_all": 990, "type_analysis": "Droidbot", "max_actions": 20, "timeout": 10, "privacy_policy_page_detected": false, "privacy_policy_page_md5": "N.A", "timeout_privacy_policy_page": false, "home_button_change_privacy_policy_page": false, "back_button_change_privacy_policy_page": false, "actions_needed_to_reach_privacy_policy": 19, "api_invoked_during_dynamic_analysis": 0, "app_is_compliant_with_google_play_store": false, "app_analyzed": true, "num_tentative": 1, "privacy_policy_page_detected_google_play": true}