{"md5": "67ab937ebdae918999772e8a89376d67", "permission_requested": ["android.permission.INTERNET", "android.permission.GET_ACCOUNTS", "android.permission.READ_LOGS", "android.permission.READ_PHONE_STATE", "notes.notebook.memo.pad.color.notepad.locker.permission.C2D_MESSAGE", "android.permission.VIBRATE", "com.android.vending.BILLING", "android.permission.ACCESS_NETWORK_STATE", "android.permission.READ_CONTACTS", "android.permission.RECEIVE_BOOT_COMPLETED", "com.google.android.finsky.permission.BIND_GET_INSTALL_REFERRER_SERVICE", "com.sec.android.provider.badge.permission.WRITE", "android.permission.WAKE_LOCK", "android.permission.READ_EXTERNAL_STORAGE", "com.google.android.c2dm.permission.RECEIVE", "android.permission.ACCESS_WIFI_STATE", "android.permission.SYSTEM_ALERT_WINDOW", "android.permission.WRITE_EXTERNAL_STORAGE"], "trackers_inside": ["Google Analytics", "Flurry", "AppsFlyer", "Facebook Analytics", "Google Firebase Analytics", "Google Ads"], "execution_time_app_analyzer": 27.75545334815979, "api_to_monitoring_all": 566, "type_analysis": "Droidbot", "max_actions": 20, "timeout": 10, "privacy_policy_page_detected": false, "privacy_policy_page_md5": "N.A", "timeout_privacy_policy_page": false, "home_button_change_privacy_policy_page": false, "back_button_change_privacy_policy_page": false, "actions_needed_to_reach_privacy_policy": 19, "api_invoked_during_dynamic_analysis": 111, "app_is_compliant_with_google_play_store": false, "app_analyzed": true, "num_tentative": 1, "different_api_invoked": 28, "privacy_policy_page_detected_google_play": "Error"}