{"md5": "686ea904f92e29c9c4c21bb2bac8ad95", "permission_requested": ["com.google.android.finsky.permission.BIND_GET_INSTALL_REFERRER_SERVICE", "com.google.android.c2dm.permission.RECEIVE", "android.permission.VIBRATE", "com.google.android.providers.gsf.permission.READ_GSERVICES", "android.permission.RECEIVE_BOOT_COMPLETED", "com.android.vending.BILLING", "android.permission.INTERNET", "android.permission.ACCESS_NETWORK_STATE", "android.permission.WAKE_LOCK"], "trackers_inside": ["Google Firebase Analytics", "Google Ads", "Google CrashLytics"], "execution_time_app_analyzer": 31.42340612411499, "api_to_monitoring_all": 174, "app_analyzed": false, "privacy_policy_page_detected_google_play": true}