{"md5": "68f736e3a4e4847e1a1c15801a31f05e", "permission_requested": ["android.permission.ACCESS_WIFI_STATE", "android.permission.WAKE_LOCK", "android.permission.GET_ACCOUNTS", "android.permission.ACCESS_NETWORK_STATE", "com.ten5studio.ted.permission.UA_DATA", "android.permission.ACCESS_FINE_LOCATION", "com.google.android.c2dm.permission.RECEIVE", "android.permission.VIBRATE", "com.android.vending.CHECK_LICENSE", "android.permission.INTERNET", "android.permission.WRITE_EXTERNAL_STORAGE", "com.ten5studio.ted.permission.C2D_MESSAGE"], "trackers_inside": [], "execution_time_app_analyzer": 15.928776502609253, "api_to_monitoring_all": 86, "type_analysis": "Droidbot", "max_actions": 20, "timeout": 10, "privacy_policy_page_detected": false, "privacy_policy_page_md5": "N.A", "timeout_privacy_policy_page": false, "home_button_change_privacy_policy_page": false, "back_button_change_privacy_policy_page": false, "actions_needed_to_reach_privacy_policy": 19, "api_invoked_during_dynamic_analysis": 8, "app_is_compliant_with_google_play_store": false, "app_analyzed": true, "num_tentative": 1, "different_api_invoked": 1, "privacy_policy_page_detected_google_play": true}