{"md5": "6a2564ad0197b7383599017bc2a51c5d", "permission_requested": ["android.permission.WRITE_EXTERNAL_STORAGE", "android.permission.ACCESS_WIFI_STATE", "android.permission.BLUETOOTH", "android.permission.VIBRATE", "android.permission.FOREGROUND_SERVICE", "com.google.android.finsky.permission.BIND_GET_INSTALL_REFERRER_SERVICE", "android.permission.WRITE_SETTINGS", "android.permission.BLUETOOTH_ADMIN", "android.permission.INTERNET", "baidu.push.permission.WRITE_PUSHINFOPROVIDER.com.concur.breeze", "android.permission.GET_TASKS", "android.permission.READ_PROFILE", "android.permission.ACCESS_COARSE_LOCATION", "android.permission.ACCESS_FINE_LOCATION", "android.permission.RECEIVE_BOOT_COMPLETED", "android.permission.GET_ACCOUNTS", "android.permission.READ_CALENDAR", "android.permission.CAMERA", "android.permission.WAKE_LOCK", "android.permission.DISABLE_KEYGUARD", "android.permission.READ_CONTACTS", "android.permission.CHANGE_NETWORK_STATE", "android.permission.READ_EXTERNAL_STORAGE", "com.google.android.c2dm.permission.RECEIVE", "com.concur.breeze.permission.C2D_MESSAGE", "android.permission.ACCESS_NETWORK_STATE"], "trackers_inside": ["Google Analytics", "Google Ads", "Google Firebase Analytics"], "execution_time_app_analyzer": 151.53602719306946, "api_to_monitoring_all": 307, "type_analysis": "Droidbot", "max_actions": 20, "timeout": 10, "privacy_policy_page_detected": false, "privacy_policy_page_md5": "N.A", "timeout_privacy_policy_page": false, "home_button_change_privacy_policy_page": false, "back_button_change_privacy_policy_page": false, "actions_needed_to_reach_privacy_policy": 19, "api_invoked_during_dynamic_analysis": 19, "app_is_compliant_with_google_play_store": false, "app_analyzed": true, "num_tentative": 2, "different_api_invoked": 3, "privacy_policy_page_detected_google_play": true}