{"md5": "6ab501289a6cd3f828157d5212f03f7e", "permission_requested": ["android.permission.RECEIVE_BOOT_COMPLETED", "android.permission.WRITE_EXTERNAL_STORAGE", "com.google.android.gms.permission.ACTIVITY_RECOGNITION", "android.permission.ACCESS_WIFI_STATE", "android.permission.ACCESS_FINE_LOCATION", "android.permission.CHANGE_WIFI_STATE", "android.permission.ACCESS_NETWORK_STATE", "android.permission.CAMERA", "android.permission.INTERNET", "com.google.android.providers.gsf.permission.READ_GSERVICES"], "trackers_inside": ["Google Ads", "Google Analytics", "Google DoubleClick"], "execution_time_app_analyzer": 15.854580402374268, "api_to_monitoring_all": 261, "type_analysis": "Droidbot", "max_actions": 20, "timeout": 10, "privacy_policy_page_detected": false, "privacy_policy_page_md5": "N.A", "timeout_privacy_policy_page": false, "home_button_change_privacy_policy_page": false, "back_button_change_privacy_policy_page": false, "actions_needed_to_reach_privacy_policy": 19, "api_invoked_during_dynamic_analysis": 69856, "app_is_compliant_with_google_play_store": false, "app_analyzed": true, "num_tentative": 2, "different_api_invoked": 11, "privacy_policy_page_detected_google_play": true}