{"md5": "6b12ee919ffeff0aabf25a3b94fc08d4", "permission_requested": ["com.anddoes.launcher.permission.UPDATE_COUNT", "com.oppo.launcher.permission.READ_SETTINGS", "android.permission.ACCESS_FINE_LOCATION", "com.oppo.launcher.permission.WRITE_SETTINGS", "com.sonymobile.home.permission.PROVIDER_INSERT_BADGE", "android.permission.ACCESS_NETWORK_STATE", "android.permission.RECEIVE_MMS", "com.android.vending.BILLING", "android.permission.SET_WALLPAPER", "android.permission.WRITE_SMS", "android.permission.INTERNET", "com.huawei.android.launcher.permission.CHANGE_BADGE", "me.everything.badger.permission.BADGE_COUNT_WRITE", "me.everything.badger.permission.BADGE_COUNT_READ", "com.sec.android.provider.badge.permission.WRITE", "android.permission.CALL_PHONE", "com.sonyericsson.home.permission.BROADCAST_BADGE", "android.permission.READ_SMS", "android.permission.READ_CONTACTS", "com.htc.launcher.permission.UPDATE_SHORTCUT", "android.permission.WRITE_EXTERNAL_STORAGE", "com.google.android.finsky.permission.BIND_GET_INSTALL_REFERRER_SERVICE", "android.permission.FOREGROUND_SERVICE", "android.permission.SEND_SMS", "android.permission.ACCESS_WIFI_STATE", "com.huawei.android.launcher.permission.WRITE_SETTINGS", "com.google.android.c2dm.permission.RECEIVE", "android.permission.ACCESS_COARSE_LOCATION", "android.permission.REQUEST_DELETE_PACKAGES", "android.permission.RECEIVE_SMS", "android.permission.RECEIVE_BOOT_COMPLETED", "com.htc.launcher.permission.READ_SETTINGS", "com.majeur.launcher.permission.UPDATE_BADGE", "android.permission.READ_PHONE_STATE", "com.huawei.android.launcher.permission.READ_SETTINGS", "android.permission.READ_APP_BADGE", "android.permission.WAKE_LOCK", "com.sec.android.provider.badge.permission.READ"], "trackers_inside": ["Google Ads", "Google Firebase Analytics", "Google DoubleClick", "Google CrashLytics"], "execution_time_app_analyzer": 43.30587339401245, "api_to_monitoring_all": 285, "type_analysis": "Droidbot", "max_actions": 20, "timeout": 10, "privacy_policy_page_detected": false, "privacy_policy_page_md5": "N.A", "timeout_privacy_policy_page": false, "home_button_change_privacy_policy_page": false, "back_button_change_privacy_policy_page": false, "actions_needed_to_reach_privacy_policy": 19, "api_invoked_during_dynamic_analysis": 44, "app_is_compliant_with_google_play_store": false, "app_analyzed": true, "num_tentative": 2, "different_api_invoked": 9, "privacy_policy_page_detected_google_play": true}