{"md5": "6c5a6bb9d534f3a76cc1bf886b25937d", "permission_requested": ["android.permission.READ_EXTERNAL_STORAGE", "android.permission.ACCESS_COARSE_LOCATION", "android.permission.INTERNET", "com.google.android.finsky.permission.BIND_GET_INSTALL_REFERRER_SERVICE", "android.permission.CHANGE_WIFI_STATE", "android.permission.CAMERA", "android.permission.ACCESS_WIFI_STATE", "com.google.android.gms.permission.ACTIVITY_RECOGNITION", "android.permission.VIBRATE", "android.permission.ACCESS_FINE_LOCATION", "android.permission.CHANGE_NETWORK_STATE", "android.permission.FOREGROUND_SERVICE", "com.google.android.providers.gsf.permission.READ_GSERVICES", "android.permission.WAKE_LOCK", "com.google.android.c2dm.permission.RECEIVE", "android.permission.ACCESS_NETWORK_STATE", "android.permission.RECEIVE_BOOT_COMPLETED", "android.permission.WRITE_EXTERNAL_STORAGE", "android.permission.SYSTEM_ALERT_WINDOW"], "trackers_inside": ["Google Firebase Analytics", "Facebook Ads", "Google Analytics", "Google Ads", "Google DoubleClick", "Facebook Analytics", "Google CrashLytics"], "execution_time_app_analyzer": 93.131023645401, "api_to_monitoring_all": 563, "type_analysis": "Droidbot", "max_actions": 20, "timeout": 10, "privacy_policy_page_detected": true, "privacy_policy_page_md5": "beca1867946db8a4880a4a4a17a0ac99", "timeout_privacy_policy_page": false, "home_button_change_privacy_policy_page": false, "back_button_change_privacy_policy_page": false, "actions_needed_to_reach_privacy_policy": 0, "api_invoked_during_dynamic_analysis": 0, "app_is_compliant_with_google_play_store": true, "app_analyzed": true, "num_tentative": 1, "privacy_policy_contain_explicit_acceptance": true, "policy_page_compliant_third_party": true, "policy_page_compliant": true, "final_compliant": true, "privacy_policy_page_detected_google_play": true}