{"md5": "6c6dbdd0238f0de6250e870062a67db7", "permission_requested": ["android.permission.ACCESS_NETWORK_STATE", "android.permission.WAKE_LOCK", "com.android.vending.BILLING", "com.google.android.c2dm.permission.RECEIVE", "android.permission.INTERNET", "android.permission.BLUETOOTH", "com.google.android.finsky.permission.BIND_GET_INSTALL_REFERRER_SERVICE", "com.android.vending.CHECK_LICENSE", "android.permission.BLUETOOTH_ADMIN"], "trackers_inside": ["Google Analytics", "Google Firebase Analytics", "Google Ads", "Google DoubleClick"], "execution_time_app_analyzer": 20.648578643798828, "api_to_monitoring_all": 303, "type_analysis": "Droidbot", "max_actions": 20, "timeout": 10, "privacy_policy_page_detected": true, "privacy_policy_page_md5": "0fd2a4a7d2596169bb22060630fa8ee8", "timeout_privacy_policy_page": false, "home_button_change_privacy_policy_page": false, "back_button_change_privacy_policy_page": false, "actions_needed_to_reach_privacy_policy": 1, "api_invoked_during_dynamic_analysis": 11719, "app_is_compliant_with_google_play_store": false, "app_analyzed": true, "num_tentative": 1, "different_api_invoked": 19, "privacy_policy_contain_explicit_acceptance": true, "privacy_policy_page_detected_google_play": true}