{"md5": "6d426fbba90d769b7bca048cfd788993", "permission_requested": ["com.youriding.surf.permission.C2D_MESSAGE", "com.android.vending.CHECK_LICENSE", "android.permission.WRITE_EXTERNAL_STORAGE", "com.android.vending.BILLING", "android.permission.INTERNET", "android.permission.ACCESS_WIFI_STATE", "android.permission.RECEIVE_BOOT_COMPLETED", "android.permission.RECORD_AUDIO", "android.permission.VIBRATE", "com.google.android.c2dm.permission.RECEIVE", "android.permission.CAMERA", "android.permission.ACCESS_NETWORK_STATE", "android.permission.WAKE_LOCK"], "trackers_inside": ["Facebook Analytics", "Google DoubleClick", "Google Ads", "Google Firebase Analytics", "Adjust", "Google Analytics", "Unity3d Ads"], "execution_time_app_analyzer": 28.33008122444153, "api_to_monitoring_all": 585, "type_analysis": "Droidbot", "max_actions": 20, "timeout": 10, "privacy_policy_page_detected": false, "privacy_policy_page_md5": "N.A", "timeout_privacy_policy_page": false, "home_button_change_privacy_policy_page": false, "back_button_change_privacy_policy_page": false, "actions_needed_to_reach_privacy_policy": 19, "api_invoked_during_dynamic_analysis": 2141, "app_is_compliant_with_google_play_store": false, "app_analyzed": true, "num_tentative": 1, "different_api_invoked": 6, "privacy_policy_page_detected_google_play": true}