{"md5": "6e50743e27501f5f697ea21f99e35a7a", "permission_requested": ["android.permission.INTERNET", "android.permission.READ_PHONE_STATE", "android.permission.ACCESS_NETWORK_STATE", "android.permission.READ_CONTACTS", "android.permission.MODIFY_AUDIO_SETTINGS", "android.permission.RECEIVE_BOOT_COMPLETED", "android.permission.FLASHLIGHT", "android.permission.BIND_NOTIFICATION_LISTENER_SERVICE", "com.google.android.finsky.permission.BIND_GET_INSTALL_REFERRER_SERVICE", "android.permission.WAKE_LOCK", "android.permission.CAMERA", "com.google.android.c2dm.permission.RECEIVE", "com.anydroid.caller.name.announcer.permission.C2D_MESSAGE"], "trackers_inside": ["Google Ads", "Google DoubleClick", "Google Firebase Analytics"], "execution_time_app_analyzer": 27.52381443977356, "api_to_monitoring_all": 206, "type_analysis": "Droidbot", "max_actions": 20, "timeout": 10, "privacy_policy_page_detected": false, "privacy_policy_page_md5": "N.A", "timeout_privacy_policy_page": false, "home_button_change_privacy_policy_page": false, "back_button_change_privacy_policy_page": false, "actions_needed_to_reach_privacy_policy": 19, "api_invoked_during_dynamic_analysis": 0, "app_is_compliant_with_google_play_store": false, "app_analyzed": true, "num_tentative": 1, "privacy_policy_page_detected_google_play": true}