{"md5": "6e6f66d3d785db1034e17d51106837c7", "permission_requested": ["com.oppo.launcher.permission.READ_SETTINGS", "com.sec.android.provider.badge.permission.READ", "com.oppo.launcher.permission.WRITE_SETTINGS", "android.permission.WAKE_LOCK", "com.google.android.c2dm.permission.RECEIVE", "com.huawei.android.launcher.permission.READ_SETTINGS", "com.htc.launcher.permission.READ_SETTINGS", "com.sonymobile.home.permission.PROVIDER_INSERT_BADGE", "me.everything.badger.permission.BADGE_COUNT_READ", "com.sonyericsson.home.permission.BROADCAST_BADGE", "android.permission.RECEIVE_BOOT_COMPLETED", "com.htc.launcher.permission.UPDATE_SHORTCUT", "com.anddoes.launcher.permission.UPDATE_COUNT", "android.permission.READ_APP_BADGE", "android.permission.VIBRATE", "android.permission.WRITE_EXTERNAL_STORAGE", "com.huawei.android.launcher.permission.WRITE_SETTINGS", "com.huawei.android.launcher.permission.CHANGE_BADGE", "com.gedev.flags.permission.RECEIVE_ADM_MESSAGE", "android.permission.INTERNET", "me.everything.badger.permission.BADGE_COUNT_WRITE", "android.permission.ACCESS_NETWORK_STATE", "com.sec.android.provider.badge.permission.WRITE", "com.android.vending.BILLING", "com.gedev.flags.permission.C2D_MESSAGE", "com.majeur.launcher.permission.UPDATE_BADGE", "com.amazon.device.messaging.permission.RECEIVE"], "trackers_inside": ["Google Analytics", "Google Firebase Analytics", "Google Ads", "Google DoubleClick"], "execution_time_app_analyzer": 16.813323497772217, "api_to_monitoring_all": 214, "type_analysis": "Droidbot", "max_actions": 20, "timeout": 10, "privacy_policy_page_detected": false, "privacy_policy_page_md5": "N.A", "timeout_privacy_policy_page": false, "home_button_change_privacy_policy_page": false, "back_button_change_privacy_policy_page": false, "actions_needed_to_reach_privacy_policy": 19, "api_invoked_during_dynamic_analysis": 3502, "app_is_compliant_with_google_play_store": false, "app_analyzed": true, "num_tentative": 1, "different_api_invoked": 11, "privacy_policy_page_detected_google_play": true}