{"md5": "6f8f8b866b744f54d031e4fd70b94a85", "permission_requested": ["android.permission.ACCESS_FINE_LOCATION", "android.permission.READ_EXTERNAL_STORAGE", "android.permission.WRITE_EXTERNAL_STORAGE", "android.permission.INTERNET", "android.permission.ACCESS_WIFI_STATE", "android.permission.RECEIVE_BOOT_COMPLETED", "com.done.faasos.permission.MAPS_RECEIVE", "android.permission.VIBRATE", "com.google.android.providers.gsf.permission.READ_GSERVICES", "android.permission.GET_ACCOUNTS", "android.permission.READ_PHONE_STATE", "com.google.android.c2dm.permission.RECEIVE", "android.permission.ACCESS_NETWORK_STATE", "android.permission.WAKE_LOCK", "android.permission.FOREGROUND_SERVICE", "com.google.android.finsky.permission.BIND_GET_INSTALL_REFERRER_SERVICE", "android.permission.ACCESS_COARSE_LOCATION"], "trackers_inside": ["Facebook Analytics", "Google CrashLytics", "Google DoubleClick", "Branch", "Google Ads", "Google Firebase Analytics", "Google Analytics"], "execution_time_app_analyzer": 59.244688749313354, "api_to_monitoring_all": 430, "app_analyzed": false, "privacy_policy_page_detected_google_play": true}