{"md5": "6f925708dcb493db2bc36b7ea7b9f325", "permission_requested": ["android.permission.ACCESS_FINE_LOCATION", "android.permission.WRITE_EXTERNAL_STORAGE", "android.permission.READ_EXTERNAL_STORAGE", "android.permission.INTERNET", "android.permission.ACCESS_WIFI_STATE", "android.permission.RECEIVE_BOOT_COMPLETED", "android.permission.VIBRATE", "com.google.android.c2dm.permission.RECEIVE", "android.permission.ACCESS_NETWORK_STATE", "android.permission.WAKE_LOCK", "com.google.android.finsky.permission.BIND_GET_INSTALL_REFERRER_SERVICE", "com.android.alarm.permission.SET_ALARM"], "trackers_inside": ["Facebook Ads", "Google Ads", "Google Firebase Analytics"], "execution_time_app_analyzer": 23.857781648635864, "api_to_monitoring_all": 385, "type_analysis": "Droidbot", "max_actions": 20, "timeout": 10, "privacy_policy_page_detected": false, "privacy_policy_page_md5": "N.A", "timeout_privacy_policy_page": false, "home_button_change_privacy_policy_page": false, "back_button_change_privacy_policy_page": false, "actions_needed_to_reach_privacy_policy": 19, "api_invoked_during_dynamic_analysis": 132046, "app_is_compliant_with_google_play_store": false, "app_analyzed": true, "num_tentative": 1, "different_api_invoked": 22, "privacy_policy_page_detected_google_play": true}