{"md5": "7011f0da5e58fab083fbf6331bfc6a28", "permission_requested": ["android.permission.ACCESS_COARSE_LOCATION", "android.permission.INTERNET", "com.google.android.finsky.permission.BIND_GET_INSTALL_REFERRER_SERVICE", "android.permission.ACCESS_WIFI_STATE", "android.permission.ACCESS_FINE_LOCATION", "com.android.vending.BILLING", "android.permission.READ_PHONE_STATE", "com.google.android.c2dm.permission.RECEIVE", "android.permission.WAKE_LOCK", "android.permission.ACCESS_NETWORK_STATE", "android.permission.RECEIVE_BOOT_COMPLETED", "android.permission.WRITE_EXTERNAL_STORAGE", "android.permission.GET_ACCOUNTS"], "trackers_inside": ["Google Firebase Analytics", "Google Analytics", "Google Ads", "Google DoubleClick", "Amazon Advertisement"], "execution_time_app_analyzer": 28.38709259033203, "api_to_monitoring_all": 431, "type_analysis": "Droidbot", "max_actions": 20, "timeout": 10, "privacy_policy_page_detected": false, "privacy_policy_page_md5": "N.A", "timeout_privacy_policy_page": false, "home_button_change_privacy_policy_page": false, "back_button_change_privacy_policy_page": false, "actions_needed_to_reach_privacy_policy": 19, "api_invoked_during_dynamic_analysis": 102199, "app_is_compliant_with_google_play_store": false, "app_analyzed": true, "num_tentative": 1, "different_api_invoked": 83, "privacy_policy_page_detected_google_play": true}