{"md5": "708b7e6c0685a97458fa86f45720c5a1", "permission_requested": ["android.permission.ACCESS_NETWORK_STATE", "android.permission.STORAGE", "android.permission.ACCESS_WIFI_STATE", "android.permission.VIBRATE", "com.android.browser.permission.READ_HISTORY_BOOKMARKS", "android.permission.FLASHLIGHT", "android.permission.READ_EXTERNAL_STORAGE", "android.permission.INTERNET", "android.permission.WAKE_LOCK", "android.permission.READ_CONTACTS", "android.permission.CAMERA", "android.permission.CHANGE_WIFI_STATE", "android.permission.WRITE_EXTERNAL_STORAGE"], "trackers_inside": ["Google Firebase Analytics", "Google Ads", "Google DoubleClick"], "execution_time_app_analyzer": 27.734915494918823, "api_to_monitoring_all": 241, "type_analysis": "Droidbot", "max_actions": 20, "timeout": 10, "privacy_policy_page_detected": false, "privacy_policy_page_md5": "N.A", "timeout_privacy_policy_page": false, "home_button_change_privacy_policy_page": false, "back_button_change_privacy_policy_page": false, "actions_needed_to_reach_privacy_policy": 16, "api_invoked_during_dynamic_analysis": 0, "app_is_compliant_with_google_play_store": false, "app_analyzed": true, "num_tentative": 1, "privacy_policy_page_detected_google_play": true}