{"md5": "70d623a9457bb5871b850ca6db73e641", "permission_requested": ["android.permission.ACCESS_NETWORK_STATE", "android.permission.RECORD_AUDIO", "android.permission.ACCESS_FINE_LOCATION", "android.permission.READ_PHONE_STATE", "android.permission.ACCESS_COARSE_LOCATION", "android.permission.WAKE_LOCK", "com.google.android.c2dm.permission.RECEIVE", "android.permission.READ_EXTERNAL_STORAGE", "android.permission.INTERNET", "android.permission.WRITE_EXTERNAL_STORAGE", "com.google.android.finsky.permission.BIND_GET_INSTALL_REFERRER_SERVICE"], "trackers_inside": ["Inmobi", "Moat", "Google Ads", "Google DoubleClick", "Google Firebase Analytics", "Facebook Ads", "Integral Ad Science", "Google CrashLytics"], "execution_time_app_analyzer": 52.04033923149109, "api_to_monitoring_all": 538, "type_analysis": "Droidbot", "max_actions": 20, "timeout": 10, "privacy_policy_page_detected": false, "privacy_policy_page_md5": "N.A", "timeout_privacy_policy_page": false, "home_button_change_privacy_policy_page": false, "back_button_change_privacy_policy_page": false, "actions_needed_to_reach_privacy_policy": 19, "api_invoked_during_dynamic_analysis": 48124, "app_is_compliant_with_google_play_store": false, "app_analyzed": true, "num_tentative": 1, "different_api_invoked": 42, "privacy_policy_page_detected_google_play": true}