{"md5": "714a61a3e755a0d104bac1efa03f66f9", "permission_requested": ["android.permission.WRITE_EXTERNAL_STORAGE", "android.permission.INTERNET", "com.google.android.c2dm.permission.RECEIVE", "android.permission.ACCESS_NETWORK_STATE", "android.permission.WAKE_LOCK", "com.google.android.finsky.permission.BIND_GET_INSTALL_REFERRER_SERVICE"], "trackers_inside": ["Google CrashLytics", "AppLovin", "Google DoubleClick", "Twitter MoPub", "Moat", "Google Ads", "Google Firebase Analytics", "Integral Ad Science"], "execution_time_app_analyzer": 34.19945812225342, "api_to_monitoring_all": 890, "type_analysis": "Droidbot", "max_actions": 20, "timeout": 10, "privacy_policy_page_detected": false, "privacy_policy_page_md5": "N.A", "timeout_privacy_policy_page": false, "home_button_change_privacy_policy_page": false, "back_button_change_privacy_policy_page": false, "actions_needed_to_reach_privacy_policy": 19, "api_invoked_during_dynamic_analysis": 98084, "app_is_compliant_with_google_play_store": false, "app_analyzed": true, "num_tentative": 2, "different_api_invoked": 45, "privacy_policy_page_detected_google_play": true}