{"md5": "71ffffe71a9ce2ad74227c888565aeb0", "permission_requested": ["com.google.android.finsky.permission.BIND_GET_INSTALL_REFERRER_SERVICE", "com.google.android.c2dm.permission.RECEIVE", "android.permission.WRITE_EXTERNAL_STORAGE", "android.permission.USE_CREDENTIALS", "android.permission.ACCESS_WIFI_STATE", "android.permission.RECEIVE_BOOT_COMPLETED", "android.permission.GET_ACCOUNTS", "android.permission.ACCESS_FINE_LOCATION", "android.permission.USE_FULL_SCREEN_INTENT", "android.permission.AUTHENTICATE_ACCOUNTS", "android.permission.ACCESS_NETWORK_STATE", "android.permission.READ_EXTERNAL_STORAGE", "android.permission.MANAGE_ACCOUNTS", "android.permission.ACCESS_COARSE_LOCATION", "android.permission.CAMERA", "android.permission.INTERNET", "android.permission.FOREGROUND_SERVICE", "android.permission.WAKE_LOCK"], "trackers_inside": ["Google Firebase Analytics", "Google Ads", "Yandex Ad", "AppMetrica", "Google DoubleClick", "Adjust", "Google CrashLytics", "Facebook Analytics", "Google Analytics"], "execution_time_app_analyzer": 103.08431649208069, "api_to_monitoring_all": 601, "type_analysis": "Droidbot", "max_actions": 20, "timeout": 10, "privacy_policy_page_detected": false, "privacy_policy_page_md5": "N.A", "timeout_privacy_policy_page": false, "home_button_change_privacy_policy_page": false, "back_button_change_privacy_policy_page": false, "actions_needed_to_reach_privacy_policy": 19, "api_invoked_during_dynamic_analysis": 894, "app_is_compliant_with_google_play_store": false, "app_analyzed": true, "num_tentative": 1, "different_api_invoked": 12, "privacy_policy_page_detected_google_play": true}