{"md5": "726bf3fed4f0089fd5a54f03f2e22d1d", "permission_requested": ["android.permission.INTERNET", "android.permission.CHANGE_WIFI_STATE", "android.permission.ACCESS_WIFI_STATE", "android.permission.CHANGE_WIFI_MULTICAST_STATE", "android.permission.VIBRATE", "android.permission.WAKE_LOCK", "android.permission.ACCESS_NETWORK_STATE", "android.permission.FLASHLIGHT", "android.permission.CAMERA"], "trackers_inside": ["Google Ads", "Google DoubleClick", "Google Firebase Analytics"], "execution_time_app_analyzer": 29.892956495285034, "api_to_monitoring_all": 230, "type_analysis": "Droidbot", "max_actions": 20, "timeout": 10, "privacy_policy_page_detected": false, "privacy_policy_page_md5": "N.A", "timeout_privacy_policy_page": false, "home_button_change_privacy_policy_page": false, "back_button_change_privacy_policy_page": false, "actions_needed_to_reach_privacy_policy": 19, "api_invoked_during_dynamic_analysis": 1014, "app_is_compliant_with_google_play_store": false, "app_analyzed": true, "num_tentative": 2, "different_api_invoked": 11, "privacy_policy_page_detected_google_play": true}