{"md5": "7476a59dbbbe0968dc136cf0e083f858", "permission_requested": ["android.permission.ACCESS_NETWORK_STATE", "android.permission.INTERNET", "com.google.android.providers.gsf.permission.READ_GSERVICES", "android.permission.ACCESS_FINE_LOCATION", "android.permission.MANAGE_ACCOUNTS", "com.google.android.c2dm.permission.RECEIVE", "android.permission.WAKE_LOCK", "com.android.vending.BILLING", "android.permission.ACCESS_WIFI_STATE", "com.avast.android.common.avg.IDS_PERMISSION", "android.permission.AUTHENTICATE_ACCOUNTS", "android.permission.GET_ACCOUNTS", "android.permission.USE_CREDENTIALS", "android.permission.FOREGROUND_SERVICE", "com.google.android.finsky.permission.BIND_GET_INSTALL_REFERRER_SERVICE", "android.permission.READ_PHONE_STATE", "android.permission.RECEIVE_BOOT_COMPLETED", "android.permission.CHANGE_WIFI_STATE"], "trackers_inside": ["Google Ads", "AppsFlyer", "Google CrashLytics", "Google Firebase Analytics"], "execution_time_app_analyzer": 45.975223541259766, "api_to_monitoring_all": 436, "type_analysis": "Droidbot", "max_actions": 20, "timeout": 10, "privacy_policy_page_detected": false, "privacy_policy_page_md5": "N.A", "timeout_privacy_policy_page": false, "home_button_change_privacy_policy_page": false, "back_button_change_privacy_policy_page": false, "actions_needed_to_reach_privacy_policy": 19, "api_invoked_during_dynamic_analysis": 11, "app_is_compliant_with_google_play_store": false, "app_analyzed": true, "num_tentative": 2, "different_api_invoked": 6, "privacy_policy_page_detected_google_play": true}