{"md5": "74eefa82b57fe5e63840dd5bf8994679", "permission_requested": ["android.permission.INTERNET", "android.permission.ACCESS_FINE_LOCATION", "com.google.android.providers.gsf.permission.READ_GSERVICES", "android.permission.VIBRATE", "android.permission.ACCESS_NETWORK_STATE", "com.google.android.finsky.permission.BIND_GET_INSTALL_REFERRER_SERVICE", "android.permission.WAKE_LOCK", "ru.hh.android.permission.C2D_MESSAGE", "com.google.android.c2dm.permission.RECEIVE", "android.permission.ACCESS_WIFI_STATE", "android.permission.ACCESS_COARSE_LOCATION", "android.permission.WRITE_EXTERNAL_STORAGE"], "trackers_inside": ["Google Analytics", "Google CrashLytics", "Yandex Ad", "Facebook Analytics", "Google Firebase Analytics", "AppMetrica", "Google Ads"], "execution_time_app_analyzer": 88.24798345565796, "api_to_monitoring_all": 506, "type_analysis": "Droidbot", "max_actions": 20, "timeout": 10, "privacy_policy_page_detected": false, "privacy_policy_page_md5": "N.A", "timeout_privacy_policy_page": false, "home_button_change_privacy_policy_page": false, "back_button_change_privacy_policy_page": false, "actions_needed_to_reach_privacy_policy": 19, "api_invoked_during_dynamic_analysis": 0, "app_is_compliant_with_google_play_store": false, "app_analyzed": true, "num_tentative": 1, "privacy_policy_page_detected_google_play": true}