{"md5": "758839b376f24c6fac1dbea5bd312a97", "permission_requested": ["android.permission.INTERNET", "android.permission.CHANGE_WIFI_STATE", "android.permission.ACCESS_FINE_LOCATION", "android.permission.ACCESS_NETWORK_STATE", "android.permission.WAKE_LOCK", "android.permission.ACCESS_WIFI_STATE", "android.permission.ACCESS_COARSE_LOCATION"], "trackers_inside": ["Google Ads", "Google DoubleClick"], "execution_time_app_analyzer": 14.157007694244385, "api_to_monitoring_all": 214, "type_analysis": "Droidbot", "max_actions": 20, "timeout": 10, "privacy_policy_page_detected": true, "privacy_policy_page_md5": "83374f74f8096201666433ee0c7aaba2", "timeout_privacy_policy_page": false, "home_button_change_privacy_policy_page": false, "back_button_change_privacy_policy_page": false, "actions_needed_to_reach_privacy_policy": 0, "api_invoked_during_dynamic_analysis": 18873, "app_is_compliant_with_google_play_store": false, "app_analyzed": true, "num_tentative": 2, "privacy_policy_contain_explicit_acceptance": true, "different_api_invoked": 10, "privacy_policy_page_detected_google_play": true}