{"md5": "763c9af558ae84b8e15db6887622301f", "permission_requested": ["android.permission.INTERNET", "android.permission.VIBRATE", "com.android.vending.BILLING", "android.permission.ACCESS_NETWORK_STATE", "android.permission.READ_EXTERNAL_STORAGE", "android.permission.ACCESS_WIFI_STATE", "android.permission.WRITE_EXTERNAL_STORAGE"], "trackers_inside": ["AppLovin", "Flurry", "Unity3d Ads", "Inmobi", "Facebook Ads", "Tapjoy", "Google Ads", "Vungle", "Google DoubleClick"], "execution_time_app_analyzer": 25.97847604751587, "api_to_monitoring_all": 1364, "type_analysis": "Droidbot", "max_actions": 20, "timeout": 10, "privacy_policy_page_detected": false, "privacy_policy_page_md5": "N.A", "timeout_privacy_policy_page": false, "home_button_change_privacy_policy_page": false, "back_button_change_privacy_policy_page": false, "actions_needed_to_reach_privacy_policy": 19, "api_invoked_during_dynamic_analysis": 0, "app_is_compliant_with_google_play_store": false, "app_analyzed": true, "num_tentative": 1, "privacy_policy_page_detected_google_play": true}