{"md5": "773b50aeae78de22afdb84c087e570a1", "permission_requested": ["android.permission.ACCESS_COARSE_LOCATION", "android.permission.ACCESS_GPS", "android.permission.INTERNET", "android.permission.ACCESS_FINE_LOCATION", "android.permission.SET_WALLPAPER", "android.permission.CAMERA", "com.google.android.c2dm.permission.RECEIVE", "android.permission.VIBRATE", "android.permission.ACCESS_WIFI_STATE", "android.permission.ACCESS_NETWORK_STATE", "android.permission.WRITE_EXTERNAL_STORAGE", "android.permission.ACCESS_ASSISTED_GPS", "com.google.android.finsky.permission.BIND_GET_INSTALL_REFERRER_SERVICE", "android.permission.ACCESS_LOCATION", "android.permission.RECORD_AUDIO", "android.permission.MODIFY_AUDIO_SETTINGS", "android.permission.WAKE_LOCK", "com.android.launcher.permission.INSTALL_SHORTCUT"], "trackers_inside": ["Google CrashLytics", "AppsFlyer", "Google Ads", "AppMetrica", "Google Firebase Analytics"], "execution_time_app_analyzer": 24.327808141708374, "api_to_monitoring_all": 548, "type_analysis": "Droidbot", "max_actions": 20, "timeout": 10, "privacy_policy_page_detected": false, "privacy_policy_page_md5": "N.A", "timeout_privacy_policy_page": false, "home_button_change_privacy_policy_page": false, "back_button_change_privacy_policy_page": false, "actions_needed_to_reach_privacy_policy": 19, "api_invoked_during_dynamic_analysis": 0, "app_is_compliant_with_google_play_store": false, "app_analyzed": true, "num_tentative": 1, "privacy_policy_page_detected_google_play": true}