{"md5": "780b7de4d9a0f6279eb9d9011831b77a", "permission_requested": ["android.permission.INTERNET", "android.permission.ACCESS_WIFI_STATE", "com.android.vending.BILLING", "com.sec.android.iap.permission.BILLING", "android.permission.ACCESS_NETWORK_STATE"], "trackers_inside": ["Google Ads", "Google DoubleClick", "Facebook Analytics", "Unity3d Ads"], "execution_time_app_analyzer": 32.43053889274597, "api_to_monitoring_all": 500, "type_analysis": "Droidbot", "max_actions": 20, "timeout": 10, "privacy_policy_page_detected": false, "privacy_policy_page_md5": "N.A", "timeout_privacy_policy_page": false, "home_button_change_privacy_policy_page": false, "back_button_change_privacy_policy_page": false, "actions_needed_to_reach_privacy_policy": 19, "api_invoked_during_dynamic_analysis": 1880, "app_is_compliant_with_google_play_store": false, "app_analyzed": true, "num_tentative": 1, "different_api_invoked": 39, "privacy_policy_page_detected_google_play": true}