{"md5": "79ab12a518e8fa6ce041e934a4cfdc3b", "permission_requested": ["android.permission.VIBRATE", "android.permission.CAMERA", "android.permission.ACCESS_WIFI_STATE", "android.permission.INTERNET", "com.google.android.finsky.permission.BIND_GET_INSTALL_REFERRER_SERVICE", "android.permission.ACCESS_FINE_LOCATION", "android.permission.FOREGROUND_SERVICE", "android.permission.ACCESS_COARSE_LOCATION", "android.permission.WAKE_LOCK", "android.permission.ACCESS_NETWORK_STATE", "com.google.android.c2dm.permission.RECEIVE"], "trackers_inside": ["Google CrashLytics", "Google Ads", "Google Firebase Analytics", "Facebook Analytics", "Branch", "AppsFlyer"], "execution_time_app_analyzer": 83.6842143535614, "api_to_monitoring_all": 575, "type_analysis": "Droidbot", "max_actions": 20, "timeout": 10, "privacy_policy_page_detected": false, "privacy_policy_page_md5": "N.A", "timeout_privacy_policy_page": false, "home_button_change_privacy_policy_page": false, "back_button_change_privacy_policy_page": false, "actions_needed_to_reach_privacy_policy": 19, "api_invoked_during_dynamic_analysis": 0, "app_is_compliant_with_google_play_store": false, "app_analyzed": true, "num_tentative": 1, "privacy_policy_page_detected_google_play": true}