{"md5": "7b6e10a368d38a3f926178fac3a4046b", "permission_requested": ["android.permission.REQUEST_IGNORE_BATTERY_OPTIMIZATIONS", "android.permission.GET_ACCOUNTS", "android.permission.ACCESS_FINE_LOCATION", "android.permission.USE_CREDENTIALS", "android.permission.AUTHENTICATE_ACCOUNTS", "android.permission.ACCESS_NETWORK_STATE", "android.permission.CAMERA", "android.permission.VIBRATE", "com.android.vending.BILLING", "android.permission.INTERNET", "android.permission.MANAGE_ACCOUNTS", "android.permission.READ_PROFILE", "android.permission.READ_CONTACTS", "com.google.android.providers.gsf.permission.READ_GSERVICES", "android.permission.WRITE_EXTERNAL_STORAGE", "com.google.android.finsky.permission.BIND_GET_INSTALL_REFERRER_SERVICE", "android.permission.FOREGROUND_SERVICE", "android.permission.ACCESS_WIFI_STATE", "com.google.android.c2dm.permission.RECEIVE", "net.familo.android..permission.MAPS_RECEIVE", "android.permission.WAKE_LOCK", "android.permission.RECEIVE_BOOT_COMPLETED", "android.permission.READ_PHONE_STATE", "net.familo.android..gcm.permission.C2D_MESSAGE", "android.permission.DISABLE_KEYGUARD"], "trackers_inside": ["Google Ads", "Google Firebase Analytics", "Facebook Analytics", "Google CrashLytics"], "execution_time_app_analyzer": 37.57970428466797, "api_to_monitoring_all": 312, "type_analysis": "Droidbot", "max_actions": 20, "timeout": 10, "privacy_policy_page_detected": false, "privacy_policy_page_md5": "N.A", "timeout_privacy_policy_page": false, "home_button_change_privacy_policy_page": false, "back_button_change_privacy_policy_page": false, "actions_needed_to_reach_privacy_policy": 19, "api_invoked_during_dynamic_analysis": 0, "app_is_compliant_with_google_play_store": false, "app_analyzed": true, "num_tentative": 1, "privacy_policy_page_detected_google_play": true}