{"md5": "7bca582b8416a204293558af053d8a50", "permission_requested": ["android.permission.BROADCAST_STICKY", "com.android.vending.BILLING", "android.permission.GET_ACCOUNTS", "com.wephoneapp.permission.CONFIGURE_SIP", "android.permission.RECEIVE_BOOT_COMPLETED", "android.permission.CHANGE_NETWORK_STATE", "com.wephoneapp.permission.USE_SIP", "android.permission.ACCESS_COARSE_LOCATION", "android.permission.GET_TASKS", "android.permission.REQUEST_INSTALL_PACKAGES", "android.permission.MEDIA_CONTENT_CONTROL", "android.permission.ACCESS_WIFI_STATE", "android.permission.READ_PHONE_STATE", "android.permission.BLUETOOTH", "com.wephoneapp.permission.PROCESS_PUSH_MSG", "android.permission.WAKE_LOCK", "android.permission.RECORD_AUDIO", "android.permission.BLUETOOTH_ADMIN", "android.permission.READ_EXTERNAL_STORAGE", "android.permission.FOREGROUND_SERVICE", "android.permission.READ_PROFILE", "com.google.android.finsky.permission.BIND_GET_INSTALL_REFERRER_SERVICE", "android.permission.ACCESS_NETWORK_STATE", "com.google.android.c2dm.permission.RECEIVE", "android.permission.BROADCAST_PACKAGE_REPLACED", "android.permission.SYSTEM_OVERLAY_WINDOW", "android.permission.CHANGE_WIFI_STATE", "android.permission.LOCAL_MAC_ADDRESS", "android.permission.DISABLE_KEYGUARD", "android.permission.WRITE_EXTERNAL_STORAGE", "android.permission.READ_CONTACTS", "android.permission.BROADCAST_PACKAGE_INSTALL", "android.permission.BROADCAST_PACKAGE_ADDED", "android.permission.BROADCAST_PACKAGE_CHANGED", "android.permission.VIBRATE", "android.permission.RESTART_PACKAGES", "android.permission.WRITE_SETTINGS", "android.permission.SYSTEM_ALERT_WINDOW", "android.permission.MODIFY_AUDIO_SETTINGS", "android.permission.INTERNET"], "trackers_inside": ["Tapjoy", "Google Ads", "Google Firebase Analytics"], "execution_time_app_analyzer": 52.63888382911682, "api_to_monitoring_all": 436, "type_analysis": "Droidbot", "max_actions": 20, "timeout": 10, "privacy_policy_page_detected": false, "privacy_policy_page_md5": "N.A", "timeout_privacy_policy_page": false, "home_button_change_privacy_policy_page": false, "back_button_change_privacy_policy_page": false, "actions_needed_to_reach_privacy_policy": 19, "api_invoked_during_dynamic_analysis": 703, "app_is_compliant_with_google_play_store": false, "app_analyzed": true, "num_tentative": 1, "different_api_invoked": 50, "privacy_policy_page_detected_google_play": true}