{"md5": "7d1b419d235b37a0f0138b974ad8fd97", "permission_requested": ["android.permission.WAKE_LOCK", "android.permission.ACCESS_WIFI_STATE", "android.permission.USE_CREDENTIALS", "android.permission.GET_ACCOUNTS", "android.permission.BLUETOOTH_ADMIN", "android.permission.ACCESS_NETWORK_STATE", "com.android.vending.BILLING", "android.permission.READ_PHONE_STATE", "android.permission.VIBRATE", "android.permission.ACCESS_COARSE_LOCATION", "android.permission.INTERNET", "android.permission.WRITE_EXTERNAL_STORAGE", "android.permission.READ_EXTERNAL_STORAGE", "android.permission.BLUETOOTH", "com.android.alarm.permission.SET_ALARM"], "trackers_inside": ["Twitter MoPub", "Facebook Ads", "Inmobi", "Unity3d Ads", "AppLovin", "Google CrashLytics", "Integral Ad Science", "Amazon Advertisement", "Flurry", "Yandex Ad", "Tapjoy", "Vungle", "AdColony", "AppMetrica", "Google Ads", "Moat", "Google DoubleClick", "ironSource"], "execution_time_app_analyzer": 75.05233597755432, "api_to_monitoring_all": 2705, "type_analysis": "Droidbot", "max_actions": 20, "timeout": 10, "privacy_policy_page_detected": false, "privacy_policy_page_md5": "N.A", "timeout_privacy_policy_page": false, "home_button_change_privacy_policy_page": false, "back_button_change_privacy_policy_page": false, "actions_needed_to_reach_privacy_policy": 19, "api_invoked_during_dynamic_analysis": 84483, "app_is_compliant_with_google_play_store": false, "app_analyzed": true, "num_tentative": 2, "different_api_invoked": 65, "privacy_policy_page_detected_google_play": true}