{"md5": "7d30cb0015e160ce047622ea53b3a2e7", "permission_requested": ["android.permission.ACCESS_NETWORK_STATE", "com.google.android.providers.gsf.permission.READ_GSERVICES", "android.permission.ACCESS_WIFI_STATE", "android.permission.VIBRATE", "com.google.android.c2dm.permission.RECEIVE", "com.android.vending.BILLING", "android.permission.WAKE_LOCK", "android.permission.INTERNET", "com.google.android.finsky.permission.BIND_GET_INSTALL_REFERRER_SERVICE", "android.permission.RECEIVE_BOOT_COMPLETED", "android.permission.WRITE_EXTERNAL_STORAGE"], "trackers_inside": ["Google Firebase Analytics", "Vungle", "Flurry", "Twitter MoPub", "Moat", "Google DoubleClick", "Facebook Analytics", "Google CrashLytics", "Google Ads", "AppLovin", "Tapjoy", "Facebook Ads"], "execution_time_app_analyzer": 70.87456369400024, "api_to_monitoring_all": 1376, "app_analyzed": false, "privacy_policy_page_detected_google_play": true}