{"md5": "7d5315410592f1701e75bc6e5e9649ec", "permission_requested": ["com.android.vending.BILLING", "android.permission.ACCESS_WIFI_STATE", "android.permission.INTERNET", "android.permission.VIBRATE", "android.permission.ACCESS_NETWORK_STATE", "com.android.alarm.permission.SET_ALARM"], "trackers_inside": ["Inmobi", "Google CrashLytics", "Google DoubleClick", "AppLovin", "AdColony", "Vungle", "Twitter MoPub", "Moat", "Google Ads", "AppMetrica", "Tapjoy", "Amazon Advertisement", "Yandex Ad", "ironSource", "Facebook Ads", "Flurry", "Unity3d Ads", "Integral Ad Science"], "execution_time_app_analyzer": 73.22188973426819, "api_to_monitoring_all": 2597, "type_analysis": "Droidbot", "max_actions": 20, "timeout": 10, "privacy_policy_page_detected": false, "privacy_policy_page_md5": "N.A", "timeout_privacy_policy_page": false, "home_button_change_privacy_policy_page": false, "back_button_change_privacy_policy_page": false, "actions_needed_to_reach_privacy_policy": 19, "api_invoked_during_dynamic_analysis": 391, "app_is_compliant_with_google_play_store": false, "app_analyzed": true, "num_tentative": 2, "different_api_invoked": 3, "privacy_policy_page_detected_google_play": true}