{"md5": "7d8957c79a7135b353edf7646a8f4c78", "permission_requested": ["com.google.android.finsky.permission.BIND_GET_INSTALL_REFERRER_SERVICE", "com.google.android.c2dm.permission.RECEIVE", "android.permission.INTERNET", "android.permission.ACCESS_NETWORK_STATE", "android.permission.WAKE_LOCK"], "trackers_inside": ["Google Firebase Analytics", "Google Ads", "Google DoubleClick", "Google CrashLytics", "Facebook Ads"], "execution_time_app_analyzer": 53.53198480606079, "api_to_monitoring_all": 405, "type_analysis": "Droidbot", "max_actions": 20, "timeout": 10, "privacy_policy_page_detected": false, "privacy_policy_page_md5": "N.A", "timeout_privacy_policy_page": false, "home_button_change_privacy_policy_page": false, "back_button_change_privacy_policy_page": false, "actions_needed_to_reach_privacy_policy": 19, "api_invoked_during_dynamic_analysis": 90393, "app_is_compliant_with_google_play_store": false, "app_analyzed": true, "num_tentative": 1, "different_api_invoked": 45, "privacy_policy_page_detected_google_play": true}