{"md5": "7df72b228af15232e76876e07df5451e", "permission_requested": ["android.permission.ACCESS_FINE_LOCATION", "android.permission.WRITE_EXTERNAL_STORAGE", "com.android.vending.BILLING", "android.permission.INTERNET", "android.permission.MODIFY_AUDIO_SETTINGS", "android.permission.ACCESS_WIFI_STATE", "android.permission.GET_TASKS", "android.permission.GET_ACCOUNTS", "android.permission.USE_CREDENTIALS", "com.google.android.c2dm.permission.RECEIVE", "android.permission.CAMERA", "android.permission.ACCESS_NETWORK_STATE", "android.permission.WAKE_LOCK", "com.google.android.finsky.permission.BIND_GET_INSTALL_REFERRER_SERVICE", "android.permission.ACCESS_COARSE_LOCATION"], "trackers_inside": ["Facebook Analytics", "Google CrashLytics", "Google DoubleClick", "AppLovin", "Google Ads", "Google Firebase Analytics", "Adjust", "Facebook Ads"], "execution_time_app_analyzer": 47.4087598323822, "api_to_monitoring_all": 1085, "app_analyzed": false, "privacy_policy_page_detected_google_play": true}