{"md5": "7e524cca7d32ffaa7f5a64d59a902410", "permission_requested": ["android.permission.INTERNET", "android.permission.READ_USER_DICTIONARY", "android.permission.VIBRATE", "com.android.vending.BILLING", "android.permission.ACCESS_NETWORK_STATE", "com.google.android.finsky.permission.BIND_GET_INSTALL_REFERRER_SERVICE", "android.permission.WAKE_LOCK", "android.permission.READ_EXTERNAL_STORAGE", "com.google.android.c2dm.permission.RECEIVE", "info.justoneplanet.android.kaomoji.PERMISSION", "android.permission.WRITE_EXTERNAL_STORAGE"], "trackers_inside": ["Google Ads", "Google Analytics", "Google DoubleClick", "Google Firebase Analytics"], "execution_time_app_analyzer": 32.93380570411682, "api_to_monitoring_all": 221, "type_analysis": "Droidbot", "max_actions": 20, "timeout": 10, "privacy_policy_page_detected": false, "privacy_policy_page_md5": "N.A", "timeout_privacy_policy_page": false, "home_button_change_privacy_policy_page": false, "back_button_change_privacy_policy_page": false, "actions_needed_to_reach_privacy_policy": 19, "api_invoked_during_dynamic_analysis": 63146, "app_is_compliant_with_google_play_store": false, "app_analyzed": true, "num_tentative": 1, "different_api_invoked": 7, "privacy_policy_page_detected_google_play": true}