{"md5": "7e7e1310628c1ad05eaea1a66d0af341", "permission_requested": ["android.permission.WRITE_EXTERNAL_STORAGE", "android.permission.ACCESS_COARSE_LOCATION", "android.permission.GET_TASKS", "android.permission.READ_CONTACTS", "android.permission.READ_PHONE_STATE", "android.permission.NFC", "android.permission.ACCESS_WIFI_STATE", "android.permission.ACCESS_FINE_LOCATION", "android.permission.CALL_PHONE", "android.permission.INTERNET", "android.permission.USE_BIOMETRIC", "android.permission.READ_EXTERNAL_STORAGE", "com.google.android.finsky.permission.BIND_GET_INSTALL_REFERRER_SERVICE", "com.google.android.c2dm.permission.RECEIVE", "android.permission.FOREGROUND_SERVICE", "android.permission.WAKE_LOCK", "android.permission.VIBRATE", "android.permission.USE_FINGERPRINT", "ru.raiffeisennews.permission.pushserver.RECEIVE", "android.permission.ACCESS_NETWORK_STATE", "android.permission.CAMERA"], "trackers_inside": ["AppsFlyer", "Google Firebase Analytics", "Google Ads", "Google CrashLytics"], "execution_time_app_analyzer": 98.5029182434082, "api_to_monitoring_all": 445, "type_analysis": "Droidbot", "max_actions": 20, "timeout": 10, "privacy_policy_page_detected": false, "privacy_policy_page_md5": "N.A", "timeout_privacy_policy_page": false, "home_button_change_privacy_policy_page": false, "back_button_change_privacy_policy_page": false, "actions_needed_to_reach_privacy_policy": 19, "api_invoked_during_dynamic_analysis": 11, "app_is_compliant_with_google_play_store": false, "app_analyzed": true, "num_tentative": 1, "different_api_invoked": 6, "privacy_policy_page_detected_google_play": true}