{"md5": "7f74b3455b0c19225254e58e9e099c01", "permission_requested": ["android.permission.REQUEST_INSTALL_PACKAGES", "com.speedsoftware.explorer.permission.C2D_MESSAGE", "com.android.vending.CHECK_LICENSE", "android.permission.WRITE_EXTERNAL_STORAGE", "android.permission.INTERNET", "android.permission.ACCESS_WIFI_STATE", "android.permission.MANAGE_ACCOUNTS", "android.permission.GET_ACCOUNTS", "com.google.android.c2dm.permission.RECEIVE", "android.permission.ACCESS_NETWORK_STATE", "android.permission.WAKE_LOCK", "android.permission.FOREGROUND_SERVICE", "com.android.launcher.permission.INSTALL_SHORTCUT"], "trackers_inside": ["Google Ads", "Google Firebase Analytics"], "execution_time_app_analyzer": 27.812020540237427, "api_to_monitoring_all": 179, "type_analysis": "Droidbot", "max_actions": 20, "timeout": 10, "privacy_policy_page_detected": false, "privacy_policy_page_md5": "N.A", "timeout_privacy_policy_page": false, "home_button_change_privacy_policy_page": false, "back_button_change_privacy_policy_page": false, "actions_needed_to_reach_privacy_policy": 19, "api_invoked_during_dynamic_analysis": 3, "app_is_compliant_with_google_play_store": false, "app_analyzed": true, "num_tentative": 1, "different_api_invoked": 3, "privacy_policy_page_detected_google_play": true}