{"md5": "7f96f227f4c460d76a7081d066a688a7", "permission_requested": ["android.permission.ACCESS_FINE_LOCATION", "android.permission.WRITE_EXTERNAL_STORAGE", "android.permission.INTERNET", "android.permission.RECEIVE_BOOT_COMPLETED", "com.google.android.providers.gsf.permission.READ_GSERVICES", "android.permission.VIBRATE", "android.permission.GET_ACCOUNTS", "android.permission.DOWNLOAD_WITHOUT_NOTIFICATION", "android.permission.USE_CREDENTIALS", "com.google.android.c2dm.permission.RECEIVE", "com.allocine.androidapp.permission.C2D_MESSAGE", "android.permission.ACCESS_NETWORK_STATE", "android.permission.ACCESS_COARSE_LOCATION"], "trackers_inside": ["Inmobi", "Google CrashLytics", "Google Ads", "Google Analytics", "Facebook Ads", "Flurry"], "execution_time_app_analyzer": 30.33629584312439, "api_to_monitoring_all": 473, "type_analysis": "Droidbot", "max_actions": 20, "timeout": 10, "privacy_policy_page_detected": false, "privacy_policy_page_md5": "N.A", "timeout_privacy_policy_page": false, "home_button_change_privacy_policy_page": false, "back_button_change_privacy_policy_page": false, "actions_needed_to_reach_privacy_policy": 19, "api_invoked_during_dynamic_analysis": 116, "app_is_compliant_with_google_play_store": false, "app_analyzed": true, "num_tentative": 1, "different_api_invoked": 18, "privacy_policy_page_detected_google_play": true}