{"md5": "7fc24deb89b17a0221ad4c332554ee23", "permission_requested": ["android.permission.INTERNET", "com.android.vending.BILLING", "com.sec.android.iap.permission.BILLING", "android.permission.WAKE_LOCK", "android.permission.ACCESS_NETWORK_STATE", "android.permission.WRITE_EXTERNAL_STORAGE"], "trackers_inside": ["Google Ads", "Unity3d Ads", "Google Analytics"], "execution_time_app_analyzer": 10.485725402832031, "api_to_monitoring_all": 378, "type_analysis": "Droidbot", "max_actions": 20, "timeout": 10, "privacy_policy_page_detected": false, "privacy_policy_page_md5": "N.A", "timeout_privacy_policy_page": false, "home_button_change_privacy_policy_page": false, "back_button_change_privacy_policy_page": false, "actions_needed_to_reach_privacy_policy": 19, "api_invoked_during_dynamic_analysis": 72, "app_is_compliant_with_google_play_store": false, "app_analyzed": true, "num_tentative": 1, "different_api_invoked": 8, "privacy_policy_page_detected_google_play": true}