{"md5": "81fb75a4fd65112079ddb441b115389c", "permission_requested": ["android.permission.ACCESS_NETWORK_STATE", "android.permission.ACCESS_WIFI_STATE", "android.permission.READ_EXTERNAL_STORAGE", "android.permission.WAKE_LOCK", "com.google.android.c2dm.permission.RECEIVE", "com.android.vending.BILLING", "android.permission.INTERNET", "com.mgc.stickman.rope.hero.permission.C2D_MESSAGE", "android.permission.android.permission.READ_PHONE_STATE", "android.permission.WRITE_EXTERNAL_STORAGE"], "trackers_inside": ["Google Firebase Analytics", "Google Ads", "Unity3d Ads", "Google DoubleClick"], "execution_time_app_analyzer": 22.58770203590393, "api_to_monitoring_all": 450, "type_analysis": "Droidbot", "max_actions": 20, "timeout": 10, "privacy_policy_page_detected": false, "privacy_policy_page_md5": "N.A", "timeout_privacy_policy_page": false, "home_button_change_privacy_policy_page": false, "back_button_change_privacy_policy_page": false, "actions_needed_to_reach_privacy_policy": 19, "api_invoked_during_dynamic_analysis": 1743, "app_is_compliant_with_google_play_store": false, "app_analyzed": true, "num_tentative": 2, "different_api_invoked": 6, "privacy_policy_page_detected_google_play": true}