{"md5": "826e59d44ce4aa63ca02d415e987356d", "permission_requested": ["com.google.android.finsky.permission.BIND_GET_INSTALL_REFERRER_SERVICE", "android.permission.CHANGE_WIFI_STATE", "android.permission.READ_PHONE_STATE", "com.google.android.c2dm.permission.RECEIVE", "android.permission.WRITE_EXTERNAL_STORAGE", "android.permission.CHANGE_WIFI_MULTICAST_STATE", "android.permission.ACCESS_WIFI_STATE", "android.permission.CHANGE_NETWORK_STATE", "android.permission.PACKAGE_USAGE_STATS", "android.permission.ACCESS_FINE_LOCATION", "android.permission.ACCESS_BACKGROUND_LOCATION", "android.permission.INTERNET", "android.permission.ACCESS_NETWORK_STATE", "android.permission.READ_EXTERNAL_STORAGE", "com.android.vending.BILLING", "android.permission.ACCESS_COARSE_LOCATION", "android.permission.FOREGROUND_SERVICE", "android.permission.WAKE_LOCK", "android.permission.KILL_BACKGROUND_PROCESSES"], "trackers_inside": ["Google Firebase Analytics", "Google Ads", "Google DoubleClick", "Google CrashLytics", "Vungle", "Moat", "Facebook Ads"], "execution_time_app_analyzer": 43.010499238967896, "api_to_monitoring_all": 542, "type_analysis": "Droidbot", "max_actions": 20, "timeout": 10, "privacy_policy_page_detected": false, "privacy_policy_page_md5": "N.A", "timeout_privacy_policy_page": false, "home_button_change_privacy_policy_page": false, "back_button_change_privacy_policy_page": false, "actions_needed_to_reach_privacy_policy": 19, "api_invoked_during_dynamic_analysis": 20485, "app_is_compliant_with_google_play_store": false, "app_analyzed": true, "num_tentative": 1, "different_api_invoked": 39, "privacy_policy_page_detected_google_play": true}