{"md5": "82aed53311bb093ba38197f6eaf21145", "permission_requested": ["com.sonyericsson.home.permission.BROADCAST_BADGE", "android.permission.WAKE_LOCK", "com.android.vending.BILLING", "com.google.android.c2dm.permission.RECEIVE", "android.permission.ACCESS_COARSE_LOCATION", "com.huawei.android.launcher.permission.CHANGE_BADGE", "com.huawei.android.launcher.permission.READ_SETTINGS", "android.permission.WRITE_EXTERNAL_STORAGE", "android.permission.READ_PHONE_STATE", "com.google.android.providers.gsf.permission.READ_GSERVICES", "com.huawei.android.launcher.permission.WRITE_SETTINGS", "com.sonymobile.home.permission.PROVIDER_INSERT_BADGE", "com.sec.android.provider.badge.permission.WRITE", "android.permission.INTERNET", "com.sec.android.provider.badge.permission.READ", "com.google.android.finsky.permission.BIND_GET_INSTALL_REFERRER_SERVICE", "com.htc.launcher.permission.UPDATE_SHORTCUT", "android.permission.ACCESS_NETWORK_STATE", "android.permission.ACCESS_WIFI_STATE", "com.htc.launcher.permission.READ_SETTINGS", "android.permission.VIBRATE"], "trackers_inside": ["Google Firebase Analytics", "Branch", "Google DoubleClick", "Facebook Analytics", "Google CrashLytics", "Google Ads", "AppsFlyer", "Google Analytics"], "execution_time_app_analyzer": 64.64415955543518, "api_to_monitoring_all": 632, "type_analysis": "Droidbot", "max_actions": 20, "timeout": 10, "privacy_policy_page_detected": false, "privacy_policy_page_md5": "N.A", "timeout_privacy_policy_page": false, "home_button_change_privacy_policy_page": false, "back_button_change_privacy_policy_page": false, "actions_needed_to_reach_privacy_policy": 19, "api_invoked_during_dynamic_analysis": 0, "app_is_compliant_with_google_play_store": false, "app_analyzed": true, "num_tentative": 1, "privacy_policy_page_detected_google_play": true}