{"md5": "85a2cd5b43a424a27675b998fd0da38c", "permission_requested": ["android.permission.INTERNET", "android.permission.GET_TASKS", "com.android.vending.BILLING", "android.permission.BILLING", "android.permission.READ_PHONE_STATE", "android.permission.WRITE_EXTERNAL_STORAGE", "android.permission.ACCESS_NETWORK_STATE"], "trackers_inside": ["Google DoubleClick", "Google Ads", "Unity3d Ads"], "execution_time_app_analyzer": 6.985008955001831, "api_to_monitoring_all": 380, "type_analysis": "Droidbot", "max_actions": 20, "timeout": 10, "privacy_policy_page_detected": false, "privacy_policy_page_md5": "N.A", "timeout_privacy_policy_page": false, "home_button_change_privacy_policy_page": false, "back_button_change_privacy_policy_page": false, "actions_needed_to_reach_privacy_policy": 19, "api_invoked_during_dynamic_analysis": 774, "app_is_compliant_with_google_play_store": false, "app_analyzed": true, "num_tentative": 2, "different_api_invoked": 6, "privacy_policy_page_detected_google_play": true}