{"md5": "85c469f6003cfa969cecc900b028864e", "permission_requested": ["android.permission.ACCESS_NETWORK_STATE", "android.permission.INTERNET", "android.permission.VIBRATE", "com.android.vending.BILLING", "android.permission.ACCESS_WIFI_STATE"], "trackers_inside": ["Google Ads", "Google DoubleClick", "Google Firebase Analytics"], "execution_time_app_analyzer": 27.20017099380493, "api_to_monitoring_all": 229, "type_analysis": "Droidbot", "max_actions": 20, "timeout": 10, "privacy_policy_page_detected": false, "privacy_policy_page_md5": "N.A", "timeout_privacy_policy_page": false, "home_button_change_privacy_policy_page": false, "back_button_change_privacy_policy_page": false, "actions_needed_to_reach_privacy_policy": 19, "api_invoked_during_dynamic_analysis": 1244, "app_is_compliant_with_google_play_store": false, "app_analyzed": true, "num_tentative": 2, "different_api_invoked": 11, "privacy_policy_page_detected_google_play": true}