{"md5": "862b5c6a2815c242a0cf862f08b8ffda", "permission_requested": ["android.permission.SUBSCRIBED_FEEDS_WRITE", "android.permission.BIND_WALLPAPER", "android.permission.READ_SYNC_SETTINGS", "android.permission.SET_WALLPAPER", "android.permission.WRITE_EXTERNAL_STORAGE", "android.permission.RECORD_AUDIO", "android.permission.WRITE_SETTINGS", "android.permission.CAMERA", "android.permission.SUBSCRIBED_FEEDS_READ", "android.permission.INTERNET", "android.permission.ACCESS_FINE_LOCATION", "android.permission.ACCESS_COARSE_LOCATION", "android.permission.WAKE_LOCK", "android.permission.WRITE_SYNC_SETTINGS", "android.permission.READ_EXTERNAL_STORAGE", "android.permission.ACCESS_NETWORK_STATE", "android.permission.USE_CREDENTIALS"], "trackers_inside": ["Google DoubleClick", "Facebook Ads", "Google Ads"], "execution_time_app_analyzer": 27.668309688568115, "api_to_monitoring_all": 373, "type_analysis": "Droidbot", "max_actions": 20, "timeout": 10, "privacy_policy_page_detected": false, "privacy_policy_page_md5": "N.A", "timeout_privacy_policy_page": false, "home_button_change_privacy_policy_page": false, "back_button_change_privacy_policy_page": false, "actions_needed_to_reach_privacy_policy": 19, "api_invoked_during_dynamic_analysis": 18052, "app_is_compliant_with_google_play_store": false, "app_analyzed": true, "num_tentative": 1, "different_api_invoked": 12, "privacy_policy_page_detected_google_play": true}