{"md5": "86c9c806b143fede56516f32924c6ec8", "permission_requested": ["android.permission.INTERNET", "android.permission.CAMERA", "android.permission.ACCESS_WIFI_STATE", "android.permission.VIBRATE", "android.permission.ACCESS_NETWORK_STATE", "android.permission.WRITE_EXTERNAL_STORAGE", "com.android.vending.BILLING", "android.permission.READ_EXTERNAL_STORAGE", "android.permission.RECORD_AUDIO", "android.permission.WAKE_LOCK"], "trackers_inside": ["Google Analytics", "Facebook Ads", "Flurry", "Unity3d Ads", "Google Ads", "Google DoubleClick", "AppLovin", "Inmobi", "Vungle"], "execution_time_app_analyzer": 33.935771465301514, "api_to_monitoring_all": 1283, "type_analysis": "Droidbot", "max_actions": 20, "timeout": 10, "privacy_policy_page_detected": false, "privacy_policy_page_md5": "N.A", "timeout_privacy_policy_page": false, "home_button_change_privacy_policy_page": false, "back_button_change_privacy_policy_page": false, "actions_needed_to_reach_privacy_policy": 19, "api_invoked_during_dynamic_analysis": 0, "app_is_compliant_with_google_play_store": false, "app_analyzed": true, "num_tentative": 1, "privacy_policy_page_detected_google_play": true}