{"md5": "8717a26c521cabcc88b99b7199799fda", "permission_requested": ["android.permission.READ_EXTERNAL_STORAGE", "com.google.android.finsky.permission.BIND_GET_INSTALL_REFERRER_SERVICE", "android.permission.INTERNET", "android.permission.ACCESS_WIFI_STATE", "com.kurashiru.RECEIVE_BOOT_COMPLETED", "com.kurashiru.permission.C2D_MESSAGE", "android.permission.WAKE_LOCK", "android.permission.RECEIVE_BOOT_COMPLETED", "android.permission.VIBRATE", "android.permission.ACCESS_COARSE_LOCATION", "android.permission.GET_TASKS", "com.android.vending.BILLING", "com.google.android.c2dm.permission.RECEIVE", "android.permission.WRITE_EXTERNAL_STORAGE", "android.permission.ACCESS_FINE_LOCATION", "android.permission.ACCESS_NETWORK_STATE"], "trackers_inside": ["Facebook Ads", "Google CrashLytics", "Google Firebase Analytics", "Google Ads", "Adjust", "Moat", "Facebook Analytics", "Google DoubleClick", "Google Analytics"], "execution_time_app_analyzer": 76.47170567512512, "api_to_monitoring_all": 628, "type_analysis": "Droidbot", "max_actions": 20, "timeout": 10, "privacy_policy_page_detected": false, "privacy_policy_page_md5": "N.A", "timeout_privacy_policy_page": false, "home_button_change_privacy_policy_page": false, "back_button_change_privacy_policy_page": false, "actions_needed_to_reach_privacy_policy": 19, "api_invoked_during_dynamic_analysis": 103342, "app_is_compliant_with_google_play_store": false, "app_analyzed": true, "num_tentative": 1, "different_api_invoked": 41, "privacy_policy_page_detected_google_play": true}