{"md5": "8a2ce24594721691f27ad3a3f081ccab", "permission_requested": ["android.permission.AUTHENTICATE_ACCOUNTS", "android.permission.WRITE_CALENDAR", "android.permission.ACCESS_NETWORK_STATE", "android.permission.WAKE_LOCK", "android.permission.READ_CONTACTS", "android.permission.GET_ACCOUNTS", "android.permission.WRITE_SYNC_SETTINGS", "android.permission.READ_EXTERNAL_STORAGE", "android.permission.VIBRATE", "android.permission.READ_CALENDAR", "android.permission.ACCESS_COARSE_LOCATION", "android.permission.INTERNET", "android.permission.USE_CREDENTIALS", "android.permission.READ_SYNC_STATS", "android.permission.WRITE_EXTERNAL_STORAGE", "com.fairfax.domain.permission.C2D_MESSAGE", "com.google.android.finsky.permission.BIND_GET_INSTALL_REFERRER_SERVICE", "com.google.android.c2dm.permission.RECEIVE", "android.permission.ACCESS_WIFI_STATE", "com.google.android.providers.gsf.permission.READ_GSERVICES", "android.permission.ACCESS_FINE_LOCATION", "android.permission.RECEIVE_BOOT_COMPLETED"], "trackers_inside": ["Google CrashLytics", "Facebook Ads", "Adjust", "Facebook Analytics", "Google DoubleClick", "Google Ads", "Google Firebase Analytics", "Google Analytics"], "execution_time_app_analyzer": 91.64412069320679, "api_to_monitoring_all": 601, "type_analysis": "Droidbot", "max_actions": 20, "timeout": 10, "privacy_policy_page_detected": false, "privacy_policy_page_md5": "N.A", "timeout_privacy_policy_page": false, "home_button_change_privacy_policy_page": false, "back_button_change_privacy_policy_page": false, "actions_needed_to_reach_privacy_policy": 19, "api_invoked_during_dynamic_analysis": 101774, "app_is_compliant_with_google_play_store": false, "app_analyzed": true, "num_tentative": 1, "different_api_invoked": 48, "privacy_policy_page_detected_google_play": true}