{"md5": "8a331b32feb4bdeaf0b5cdb8866e10e1", "permission_requested": ["android.permission.INTERNET", "android.permission.VIBRATE", "android.permission.ACCESS_WIFI_STATE", "com.tbegames.and.top_boat_racing.permission.C2D_MESSAGE", "com.google.android.finsky.permission.BIND_GET_INSTALL_REFERRER_SERVICE", "com.google.android.c2dm.permission.RECEIVE", "com.android.vending.BILLING", "android.permission.WAKE_LOCK", "android.permission.ACCESS_NETWORK_STATE"], "trackers_inside": ["Facebook Analytics", "Google Ads", "Google DoubleClick", "Integral Ad Science", "AdColony", "Tapjoy", "Unity3d Ads", "Moat", "Google Firebase Analytics"], "execution_time_app_analyzer": 28.365622758865356, "api_to_monitoring_all": 808, "app_analyzed": false, "privacy_policy_page_detected_google_play": true}