{"md5": "8ad2c45fef1130838aa66189fc474a54", "permission_requested": ["android.permission.INTERNET", "com.google.android.finsky.permission.BIND_GET_INSTALL_REFERRER_SERVICE", "android.permission.ACCESS_COARSE_LOCATION", "android.permission.WAKE_LOCK", "android.permission.READ_EXTERNAL_STORAGE", "android.permission.ACCESS_NETWORK_STATE", "android.permission.WRITE_EXTERNAL_STORAGE", "com.google.android.c2dm.permission.RECEIVE"], "trackers_inside": ["Google DoubleClick", "Google Ads", "Google Firebase Analytics", "AppMetrica"], "execution_time_app_analyzer": 39.843475580215454, "api_to_monitoring_all": 329, "type_analysis": "Droidbot", "max_actions": 20, "timeout": 10, "privacy_policy_page_detected": false, "privacy_policy_page_md5": "N.A", "timeout_privacy_policy_page": false, "home_button_change_privacy_policy_page": false, "back_button_change_privacy_policy_page": false, "actions_needed_to_reach_privacy_policy": 19, "api_invoked_during_dynamic_analysis": 42446, "app_is_compliant_with_google_play_store": false, "app_analyzed": true, "num_tentative": 1, "different_api_invoked": 22, "privacy_policy_page_detected_google_play": true}