{"md5": "8b596d5cc7c558ab94679e289f369a98", "permission_requested": ["com.google.android.finsky.permission.BIND_GET_INSTALL_REFERRER_SERVICE", "android.permission.READ_CONTACTS", "com.google.android.c2dm.permission.RECEIVE", "android.permission.VIBRATE", "android.permission.NFC", "android.permission.WRITE_EXTERNAL_STORAGE", "android.permission.USE_FINGERPRINT", "android.permission.RECEIVE_BOOT_COMPLETED", "com.samsung.android.providers.context.permission.WRITE_USE_APP_FEATURE_SURVEY", "android.permission.GET_ACCOUNTS", "android.permission.AUTHENTICATE_ACCOUNTS", "android.permission.ACCESS_FINE_LOCATION", "android.permission.INTERNET", "android.permission.ACCESS_NETWORK_STATE", "com.google.android.wearable.permission.RECEIVE_COMPLICATION_DATA", "android.permission.CAMERA", "android.permission.BLUETOOTH", "android.permission.GET_TASKS", "android.permission.WAKE_LOCK", "android.permission.BLUETOOTH_ADMIN"], "trackers_inside": ["Google Analytics", "Google Firebase Analytics", "Google Ads", "Google CrashLytics"], "execution_time_app_analyzer": 59.007869720458984, "api_to_monitoring_all": 296, "type_analysis": "Droidbot", "max_actions": 20, "timeout": 10, "privacy_policy_page_detected": false, "privacy_policy_page_md5": "N.A", "timeout_privacy_policy_page": false, "home_button_change_privacy_policy_page": false, "back_button_change_privacy_policy_page": false, "actions_needed_to_reach_privacy_policy": 19, "api_invoked_during_dynamic_analysis": 58, "app_is_compliant_with_google_play_store": false, "app_analyzed": true, "num_tentative": 1, "different_api_invoked": 12, "privacy_policy_page_detected_google_play": true}