{"md5": "8b8d25a04512ccd396ef87be2e2124d1", "permission_requested": ["android.permission.INTERNET", "android.permission.READ_PHONE_STATE", "android.permission.GET_ACCOUNTS", "android.permission.RESTART_PACKAGES", "android.permission.WRITE_EXTERNAL_STORAGE", "android.permission.ACCESS_NETWORK_STATE"], "trackers_inside": ["Google Ads", "Google DoubleClick", "Facebook Ads"], "execution_time_app_analyzer": 33.376118898391724, "api_to_monitoring_all": 347, "type_analysis": "Droidbot", "max_actions": 20, "timeout": 10, "privacy_policy_page_detected": false, "privacy_policy_page_md5": "N.A", "timeout_privacy_policy_page": false, "home_button_change_privacy_policy_page": false, "back_button_change_privacy_policy_page": false, "actions_needed_to_reach_privacy_policy": 19, "api_invoked_during_dynamic_analysis": 84686, "app_is_compliant_with_google_play_store": false, "app_analyzed": true, "num_tentative": 1, "different_api_invoked": 51, "privacy_policy_page_detected_google_play": true}