{"md5": "8c3a4fd157ce07cb682edce317934f6d", "permission_requested": ["android.permission.READ_APP_BADGE", "com.huawei.android.launcher.permission.CHANGE_BADGE", "android.permission.ACCESS_NETWORK_STATE", "com.android.vending.BILLING", "com.google.android.finsky.permission.BIND_GET_INSTALL_REFERRER_SERVICE", "com.google.android.c2dm.permission.RECEIVE", "android.permission.VIBRATE", "me.everything.badger.permission.BADGE_COUNT_WRITE", "android.permission.WAKE_LOCK", "com.sec.android.provider.badge.permission.READ", "com.oppo.launcher.permission.WRITE_SETTINGS", "com.anddoes.launcher.permission.UPDATE_COUNT", "com.oppo.launcher.permission.READ_SETTINGS", "android.permission.WRITE_EXTERNAL_STORAGE", "com.majeur.launcher.permission.UPDATE_BADGE", "com.sonymobile.home.permission.PROVIDER_INSERT_BADGE", "com.sonyericsson.home.permission.BROADCAST_BADGE", "com.huawei.android.launcher.permission.WRITE_SETTINGS", "me.everything.badger.permission.BADGE_COUNT_READ", "android.permission.INTERNET", "com.htc.launcher.permission.READ_SETTINGS", "com.huawei.android.launcher.permission.READ_SETTINGS", "android.permission.READ_EXTERNAL_STORAGE", "com.sec.android.provider.badge.permission.WRITE", "org.redidea.voicetube.permission.C2D_MESSAGE", "android.permission.RECEIVE_BOOT_COMPLETED", "com.htc.launcher.permission.UPDATE_SHORTCUT", "android.permission.RECORD_AUDIO"], "trackers_inside": ["Facebook Ads", "Google CrashLytics", "Google Ads", "Adjust", "Google Firebase Analytics", "Facebook Analytics"], "execution_time_app_analyzer": 33.16847610473633, "api_to_monitoring_all": 491, "type_analysis": "Droidbot", "max_actions": 20, "timeout": 10, "privacy_policy_page_detected": false, "privacy_policy_page_md5": "N.A", "timeout_privacy_policy_page": false, "home_button_change_privacy_policy_page": false, "back_button_change_privacy_policy_page": false, "actions_needed_to_reach_privacy_policy": 19, "api_invoked_during_dynamic_analysis": 127567, "app_is_compliant_with_google_play_store": false, "app_analyzed": true, "num_tentative": 1, "different_api_invoked": 41, "privacy_policy_page_detected_google_play": true}