{"md5": "8c59173c7e6fbf164a5f553fdca4fb68", "permission_requested": ["android.permission.WAKE_LOCK", "android.permission.ACCESS_NETWORK_STATE", "com.google.android.c2dm.permission.RECEIVE", "android.permission.INTERNET", "android.permission.WRITE_EXTERNAL_STORAGE", "com.photo.videos.slideshow.music.permission.C2D_MESSAGE", "android.permission.READ_EXTERNAL_STORAGE"], "trackers_inside": ["Google Analytics", "Google DoubleClick", "Google Ads", "Google Firebase Analytics"], "execution_time_app_analyzer": 25.558337926864624, "api_to_monitoring_all": 221, "type_analysis": "Droidbot", "max_actions": 20, "timeout": 10, "privacy_policy_page_detected": false, "privacy_policy_page_md5": "N.A", "timeout_privacy_policy_page": false, "home_button_change_privacy_policy_page": false, "back_button_change_privacy_policy_page": false, "actions_needed_to_reach_privacy_policy": 19, "api_invoked_during_dynamic_analysis": 51178, "app_is_compliant_with_google_play_store": false, "app_analyzed": true, "num_tentative": 1, "different_api_invoked": 14, "privacy_policy_page_detected_google_play": true}