{"md5": "8c708fb4400304ad56709f86242c67dc", "permission_requested": ["android.permission.ACCESS_NETWORK_STATE", "android.permission.READ_PHONE_STATE", "android.permission.CHANGE_WIFI_STATE", "android.permission.INTERNET", "android.permission.SYSTEM_ALERT_WINDOW", "android.permission.VIBRATE", "android.permission.DISABLE_KEYGUARD", "android.permission.FOREGROUND_SERVICE", "android.permission.WAKE_LOCK", "android.permission.ACCESS_WIFI_STATE", "android.permission.ACCESS_FINE_LOCATION", "android.permission.ACCESS_COARSE_LOCATION", "com.google.android.finsky.permission.BIND_GET_INSTALL_REFERRER_SERVICE", "android.permission.RECEIVE_BOOT_COMPLETED"], "trackers_inside": ["Google Ads", "Google DoubleClick", "Google Firebase Analytics"], "execution_time_app_analyzer": 33.36214256286621, "api_to_monitoring_all": 248, "app_analyzed": false, "privacy_policy_page_detected_google_play": true}