{"md5": "8d7d1f9aaaf87ae1ec2d5ded9cde4dee", "permission_requested": ["android.permission.ACCESS_NETWORK_STATE", "android.permission.INTERNET", "android.permission.ACCESS_FINE_LOCATION", "android.permission.GET_TASKS", "android.permission.WRITE_EXTERNAL_STORAGE", "android.permission.ACCESS_WIFI_STATE", "android.permission.READ_PHONE_STATE", "android.permission.READ_EXTERNAL_STORAGE"], "trackers_inside": ["Google Ads", "Google DoubleClick"], "execution_time_app_analyzer": 15.390217065811157, "api_to_monitoring_all": 220, "type_analysis": "Droidbot", "max_actions": 20, "timeout": 10, "privacy_policy_page_detected": false, "privacy_policy_page_md5": "N.A", "timeout_privacy_policy_page": false, "home_button_change_privacy_policy_page": false, "back_button_change_privacy_policy_page": false, "actions_needed_to_reach_privacy_policy": 19, "api_invoked_during_dynamic_analysis": 64211, "app_is_compliant_with_google_play_store": false, "app_analyzed": true, "num_tentative": 1, "different_api_invoked": 11, "privacy_policy_page_detected_google_play": true}