{"md5": "8da03c7be15749c0d5173688b5b3598d", "permission_requested": ["android.permission.READ_EXTERNAL_STORAGE", "com.madfingergames.deadtrigger2.permission.C2D_MESSAGE", "android.permission.ACCESS_WIFI_STATE", "android.permission.INTERNET", "android.permission.WAKE_LOCK", "android.permission.BROADCAST_STICKY", "com.android.vending.CHECK_LICENSE", "com.android.vending.BILLING", "com.google.android.c2dm.permission.RECEIVE", "android.permission.WRITE_EXTERNAL_STORAGE", "com.google.android.finsky.permission.BIND_GET_INSTALL_REFERRER_SERVICE", "android.permission.ACCESS_NETWORK_STATE"], "trackers_inside": ["Google Firebase Analytics", "Google Ads", "AppsFlyer", "Moat", "Facebook Analytics", "Unity3d Ads", "Tapjoy"], "execution_time_app_analyzer": 16.21994400024414, "api_to_monitoring_all": 877, "type_analysis": "Droidbot", "max_actions": 20, "timeout": 10, "privacy_policy_page_detected": false, "privacy_policy_page_md5": "N.A", "timeout_privacy_policy_page": false, "home_button_change_privacy_policy_page": false, "back_button_change_privacy_policy_page": false, "actions_needed_to_reach_privacy_policy": 19, "api_invoked_during_dynamic_analysis": 77, "app_is_compliant_with_google_play_store": false, "app_analyzed": true, "num_tentative": 1, "different_api_invoked": 24, "privacy_policy_page_detected_google_play": true}