{"md5": "8e5d4066f4c4502ecdc6c1d3a02842fa", "permission_requested": ["com.google.android.c2dm.permission.RECEIVE", "android.permission.ACCESS_WIFI_STATE", "android.permission.INTERNET", "com.google.android.finsky.permission.BIND_GET_INSTALL_REFERRER_SERVICE", "android.permission.ACCESS_FINE_LOCATION", "android.permission.FOREGROUND_SERVICE", "android.permission.ACCESS_COARSE_LOCATION", "android.permission.WAKE_LOCK", "android.permission.READ_EXTERNAL_STORAGE", "android.permission.ACCESS_NETWORK_STATE", "android.permission.WRITE_EXTERNAL_STORAGE", "aondroid.permission.ACCESS_COARSE_LOCATION"], "trackers_inside": ["Google CrashLytics", "Google Ads", "Google Firebase Analytics", "Google Analytics", "Facebook Analytics", "Branch", "Google DoubleClick"], "execution_time_app_analyzer": 127.38652873039246, "api_to_monitoring_all": 430, "type_analysis": "Droidbot", "max_actions": 20, "timeout": 10, "privacy_policy_page_detected": true, "privacy_policy_page_md5": "4d87f9b5616da7a59d637b60f01a80da", "timeout_privacy_policy_page": false, "home_button_change_privacy_policy_page": false, "back_button_change_privacy_policy_page": false, "actions_needed_to_reach_privacy_policy": 0, "api_invoked_during_dynamic_analysis": 0, "app_is_compliant_with_google_play_store": true, "app_analyzed": true, "num_tentative": 1, "privacy_policy_contain_explicit_acceptance": true, "policy_page_compliant_third_party": true, "policy_page_compliant": false, "final_compliant": false, "privacy_policy_page_detected_google_play": true}