{"md5": "8f6498cfe61f1404c7c2494a675437a9", "permission_requested": ["android.permission.ACCESS_NETWORK_STATE", "android.permission.WAKE_LOCK", "com.google.android.c2dm.permission.RECEIVE", "android.permission.VIBRATE", "android.permission.FOREGROUND_SERVICE", "android.permission.INTERNET", "android.permission.READ_EXTERNAL_STORAGE", "me.everything.badger.permission.BADGE_COUNT_WRITE", "ru.rian.reader.permission.C2D_MESSAGE", "me.everything.badger.permission.BADGE_COUNT_READ", "com.android.vending.BILLING", "com.samsung.android.providers.context.permission.WRITE_USE_APP_FEATURE_SURVEY", "com.google.android.finsky.permission.BIND_GET_INSTALL_REFERRER_SERVICE", "android.permission.READ_APP_BADGE", "android.permission.RECEIVE_BOOT_COMPLETED", "android.permission.WRITE_EXTERNAL_STORAGE"], "trackers_inside": ["Google Firebase Analytics", "Flurry", "AppMetrica", "Facebook Analytics", "Google CrashLytics", "Google Ads", "Yandex Ad"], "execution_time_app_analyzer": 57.91323947906494, "api_to_monitoring_all": 514, "type_analysis": "Droidbot", "max_actions": 20, "timeout": 10, "privacy_policy_page_detected": false, "privacy_policy_page_md5": "N.A", "timeout_privacy_policy_page": false, "home_button_change_privacy_policy_page": false, "back_button_change_privacy_policy_page": false, "actions_needed_to_reach_privacy_policy": 19, "api_invoked_during_dynamic_analysis": 11041, "app_is_compliant_with_google_play_store": false, "app_analyzed": true, "num_tentative": 1, "different_api_invoked": 41, "privacy_policy_page_detected_google_play": true}