{"md5": "909ee3b901e7304dcc2f4a041b03f6ae", "permission_requested": ["android.permission.ACCESS_WIFI_STATE", "android.permission.CAMERA", "android.permission.WRITE_EXTERNAL_STORAGE", "com.google.android.c2dm.permission.RECEIVE", "android.permission.INTERNET", "com.anddoes.launcher.permission.UPDATE_COUNT", "android.permission.ACCESS_NETWORK_STATE", "com.sec.android.provider.badge.permission.READ", "android.permission.RECEIVE_BOOT_COMPLETED", "com.sonyericsson.home.permission.BROADCAST_BADGE", "com.htc.launcher.permission.UPDATE_SHORTCUT", "android.permission.WAKE_LOCK", "com.google.android.finsky.permission.BIND_GET_INSTALL_REFERRER_SERVICE", "com.majeur.launcher.permission.UPDATE_BADGE", "android.permission.ACCESS_FINE_LOCATION", "com.sec.android.provider.badge.permission.WRITE", "com.htc.launcher.permission.READ_SETTINGS"], "trackers_inside": ["Google Firebase Analytics", "Facebook Analytics", "AppsFlyer", "Google Ads", "Google Analytics", "Google DoubleClick", "Google CrashLytics", "Adjust"], "execution_time_app_analyzer": 53.90846061706543, "api_to_monitoring_all": 627, "type_analysis": "Droidbot", "max_actions": 20, "timeout": 10, "privacy_policy_page_detected": false, "privacy_policy_page_md5": "N.A", "timeout_privacy_policy_page": false, "home_button_change_privacy_policy_page": false, "back_button_change_privacy_policy_page": false, "actions_needed_to_reach_privacy_policy": 19, "api_invoked_during_dynamic_analysis": 0, "app_is_compliant_with_google_play_store": false, "app_analyzed": true, "num_tentative": 1, "privacy_policy_page_detected_google_play": true}