{"md5": "9104b6bd40525dc1369302b9d408a787", "permission_requested": ["com.android.vending.BILLING", "android.permission.ACCESS_NETWORK_STATE", "android.permission.ACCESS_WIFI_STATE", "android.permission.INTERNET"], "trackers_inside": ["Google Ads", "Adjust", "Unity3d Ads"], "execution_time_app_analyzer": 12.015037059783936, "api_to_monitoring_all": 397, "type_analysis": "Droidbot", "max_actions": 20, "timeout": 10, "privacy_policy_page_detected": false, "privacy_policy_page_md5": "N.A", "timeout_privacy_policy_page": false, "home_button_change_privacy_policy_page": false, "back_button_change_privacy_policy_page": false, "actions_needed_to_reach_privacy_policy": 19, "api_invoked_during_dynamic_analysis": 94, "app_is_compliant_with_google_play_store": false, "app_analyzed": true, "num_tentative": 1, "different_api_invoked": 10, "privacy_policy_page_detected_google_play": true}