{"md5": "9123afc5fb1b781899f9d0fa5dea4314", "permission_requested": ["android.permission.WAKE_LOCK", "android.permission.USE_CREDENTIALS", "android.permission.GET_ACCOUNTS", "android.permission.ACCESS_NETWORK_STATE", "com.android.vending.BILLING", "com.google.android.finsky.permission.BIND_GET_INSTALL_REFERRER_SERVICE", "com.google.android.c2dm.permission.RECEIVE", "android.permission.VIBRATE", "android.permission.INTERNET", "android.permission.WRITE_EXTERNAL_STORAGE", "android.permission.READ_EXTERNAL_STORAGE"], "trackers_inside": ["Facebook Ads", "Google CrashLytics", "Google DoubleClick", "Google Ads", "Google Firebase Analytics"], "execution_time_app_analyzer": 49.61335229873657, "api_to_monitoring_all": 412, "type_analysis": "Droidbot", "max_actions": 20, "timeout": 10, "privacy_policy_page_detected": false, "privacy_policy_page_md5": "N.A", "timeout_privacy_policy_page": false, "home_button_change_privacy_policy_page": false, "back_button_change_privacy_policy_page": false, "actions_needed_to_reach_privacy_policy": 19, "api_invoked_during_dynamic_analysis": 98985, "app_is_compliant_with_google_play_store": false, "app_analyzed": true, "num_tentative": 2, "different_api_invoked": 31, "privacy_policy_page_detected_google_play": true}