{"md5": "923a40d329094beec322f42e3449454d", "permission_requested": ["android.permission.FOREGROUND_SERVICE", "android.permission.ACCESS_WIFI_STATE", "android.permission.WAKE_LOCK", "android.permission.ACCESS_NETWORK_STATE", "android.permission.RECEIVE_BOOT_COMPLETED", "com.android.vending.BILLING", "android.permission.ACCESS_COARSE_LOCATION", "android.permission.INTERNET", "android.permission.WRITE_EXTERNAL_STORAGE", "android.permission.CHANGE_WIFI_STATE", "android.permission.READ_EXTERNAL_STORAGE"], "trackers_inside": [], "execution_time_app_analyzer": 36.92175316810608, "api_to_monitoring_all": 88, "type_analysis": "Droidbot", "max_actions": 20, "timeout": 10, "privacy_policy_page_detected": false, "privacy_policy_page_md5": "N.A", "timeout_privacy_policy_page": false, "home_button_change_privacy_policy_page": false, "back_button_change_privacy_policy_page": false, "actions_needed_to_reach_privacy_policy": 19, "api_invoked_during_dynamic_analysis": 10, "app_is_compliant_with_google_play_store": false, "app_analyzed": true, "num_tentative": 1, "different_api_invoked": 2, "privacy_policy_page_detected_google_play": true}