{"md5": "92a66e9c91995fdd9e8124ef32572034", "permission_requested": ["android.permission.FLASHLIGHT", "android.permission.BLUETOOTH_ADMIN", "android.permission.ACCESS_NETWORK_STATE", "com.huawei.android.launcher.permission.WRITE_SETTINGS", "android.permission.READ_CONTACTS", "android.permission.GET_PACKAGE_SIZE", "android.permission.BIND_APPWIDGET", "org.adwfreak.launcher.permission.READ_SETTINGS", "android.permission.CHANGE_WIFI_STATE", "android.permission.PERSISTENT_ACTIVITY", "com.android.launcher.permission.INSTALL_SHORTCUT", "android.permission.ACCESS_COARSE_LOCATION", "android.permission.INTERNET", "com.teslacoilsw.launcher.permission.READ_SETTINGS", "com.sec.android.app.launcher.permission.READ_SETTINGS", "com.sec.android.app.launcher.permission.WRITE_SETTINGS", "com.anddoes.launcher.permission.READ_SETTINGS", "com.samsung.android.launcher.permission.READ_SETTINGS", "android.permission.EXPAND_STATUS_BAR", "com.android.launcher2.permission.READ_SETTINGS", "com.google.android.launcher.permission.READ_SETTINGS", "com.samsung.android.launcher.permission.WRITE_SETTINGS", "com.fede.launcher.permission.READ_SETTINGS", "com.android.cmlauncher.permission.READ_SETTINGS", "android.permission.MODIFY_PHONE_STATE", "android.permission.SYSTEM_ALERT_WINDOW", "android.permission.BLUETOOTH", "home.solo.launcher.free.permission.READ_SETTINGS", "android.permission.READ_SYNC_SETTINGS", "android.permission.WAKE_LOCK", "android.permission.RESTART_PACKAGES", "android.permission.RECORD_AUDIO", "android.permission.WRITE_SYNC_SETTINGS", "android.permission.MOUNT_UNMOUNT_FILESYSTEMS", "android.permission.VIBRATE", "android.permission.KILL_BACKGROUND_PROCESSES", "android.permission.BIND_NOTIFICATION_LISTENER_SERVICE", "android.permission.WRITE_CONTACTS", "android.permission.CHANGE_WIFI_MULTICAST_STATE", "android.permission.INSTALL_DRM", "android.permission.WRITE_EXTERNAL_STORAGE", "com.google.android.finsky.permission.BIND_GET_INSTALL_REFERRER_SERVICE", "android.permission.MANAGE_ACCOUNTS", "com.google.android.c2dm.permission.RECEIVE", "android.permission.FOREGROUND_SERVICE", "android.permission.GET_TASKS", "com.android.vending.BILLING", "android.permission.READ_LOGS", "android.permission.ACCESS_MOCK_LOCATION", "android.permission.CAMERA", "com.huawei.android.launcher.permission.READ_SETTINGS", "org.adw.launcher_donut.permission.READ_SETTINGS", "android.permission.READ_EXTERNAL_STORAGE", "android.permission.WRITE_APN_SETTINGS", "com.android.vending.CHECK_LICENSE", "android.permission.USE_CREDENTIALS", "com.huawei.launcher2.permission.READ_SETTINGS", "android.permission.DISABLE_KEYGUARD", "android.permission.READ_PROFILE", "android.permission.BROADCAST_STICKY", "com.lge.launcher.permission.READ_SETTINGS", "com.android.launcher.permission.READ_SETTINGS", "android.permission.WRITE_SETTINGS", "android.permission.SET_WALLPAPER_HINTS", "android.permission.MODIFY_AUDIO_SETTINGS", "com.android.launcher3.permission.READ_SETTINGS", "android.permission.RECEIVE_BOOT_COMPLETED", "android.permission.SYSTEM_OVERLAY_WINDOW", "com.oppo.launcher.permission.READ_SETTINGS", "android.permission.ACCESS_NOTIFICATION_POLICY", "android.permission.READ_PHONE_STATE", "android.permission.GET_ACCOUNTS", "android.permission.CALL_PHONE", "com.lenovo.launcher.permission.READ_SETTINGS", "android.permission.ACCESS_WEATHERCLOCK_PROVIDER", "android.permission.SET_WALLPAPER", "android.permission.SET_PREFERRED_APPLICATIONS", "com.htc.launcher.permission.READ_SETTINGS", "android.permission.BIND_ACCESSIBILITY_SERVICE", "org.adw.launcher.permission.READ_SETTINGS", "com.huawei.launcher3.permission.READ_SETTINGS", "com.miui.mihome2.permission.READ_SETTINGS", "com.cyanogenmod.trebuchet.permission.READ_SETTINGS", "android.permission.ACCESS_WIFI_STATE", "cn.nubia.launcher.permission.READ_SETTINGS", "com.google.android.providers.gsf.permission.READ_GSERVICES", "android.permission.USE_FINGERPRINT", "android.permission.ACCESS_FINE_LOCATION", "android.permission.CHANGE_NETWORK_STATE"], "trackers_inside": ["Google CrashLytics", "Integral Ad Science", "Facebook Ads", "Unity3d Ads", "Twitter MoPub", "Flurry", "AppLovin", "AdColony", "Vungle", "Facebook Analytics", "Google DoubleClick", "AppsFlyer", "Google Ads", "Moat", "Google Firebase Analytics", "Amazon Advertisement", "Google Analytics", "Inmobi"], "execution_time_app_analyzer": 102.3287718296051, "api_to_monitoring_all": 2171, "type_analysis": "Droidbot", "max_actions": 20, "timeout": 10, "privacy_policy_page_detected": false, "privacy_policy_page_md5": "N.A", "timeout_privacy_policy_page": false, "home_button_change_privacy_policy_page": false, "back_button_change_privacy_policy_page": false, "actions_needed_to_reach_privacy_policy": 19, "api_invoked_during_dynamic_analysis": 51408, "app_is_compliant_with_google_play_store": false, "app_analyzed": true, "num_tentative": 1, "different_api_invoked": 61, "privacy_policy_page_detected_google_play": true}