{"md5": "935b3fdd19b324fbe7942f256b9d7717", "permission_requested": ["android.permission.ACCESS_WIFI_STATE", "android.permission.ACCESS_NETWORK_STATE", "com.android.vending.BILLING", "android.permission.INTERNET", "com.android.alarm.permission.SET_ALARM"], "trackers_inside": ["Facebook Ads", "Unity3d Ads", "AppLovin", "Integral Ad Science", "Tapjoy", "Vungle", "AdColony", "Google Ads", "Moat", "Google DoubleClick", "ironSource"], "execution_time_app_analyzer": 41.977449893951416, "api_to_monitoring_all": 2048, "type_analysis": "Droidbot", "max_actions": 20, "timeout": 10, "privacy_policy_page_detected": false, "privacy_policy_page_md5": "N.A", "timeout_privacy_policy_page": false, "home_button_change_privacy_policy_page": false, "back_button_change_privacy_policy_page": false, "actions_needed_to_reach_privacy_policy": 19, "api_invoked_during_dynamic_analysis": 11242, "app_is_compliant_with_google_play_store": false, "app_analyzed": true, "num_tentative": 1, "different_api_invoked": 50, "privacy_policy_page_detected_google_play": true}