{"md5": "937b73de62c0bbbfd0dcacc3282d43ab", "permission_requested": ["android.permission.READ_EXTERNAL_STORAGE", "android.permission.ACCESS_WIFI_STATE", "com.sec.android.provider.badge.permission.READ", "android.permission.WAKE_LOCK", "com.sonymobile.home.permission.PROVIDER_INSERT_BADGE", "android.permission.ACCESS_COARSE_LOCATION", "com.huawei.android.launcher.permission.READ_SETTINGS", "com.huawei.android.launcher.permission.CHANGE_BADGE", "com.anddoes.launcher.permission.UPDATE_COUNT", "android.permission.ACCESS_FINE_LOCATION", "me.everything.badger.permission.BADGE_COUNT_READ", "android.permission.VIBRATE", "android.permission.GET_TASKS", "com.htc.launcher.permission.UPDATE_SHORTCUT", "com.oppo.launcher.permission.READ_SETTINGS", "android.permission.GET_ACCOUNTS", "com.sec.android.provider.badge.permission.WRITE", "android.permission.CALL_PHONE", "com.oppo.launcher.permission.WRITE_SETTINGS", "android.permission.INTERNET", "android.permission.WRITE_SETTINGS", "com.majeur.launcher.permission.UPDATE_BADGE", "android.permission.USE_FINGERPRINT", "android.permission.NFC", "com.sonyericsson.home.permission.BROADCAST_BADGE", "android.permission.CAMERA", "android.permission.ACCESS_COARSE_UPDATES", "ru.mts.service.permission.C2D_MESSAGE", "com.htc.launcher.permission.READ_SETTINGS", "android.permission.READ_APP_BADGE", "android.permission.WRITE_EXTERNAL_STORAGE", "com.google.android.finsky.permission.BIND_GET_INSTALL_REFERRER_SERVICE", "com.google.android.c2dm.permission.RECEIVE", "android.permission.ACCESS_NETWORK_STATE", "com.huawei.android.launcher.permission.WRITE_SETTINGS", "android.permission.READ_CONTACTS", "android.permission.RECEIVE_BOOT_COMPLETED", "me.everything.badger.permission.BADGE_COUNT_WRITE", "com.google.android.providers.gsf.permission.READ_GSERVICES"], "trackers_inside": ["Google CrashLytics", "Google Firebase Analytics", "Google Ads", "AppMetrica", "Google Analytics"], "execution_time_app_analyzer": 75.36758875846863, "api_to_monitoring_all": 352, "type_analysis": "Droidbot", "max_actions": 20, "timeout": 10, "privacy_policy_page_detected": false, "privacy_policy_page_md5": "N.A", "timeout_privacy_policy_page": false, "home_button_change_privacy_policy_page": false, "back_button_change_privacy_policy_page": false, "actions_needed_to_reach_privacy_policy": 19, "api_invoked_during_dynamic_analysis": 20198, "app_is_compliant_with_google_play_store": false, "app_analyzed": true, "num_tentative": 1, "different_api_invoked": 22, "privacy_policy_page_detected_google_play": true}