{"md5": "9527db047b6bb6261205b51604fc9f8f", "permission_requested": ["android.permission.ACCESS_NETWORK_STATE", "android.permission.INTERNET"], "trackers_inside": [], "execution_time_app_analyzer": 11.676914691925049, "api_to_monitoring_all": 39, "type_analysis": "Droidbot", "max_actions": 20, "timeout": 10, "privacy_policy_page_detected": false, "privacy_policy_page_md5": "N.A", "timeout_privacy_policy_page": false, "home_button_change_privacy_policy_page": false, "back_button_change_privacy_policy_page": false, "actions_needed_to_reach_privacy_policy": 19, "api_invoked_during_dynamic_analysis": 0, "app_is_compliant_with_google_play_store": false, "app_analyzed": true, "num_tentative": 1, "privacy_policy_page_detected_google_play": true}