{"md5": "95e92c81862f0609c049c9a327c581d7", "permission_requested": ["android.permission.RECEIVE_BOOT_COMPLETED", "com.google.android.finsky.permission.BIND_GET_INSTALL_REFERRER_SERVICE", "android.permission.FOREGROUND_SERVICE", "android.permission.GET_TASKS", "android.permission.ACCESS_WIFI_STATE", "android.permission.PACKAGE_USAGE_STATS", "com.google.android.c2dm.permission.RECEIVE", "ANDROID.PERMISSION.CHANGE_WIFI_STATE", "android.permission.ACCESS_NETWORK_STATE", "android.permission.WAKE_LOCK", "ANDROID.PERMISSION.ACCESS_WIFI_STATE", "com.android.vending.BILLING", "android.permission.INTERNET"], "trackers_inside": ["Adjust", "Google Ads", "Google Firebase Analytics", "Google CrashLytics"], "execution_time_app_analyzer": 69.48512411117554, "api_to_monitoring_all": 245, "type_analysis": "Droidbot", "max_actions": 20, "timeout": 10, "privacy_policy_page_detected": false, "privacy_policy_page_md5": "N.A", "timeout_privacy_policy_page": false, "home_button_change_privacy_policy_page": false, "back_button_change_privacy_policy_page": false, "actions_needed_to_reach_privacy_policy": 19, "api_invoked_during_dynamic_analysis": 0, "app_is_compliant_with_google_play_store": false, "app_analyzed": true, "num_tentative": 1, "privacy_policy_page_detected_google_play": true}