{"md5": "971feffadbb2e67acedd48e3d824de66", "permission_requested": ["android.permission.WAKE_LOCK", "android.permission.ACCESS_WIFI_STATE", "android.permission.ACCESS_NETWORK_STATE", "com.android.vending.BILLING", "android.permission.READ_PHONE_STATE", "com.android.vending.CHECK_LICENSE", "android.permission.INTERNET", "android.permission.WRITE_EXTERNAL_STORAGE"], "trackers_inside": [], "execution_time_app_analyzer": 0.8829362392425537, "api_to_monitoring_all": 68, "app_analyzed": false, "privacy_policy_page_detected_google_play": true}