{"md5": "9756e0d01a75f28b3a0b03671c914b5e", "permission_requested": ["android.permission.RECEIVE_BOOT_COMPLETED", "android.permission.ACCESS_NETWORK_STATE", "android.permission.INTERNET", "android.permission.VIBRATE", "com.google.android.c2dm.permission.RECEIVE", "android.permission.WRITE_EXTERNAL_STORAGE", "glshare.permission.ACCESS_SHARED_DATA", "android.permission.ACCESS_WIFI_STATE", "com.gameloft.android.ANMP.GloftKIHM.permission.C2D_MESSAGE", "android.permission.ACCESS_COARSE_LOCATION", "com.google.android.finsky.permission.BIND_GET_INSTALL_REFERRER_SERVICE", "com.android.vending.BILLING", "android.permission.WAKE_LOCK", "android.permission.READ_EXTERNAL_STORAGE"], "trackers_inside": ["Facebook Analytics", "Google Firebase Analytics", "Google Analytics", "Google Ads", "Google DoubleClick"], "execution_time_app_analyzer": 30.936540126800537, "api_to_monitoring_all": 352, "type_analysis": "Droidbot", "max_actions": 20, "timeout": 10, "privacy_policy_page_detected": false, "privacy_policy_page_md5": "N.A", "timeout_privacy_policy_page": false, "home_button_change_privacy_policy_page": false, "back_button_change_privacy_policy_page": false, "actions_needed_to_reach_privacy_policy": 18, "api_invoked_during_dynamic_analysis": 0, "app_is_compliant_with_google_play_store": false, "app_analyzed": true, "num_tentative": 2, "privacy_policy_page_detected_google_play": true}