{"md5": "987435e9b29e9af86cb2cc8a021ad440", "permission_requested": ["android.permission.INTERNET", "android.permission.ACCESS_WIFI_STATE", "android.permission.WAKE_LOCK", "com.android.vending.CHECK_LICENSE", "android.permission.WRITE_EXTERNAL_STORAGE", "android.permission.ACCESS_NETWORK_STATE"], "trackers_inside": ["Google CrashLytics", "Adjust"], "execution_time_app_analyzer": 15.533687829971313, "api_to_monitoring_all": 129, "type_analysis": "Droidbot", "max_actions": 20, "timeout": 10, "privacy_policy_page_detected": false, "privacy_policy_page_md5": "N.A", "timeout_privacy_policy_page": false, "home_button_change_privacy_policy_page": false, "back_button_change_privacy_policy_page": false, "actions_needed_to_reach_privacy_policy": 19, "api_invoked_during_dynamic_analysis": 5, "app_is_compliant_with_google_play_store": false, "app_analyzed": true, "num_tentative": 1, "different_api_invoked": 2, "privacy_policy_page_detected_google_play": true}