{"md5": "9879fd57201ee843daee3f3a6f588217", "permission_requested": ["android.permission.READ_EXTERNAL_STORAGE", "android.permission.INTERNET", "com.android.vending.BILLING", "android.permission.WAKE_LOCK", "android.permission.ACCESS_NETWORK_STATE", "android.permission.WRITE_EXTERNAL_STORAGE"], "trackers_inside": ["Google Ads", "Google CrashLytics", "Google Analytics"], "execution_time_app_analyzer": 17.398750066757202, "api_to_monitoring_all": 194, "type_analysis": "Droidbot", "max_actions": 20, "timeout": 10, "privacy_policy_page_detected": false, "privacy_policy_page_md5": "N.A", "timeout_privacy_policy_page": false, "home_button_change_privacy_policy_page": false, "back_button_change_privacy_policy_page": false, "actions_needed_to_reach_privacy_policy": 19, "api_invoked_during_dynamic_analysis": 120, "app_is_compliant_with_google_play_store": false, "app_analyzed": true, "num_tentative": 1, "different_api_invoked": 8, "privacy_policy_page_detected_google_play": true}