{"md5": "99667b0a39da0803da5fe69a5b9bff55", "permission_requested": ["android.permission.INTERNET", "com.google.android.c2dm.permission.RECEIVE", "android.permission.ACCESS_WIFI_STATE", "android.permission.READ_PHONE_STATE", "android.permission.ACCESS_NETWORK_STATE", "android.permission.WRITE_EXTERNAL_STORAGE", "com.android.vending.BILLING", "android.permission.READ_EXTERNAL_STORAGE", "com.google.android.finsky.permission.BIND_GET_INSTALL_REFERRER_SERVICE", "android.permission.WAKE_LOCK"], "trackers_inside": ["Google Firebase Analytics", "Google Ads", "AppLovin", "Google CrashLytics"], "execution_time_app_analyzer": 31.860597848892212, "api_to_monitoring_all": 710, "type_analysis": "Droidbot", "max_actions": 20, "timeout": 10, "privacy_policy_page_detected": false, "privacy_policy_page_md5": "N.A", "timeout_privacy_policy_page": false, "home_button_change_privacy_policy_page": false, "back_button_change_privacy_policy_page": false, "actions_needed_to_reach_privacy_policy": 19, "api_invoked_during_dynamic_analysis": 87799, "app_is_compliant_with_google_play_store": false, "app_analyzed": true, "num_tentative": 1, "different_api_invoked": 31, "privacy_policy_page_detected_google_play": true}