{"md5": "99fae4693e3d1586427de484ccdf055e", "permission_requested": ["me.everything.badger.permission.BADGE_COUNT_WRITE", "android.permission.SYSTEM_ALERT_WINDOW", "com.oppo.launcher.permission.READ_SETTINGS", "com.sec.android.provider.badge.permission.WRITE", "android.permission.FLASHLIGHT", "android.permission.BATTERY_STATS", "com.sonyericsson.home.permission.BROADCAST_BADGE", "android.permission.READ_CALL_LOG", "android.permission.WRITE_CALENDAR", "android.permission.READ_PHONE_STATE", "android.permission.ACCESS_NOTIFICATION_POLICY", "android.permission.READ_SMS", "android.permission.ACCESS_NETWORK_STATE", "android.permission.WAKE_LOCK", "com.huawei.android.launcher.permission.WRITE_SETTINGS", "android.permission.READ_CONTACTS", "android.permission.GET_ACCOUNTS", "com.htc.launcher.permission.UPDATE_SHORTCUT", "com.sonymobile.home.permission.PROVIDER_INSERT_BADGE", "android.permission.CALL_PHONE", "android.permission.RECORD_AUDIO", "android.permission.READ_EXTERNAL_STORAGE", "android.permission.WRITE_SMS", "android.permission.VIBRATE", "com.sec.android.provider.badge.permission.READ", "android.permission.CHANGE_WIFI_STATE", "com.huawei.launcher2.permission.WRITE_SETTINGS", "android.permission.READ_CALENDAR", "me.everything.badger.permission.BADGE_COUNT_READ", "android.permission.ACCESS_COARSE_LOCATION", "com.majeur.launcher.permission.UPDATE_BADGE", "com.oppo.launcher.permission.WRITE_SETTINGS", "android.permission.INTERNET", "android.permission.USE_CREDENTIALS", "android.permission.REQUEST_INSTALL_PACKAGES", "android.permission.SEND_SMS", "com.huawei.launcher2.permission.READ_SETTINGS", "android.permission.WRITE_CONTACTS", "com.anddoes.launcher.permission.UPDATE_COUNT", "android.permission.SYSTEM_OVERLAY_WINDOW", "android.permission.DISABLE_KEYGUARD", "com.htc.launcher.permission.READ_SETTINGS", "android.permission.WRITE_EXTERNAL_STORAGE", "com.android.launcher.permission.READ_SETTINGS", "com.android.launcher.permission.WRITE_SETTINGS", "com.huawei.android.launcher.permission.CHANGE_BADGE", "com.huawei.launcher3.permission.READ_SETTINGS", "com.google.android.finsky.permission.BIND_GET_INSTALL_REFERRER_SERVICE", "android.permission.RECEIVE_MMS", "com.huawei.launcher3.permission.WRITE_SETTINGS", "com.calea.echo.batch.permission.INTERNAL_BROADCAST", "android.permission.WRITE_SETTINGS", "com.calea.echo.permission.C2D_MESSAGE", "android.permission.READ_APP_BADGE", "android.permission.DOWNLOAD_WITHOUT_NOTIFICATION", "com.google.android.c2dm.permission.RECEIVE", "android.permission.FOREGROUND_SERVICE", "android.permission.ACCESS_WIFI_STATE", "com.google.android.providers.gsf.permission.READ_GSERVICES", "com.android.vending.BILLING", "android.permission.USE_FINGERPRINT", "android.permission.RECEIVE_SMS", "android.permission.CAMERA", "android.permission.ACCESS_FINE_LOCATION", "android.permission.RECEIVE_BOOT_COMPLETED", "android.permission.ANSWER_PHONE_CALLS", "com.huawei.android.launcher.permission.READ_SETTINGS", "android.permission.CHANGE_NETWORK_STATE"], "trackers_inside": ["Google CrashLytics", "Integral Ad Science", "Facebook Ads", "Twitter MoPub", "Adjust", "Facebook Analytics", "Google DoubleClick", "Google Ads", "Moat", "Google Firebase Analytics", "Google Analytics"], "execution_time_app_analyzer": 97.86825251579285, "api_to_monitoring_all": 775, "type_analysis": "Droidbot", "max_actions": 20, "timeout": 10, "privacy_policy_page_detected": false, "privacy_policy_page_md5": "N.A", "timeout_privacy_policy_page": false, "home_button_change_privacy_policy_page": false, "back_button_change_privacy_policy_page": false, "actions_needed_to_reach_privacy_policy": 19, "api_invoked_during_dynamic_analysis": 0, "app_is_compliant_with_google_play_store": false, "app_analyzed": true, "num_tentative": 2, "privacy_policy_page_detected_google_play": true}