{"md5": "9b9da34415025ccd8cd117760de1b261", "permission_requested": ["android.permission.ACCESS_NETWORK_STATE", "com.google.android.c2dm.permission.RECEIVE", "com.google.android.providers.gsf.permission.WRITE_GSERVICES", "android.permission.GET_ACCOUNTS", "com.google.android.providers.gsf.permission.READ_GSERVICES", "android.permission.VIBRATE", "android.permission.USE_CREDENTIALS", "android.permission.WAKE_LOCK", "com.google.android.gms.permission.GAMES_DEBUG_SETTINGS", "com.google.android.gms.game.notifications.permission.READ", "android.permission.REQUEST_DELETE_PACKAGES", "android.permission.RECEIVE_BOOT_COMPLETED", "com.google.android.gms.permission.INTERNAL_BROADCAST", "com.google.android.finsky.permission.BIND_GET_INSTALL_REFERRER_SERVICE", "android.permission.INTERNET"], "trackers_inside": ["Google Firebase Analytics"], "execution_time_app_analyzer": 33.21509623527527, "api_to_monitoring_all": 74, "type_analysis": "Droidbot", "max_actions": 20, "timeout": 10, "privacy_policy_page_detected": false, "privacy_policy_page_md5": "N.A", "timeout_privacy_policy_page": false, "home_button_change_privacy_policy_page": false, "back_button_change_privacy_policy_page": false, "actions_needed_to_reach_privacy_policy": 19, "api_invoked_during_dynamic_analysis": 367, "app_is_compliant_with_google_play_store": false, "app_analyzed": true, "num_tentative": 1, "different_api_invoked": 8, "privacy_policy_page_detected_google_play": true}