{"md5": "9c05b0751ab30931404c6c2048cbd556", "permission_requested": ["com.google.android.finsky.permission.BIND_GET_INSTALL_REFERRER_SERVICE", "com.google.android.c2dm.permission.RECEIVE", "android.permission.VIBRATE", "android.permission.WRITE_EXTERNAL_STORAGE", "com.google.android.providers.gsf.permission.READ_GSERVICES", "android.permission.WRITE_INTERNAL_STORAGE", "android.permission.ACCESS_WIFI_STATE", "android.permission.RECEIVE_BOOT_COMPLETED", "android.permission.GET_ACCOUNTS", "com.android.vending.BILLING", "android.permission.INTERNET", "android.permission.ACCESS_NETWORK_STATE", "android.permission.READ_EXTERNAL_STORAGE", "com.android.alarm.permission.SET_ALARM", "android.permission.WAKE_LOCK"], "trackers_inside": ["AdColony", "Google Firebase Analytics", "Google Ads", "Twitter MoPub", "Google DoubleClick", "Adjust", "Google CrashLytics", "Vungle", "Facebook Analytics", "Moat", "Integral Ad Science", "Facebook Ads", "Unity3d Ads"], "execution_time_app_analyzer": 53.36090016365051, "api_to_monitoring_all": 1064, "type_analysis": "Droidbot", "max_actions": 20, "timeout": 10, "privacy_policy_page_detected": false, "privacy_policy_page_md5": "N.A", "timeout_privacy_policy_page": false, "home_button_change_privacy_policy_page": false, "back_button_change_privacy_policy_page": false, "actions_needed_to_reach_privacy_policy": 19, "api_invoked_during_dynamic_analysis": 0, "app_is_compliant_with_google_play_store": false, "app_analyzed": true, "num_tentative": 1, "privacy_policy_page_detected_google_play": true}