{"md5": "9c66ecad60758b69a1357d4f17aab4e2", "permission_requested": ["android.permission.WRITE_EXTERNAL_STORAGE", "android.permission.ACCESS_WIFI_STATE", "android.permission.INTERNET", "android.permission.RECEIVE_BOOT_COMPLETED", "com.google.android.c2dm.permission.RECEIVE", "it.pinenuts.rassegnastampa..gcm.permission.C2D_MESSAGE", "android.permission.ACCESS_NETWORK_STATE", "android.permission.WAKE_LOCK", "com.google.android.finsky.permission.BIND_GET_INSTALL_REFERRER_SERVICE", "android.permission.ACCESS_COARSE_LOCATION"], "trackers_inside": ["Google CrashLytics", "Google DoubleClick", "Google Ads", "Google Firebase Analytics", "Google Analytics"], "execution_time_app_analyzer": 28.909517288208008, "api_to_monitoring_all": 277, "type_analysis": "Droidbot", "max_actions": 20, "timeout": 10, "privacy_policy_page_detected": false, "privacy_policy_page_md5": "N.A", "timeout_privacy_policy_page": false, "home_button_change_privacy_policy_page": false, "back_button_change_privacy_policy_page": false, "actions_needed_to_reach_privacy_policy": 19, "api_invoked_during_dynamic_analysis": 0, "app_is_compliant_with_google_play_store": false, "app_analyzed": true, "num_tentative": 1, "privacy_policy_page_detected_google_play": true}