{"md5": "9ce2cd4c4d52b25ab66c8aa16aba87bd", "permission_requested": ["android.permission.ACCESS_WIFI_STATE", "android.permission.WAKE_LOCK", "android.permission.ACCESS_NETWORK_STATE", "android.permission.RECEIVE_BOOT_COMPLETED", "com.android.vending.BILLING", "com.google.android.finsky.permission.BIND_GET_INSTALL_REFERRER_SERVICE", "com.google.android.c2dm.permission.RECEIVE", "android.permission.VIBRATE", "android.permission.INTERNET", "org.onepf.openiab.permission.BILLING", "com.nokia.payment.BILLING", "com.lingualeo.android.permission.C2D_MESSAGE", "android.permission.WRITE_EXTERNAL_STORAGE", "com.sec.android.iap.permission.BILLING", "android.permission.READ_EXTERNAL_STORAGE"], "trackers_inside": ["Google CrashLytics", "Google Analytics", "AppMetrica", "Google Ads", "Adjust", "Google Firebase Analytics", "Facebook Analytics"], "execution_time_app_analyzer": 55.23858022689819, "api_to_monitoring_all": 460, "type_analysis": "Droidbot", "max_actions": 20, "timeout": 10, "privacy_policy_page_detected": false, "privacy_policy_page_md5": "N.A", "timeout_privacy_policy_page": false, "home_button_change_privacy_policy_page": false, "back_button_change_privacy_policy_page": false, "actions_needed_to_reach_privacy_policy": 19, "api_invoked_during_dynamic_analysis": 6816, "app_is_compliant_with_google_play_store": false, "app_analyzed": true, "num_tentative": 2, "different_api_invoked": 41, "privacy_policy_page_detected_google_play": true}