{"md5": "9ce5d5cc6633271db7fc61257bff185d", "permission_requested": ["android.permission.ACCESS_NETWORK_STATE", "android.permission.WRITE_SETTINGS", "android.permission.INTERNET", "android.permission.WRITE_EXTERNAL_STORAGE", "android.permission.CAMERA", "android.permission.READ_EXTERNAL_STORAGE", "android.permission.SET_WALLPAPER"], "trackers_inside": ["Google DoubleClick", "Google Ads"], "execution_time_app_analyzer": 23.68936800956726, "api_to_monitoring_all": 173, "type_analysis": "Droidbot", "max_actions": 20, "timeout": 10, "privacy_policy_page_detected": false, "privacy_policy_page_md5": "N.A", "timeout_privacy_policy_page": false, "home_button_change_privacy_policy_page": false, "back_button_change_privacy_policy_page": false, "actions_needed_to_reach_privacy_policy": 19, "api_invoked_during_dynamic_analysis": 48885, "app_is_compliant_with_google_play_store": false, "app_analyzed": true, "num_tentative": 1, "different_api_invoked": 14, "privacy_policy_page_detected_google_play": true}