{"md5": "9d5ba33a333cf324d5d590355366bb06", "permission_requested": ["android.permission.INTERNET", "android.permission.MODIFY_AUDIO_SETTINGS", "android.permission.RECORD_AUDIO", "android.permission.VIBRATE", "android.permission.GET_ACCOUNTS", "com.google.android.finsky.permission.BIND_GET_INSTALL_REFERRER_SERVICE", "android.permission.CHANGE_NETWORK_STATE", "android.permission.FOREGROUND_SERVICE", "com.google.android.c2dm.permission.RECEIVE", "com.hamropatro.permission.C2D_MESSAGE", "android.permission.WAKE_LOCK", "android.permission.READ_EXTERNAL_STORAGE", "android.permission.WRITE_EXTERNAL_STORAGE", "android.permission.RECEIVE_BOOT_COMPLETED", "android.permission.CAMERA", "android.permission.BLUETOOTH", "android.permission.USE_CREDENTIALS", "android.permission.ACCESS_NETWORK_STATE"], "trackers_inside": ["Facebook Analytics", "Google Ads", "Google DoubleClick", "Facebook Ads", "Twitter MoPub", "Google Analytics", "Google Firebase Analytics", "Google CrashLytics"], "execution_time_app_analyzer": 82.00444507598877, "api_to_monitoring_all": 694, "type_analysis": "Droidbot", "max_actions": 20, "timeout": 10, "privacy_policy_page_detected": false, "privacy_policy_page_md5": "N.A", "timeout_privacy_policy_page": false, "home_button_change_privacy_policy_page": false, "back_button_change_privacy_policy_page": false, "actions_needed_to_reach_privacy_policy": 19, "api_invoked_during_dynamic_analysis": 0, "app_is_compliant_with_google_play_store": false, "app_analyzed": true, "num_tentative": 1, "privacy_policy_page_detected_google_play": true}