{"md5": "9d88bceeed50025a4fc4a2d0b174acd8", "permission_requested": ["android.permission.INTERNET", "com.amazon.device.messaging.permission.RECEIVE", "android.permission.ACCESS_NETWORK_STATE", "com.google.android.c2dm.permission.RECEIVE", "com.google.android.finsky.permission.BIND_GET_INSTALL_REFERRER_SERVICE", "android.permission.RECORD_AUDIO", "android.permission.READ_EXTERNAL_STORAGE", "android.permission.WAKE_LOCK", "android.permission.CAMERA", "com.learninga_z.onyourown.permission.RECEIVE_ADM_MESSAGE", "android.permission.WRITE_EXTERNAL_STORAGE"], "trackers_inside": ["Google Ads", "Google Analytics", "Google CrashLytics", "Google Firebase Analytics"], "execution_time_app_analyzer": 24.07876420021057, "api_to_monitoring_all": 194, "type_analysis": "Droidbot", "max_actions": 20, "timeout": 10, "privacy_policy_page_detected": false, "privacy_policy_page_md5": "N.A", "timeout_privacy_policy_page": false, "home_button_change_privacy_policy_page": false, "back_button_change_privacy_policy_page": false, "actions_needed_to_reach_privacy_policy": 19, "api_invoked_during_dynamic_analysis": 45, "app_is_compliant_with_google_play_store": false, "app_analyzed": true, "num_tentative": 1, "different_api_invoked": 11, "privacy_policy_page_detected_google_play": true}