{"md5": "9db1d1e506d1c05cb2fa5b48f686b567", "permission_requested": ["android.permission.ACCESS_NETWORK_STATE", "android.permission.RECORD_AUDIO", "com.google.android.c2dm.permission.RECEIVE", "android.permission.WAKE_LOCK", "com.smartandroidapps.equalizer.permission.C2D_MESSAGE", "android.permission.MODIFY_AUDIO_SETTINGS", "android.permission.READ_EXTERNAL_STORAGE", "android.permission.INTERNET", "android.permission.GET_ACCOUNTS", "com.android.vending.BILLING", "android.permission.RECEIVE_BOOT_COMPLETED", "com.android.launcher.permission.INSTALL_SHORTCUT", "android.permission.VIBRATE", "android.permission.WRITE_EXTERNAL_STORAGE"], "trackers_inside": ["Google Ads", "Google Analytics", "Google CrashLytics", "Google DoubleClick"], "execution_time_app_analyzer": 15.076210260391235, "api_to_monitoring_all": 248, "type_analysis": "Droidbot", "max_actions": 20, "timeout": 10, "privacy_policy_page_detected": false, "privacy_policy_page_md5": "N.A", "timeout_privacy_policy_page": false, "home_button_change_privacy_policy_page": false, "back_button_change_privacy_policy_page": false, "actions_needed_to_reach_privacy_policy": 19, "api_invoked_during_dynamic_analysis": 18879, "app_is_compliant_with_google_play_store": false, "app_analyzed": true, "num_tentative": 1, "different_api_invoked": 7, "privacy_policy_page_detected_google_play": true}