{"md5": "9dbd4f5d34d02a3921c1c7b42aa16530", "permission_requested": ["android.permission.ACCESS_WIFI_STATE", "android.permission.WAKE_LOCK", "android.permission.ACCESS_NETWORK_STATE", "com.android.vending.BILLING", "com.android.vending.CHECK_LICENSE", "android.permission.INTERNET", "android.permission.WRITE_EXTERNAL_STORAGE", "com.google.android.providers.gsf.permission.READ_GSERVICES", "android.permission.READ_EXTERNAL_STORAGE"], "trackers_inside": ["Unity3d Ads", "Google Ads"], "execution_time_app_analyzer": 13.986822128295898, "api_to_monitoring_all": 366, "type_analysis": "Droidbot", "max_actions": 20, "timeout": 10, "privacy_policy_page_detected": false, "privacy_policy_page_md5": "N.A", "timeout_privacy_policy_page": false, "home_button_change_privacy_policy_page": false, "back_button_change_privacy_policy_page": false, "actions_needed_to_reach_privacy_policy": 19, "api_invoked_during_dynamic_analysis": 0, "app_is_compliant_with_google_play_store": false, "app_analyzed": true, "num_tentative": 1, "privacy_policy_page_detected_google_play": true}