{"md5": "9e8d6273da573ac0171a243b5d373326", "permission_requested": ["android.permission.ACCESS_NETWORK_STATE", "android.permission.ACCESS_WIFI_STATE", "android.permission.READ_PHONE_STATE", "android.permission.ACCESS_FINE_LOCATION", "android.permission.READ_EXTERNAL_STORAGE", "com.android.vending.BILLING", "android.permission.SYSTEM_ALERT_WINDOW", "android.permission.VIBRATE", "android.permission.INTERNET", "android.permission.ACCESS_COARSE_LOCATION", "android.permission.WAKE_LOCK", "com.android.vending.CHECK_LICENSE", "android.permission.GET_ACCOUNTS", "android.permission.GET_TASKS", "android.permission.WRITE_EXTERNAL_STORAGE"], "trackers_inside": ["Flurry", "Vungle", "ironSource", "Moat", "Unity3d Ads", "Google DoubleClick", "GameAnalytics", "Google Ads", "Inmobi", "Tapjoy", "Google Analytics", "Facebook Ads"], "execution_time_app_analyzer": 33.098411560058594, "api_to_monitoring_all": 1698, "type_analysis": "Droidbot", "max_actions": 20, "timeout": 10, "privacy_policy_page_detected": false, "privacy_policy_page_md5": "N.A", "timeout_privacy_policy_page": false, "home_button_change_privacy_policy_page": false, "back_button_change_privacy_policy_page": false, "actions_needed_to_reach_privacy_policy": 19, "api_invoked_during_dynamic_analysis": 1278, "app_is_compliant_with_google_play_store": false, "app_analyzed": true, "num_tentative": 1, "different_api_invoked": 10, "privacy_policy_page_detected_google_play": true}