{"md5": "9ea56f76127d281217d9aae6f899e40d", "permission_requested": ["android.permission.ACCESS_NETWORK_STATE", "android.permission.ACCESS_BACKGROUND_LOCATION", "android.permission.BLUETOOTH_ADMIN", "android.permission.ACCESS_FINE_LOCATION", "android.permission.WAKE_LOCK", "android.permission.ACCESS_COARSE_LOCATION", "com.google.android.c2dm.permission.RECEIVE", "com.google.android.providers.gsf.permission.READ_GSERVICES", "android.permission.READ_EXTERNAL_STORAGE", "android.permission.INTERNET", "com.android.vending.BILLING", "android.permission.BLUETOOTH", "android.permission.CHANGE_WIFI_STATE", "android.permission.RECEIVE_BOOT_COMPLETED", "com.nyctrans.it.supportmapfragment.permission.MAPS_RECEIVE", "android.permission.VIBRATE", "android.permission.WRITE_EXTERNAL_STORAGE", "com.google.android.finsky.permission.BIND_GET_INSTALL_REFERRER_SERVICE", "android.permission.ACCESS_WIFI_STATE"], "trackers_inside": ["Google Ads", "Google Analytics", "Google DoubleClick", "Google Firebase Analytics", "Google CrashLytics"], "execution_time_app_analyzer": 31.081769704818726, "api_to_monitoring_all": 380, "type_analysis": "Droidbot", "max_actions": 20, "timeout": 10, "privacy_policy_page_detected": true, "privacy_policy_page_md5": "67c0532dbafc014607dde5960d04f982", "timeout_privacy_policy_page": false, "home_button_change_privacy_policy_page": true, "back_button_change_privacy_policy_page": false, "actions_needed_to_reach_privacy_policy": 1, "api_invoked_during_dynamic_analysis": 28582, "app_is_compliant_with_google_play_store": false, "app_analyzed": true, "num_tentative": 1, "privacy_policy_contain_explicit_acceptance": true, "different_api_invoked": 22, "privacy_policy_page_detected_google_play": true}