{"md5": "9ede58dda71f0f80ec238743f535fdf9", "permission_requested": ["android.permission.INTERNET", "com.google.android.c2dm.permission.RECEIVE", "android.permission.VIBRATE", "android.permission.ACCESS_NETWORK_STATE", "com.android.vending.BILLING", "com.google.android.finsky.permission.BIND_GET_INSTALL_REFERRER_SERVICE", "android.permission.RECORD_AUDIO", "android.permission.WAKE_LOCK", "com.google.android.providers.gsf.permission.READ_GSERVICES"], "trackers_inside": ["Google CrashLytics", "Twitter MoPub", "Facebook Ads", "Unity3d Ads", "Integral Ad Science", "Google Ads", "Moat", "Google DoubleClick", "Google Firebase Analytics", "Inmobi"], "execution_time_app_analyzer": 44.66151762008667, "api_to_monitoring_all": 812, "type_analysis": "Droidbot", "max_actions": 20, "timeout": 10, "privacy_policy_page_detected": false, "privacy_policy_page_md5": "N.A", "timeout_privacy_policy_page": false, "home_button_change_privacy_policy_page": false, "back_button_change_privacy_policy_page": false, "actions_needed_to_reach_privacy_policy": 18, "api_invoked_during_dynamic_analysis": 22329, "app_is_compliant_with_google_play_store": false, "app_analyzed": true, "num_tentative": 1, "different_api_invoked": 38, "privacy_policy_page_detected_google_play": true}