{"md5": "a0005008f7b133e9ab21ad8161003c65", "permission_requested": ["android.permission.GET_PACKAGE_SIZE", "android.permission.READ_EXTERNAL_STORAGE", "com.google.android.finsky.permission.BIND_GET_INSTALL_REFERRER_SERVICE", "android.permission.WAKE_LOCK", "com.android.vending.CHECK_LICENSE", "com.google.android.c2dm.permission.RECEIVE", "android.permission.USE_CREDENTIALS", "com.android.launcher.permission.INSTALL_SHORTCUT", "android.permission.RECEIVE_BOOT_COMPLETED", "android.permission.AUTHENTICATE_ACCOUNTS", "android.permission.VIBRATE", "android.permission.MANAGE_ACCOUNTS", "android.permission.WRITE_EXTERNAL_STORAGE", "com.android.alarm.permission.SET_ALARM", "android.permission.GET_ACCOUNTS", "android.permission.SYSTEM_ALERT_WINDOW", "com.microsoft.office.word.permission.C2D_MESSAGE", "android.permission.INTERNET", "android.permission.CAMERA", "android.permission.ACCESS_WIFI_STATE", "android.permission.READ_CONTACTS", "android.permission.READ_PHONE_STATE", "android.permission.ACCESS_NETWORK_STATE", "com.android.vending.BILLING", "android.permission.RECORD_AUDIO"], "trackers_inside": ["Google Firebase Analytics", "Google Ads"], "execution_time_app_analyzer": 68.89534449577332, "api_to_monitoring_all": 187, "type_analysis": "Droidbot", "max_actions": 20, "timeout": 10, "privacy_policy_page_detected": true, "privacy_policy_page_md5": "78de21155046a105322a589c4f39cf97", "timeout_privacy_policy_page": false, "home_button_change_privacy_policy_page": false, "back_button_change_privacy_policy_page": false, "actions_needed_to_reach_privacy_policy": 5, "api_invoked_during_dynamic_analysis": 122, "app_is_compliant_with_google_play_store": false, "app_analyzed": true, "num_tentative": 1, "different_api_invoked": 2, "privacy_policy_contain_explicit_acceptance": false, "privacy_policy_page_detected_google_play": true}