{"md5": "a04a452f01a059be0b2cba2440ce7eb4", "permission_requested": ["android.permission.ACCESS_NETWORK_STATE", "android.permission.VIBRATE", "android.permission.INTERNET"], "trackers_inside": ["Google Ads", "Google Analytics"], "execution_time_app_analyzer": 5.349473476409912, "api_to_monitoring_all": 163, "type_analysis": "Droidbot", "max_actions": 20, "timeout": 10, "privacy_policy_page_detected": false, "privacy_policy_page_md5": "N.A", "timeout_privacy_policy_page": false, "home_button_change_privacy_policy_page": false, "back_button_change_privacy_policy_page": false, "actions_needed_to_reach_privacy_policy": 19, "api_invoked_during_dynamic_analysis": 33, "app_is_compliant_with_google_play_store": false, "app_analyzed": true, "num_tentative": 2, "different_api_invoked": 4, "privacy_policy_page_detected_google_play": false}