{"md5": "a0cb80e58d60cf34237affc49e4f9251", "permission_requested": ["android.permission.INTERNET", "com.android.vending.BILLING", "android.permission.ACCESS_NETWORK_STATE", "com.android.alarm.permission.SET_ALARM", "com.google.android.finsky.permission.BIND_GET_INSTALL_REFERRER_SERVICE", "android.permission.WAKE_LOCK", "com.google.android.c2dm.permission.RECEIVE", "android.permission.ACCESS_WIFI_STATE", "android.permission.WRITE_SETTINGS", "android.permission.WRITE_EXTERNAL_STORAGE"], "trackers_inside": ["AppLovin", "AdColony", "Amazon Advertisement", "Moat", "Flurry", "Integral Ad Science", "Unity3d Ads", "Google CrashLytics", "Inmobi", "Facebook Ads", "Twitter MoPub", "ironSource", "Yandex Ad", "Tapjoy", "Google Firebase Analytics", "AppMetrica", "Google Ads", "Vungle", "Google DoubleClick"], "execution_time_app_analyzer": 86.12738823890686, "api_to_monitoring_all": 2631, "type_analysis": "Droidbot", "max_actions": 20, "timeout": 10, "privacy_policy_page_detected": false, "privacy_policy_page_md5": "N.A", "timeout_privacy_policy_page": false, "home_button_change_privacy_policy_page": false, "back_button_change_privacy_policy_page": false, "actions_needed_to_reach_privacy_policy": 19, "api_invoked_during_dynamic_analysis": 187393, "app_is_compliant_with_google_play_store": false, "app_analyzed": true, "num_tentative": 1, "different_api_invoked": 126, "privacy_policy_page_detected_google_play": true}