{"md5": "a0d39968a9d163fb66b98c59d704b5bf", "permission_requested": ["android.permission.INTERNET", "android.permission.WAKE_LOCK", "com.flyperinc.flychat.permission.C2D_MESSAGE", "com.android.vending.BILLING", "com.google.android.c2dm.permission.RECEIVE", "android.permission.SYSTEM_ALERT_WINDOW", "android.permission.ACCESS_NETWORK_STATE"], "trackers_inside": ["Google Firebase Analytics", "Google Ads"], "execution_time_app_analyzer": 19.913295030593872, "api_to_monitoring_all": 151, "type_analysis": "Droidbot", "max_actions": 20, "timeout": 10, "privacy_policy_page_detected": false, "privacy_policy_page_md5": "N.A", "timeout_privacy_policy_page": false, "home_button_change_privacy_policy_page": false, "back_button_change_privacy_policy_page": false, "actions_needed_to_reach_privacy_policy": 19, "api_invoked_during_dynamic_analysis": 146, "app_is_compliant_with_google_play_store": false, "app_analyzed": true, "num_tentative": 1, "different_api_invoked": 10, "privacy_policy_page_detected_google_play": true}