{"md5": "a0ec4c4c2791d1fb035b9c5d6a0866bb", "permission_requested": ["android.permission.INTERNET", "android.permission.ACCESS_WIFI_STATE", "com.android.vending.BILLING", "com.android.alarm.permission.SET_ALARM", "android.permission.ACCESS_NETWORK_STATE"], "trackers_inside": ["Facebook Ads", "Integral Ad Science", "Unity3d Ads", "AdColony", "Google Ads", "Google DoubleClick", "Vungle", "Moat", "ironSource", "AppLovin", "Tapjoy"], "execution_time_app_analyzer": 42.9198100566864, "api_to_monitoring_all": 2048, "type_analysis": "Droidbot", "max_actions": 20, "timeout": 10, "privacy_policy_page_detected": false, "privacy_policy_page_md5": "N.A", "timeout_privacy_policy_page": false, "home_button_change_privacy_policy_page": false, "back_button_change_privacy_policy_page": false, "actions_needed_to_reach_privacy_policy": 19, "api_invoked_during_dynamic_analysis": 10562, "app_is_compliant_with_google_play_store": false, "app_analyzed": true, "num_tentative": 1, "different_api_invoked": 50, "privacy_policy_page_detected_google_play": true}