{"md5": "a22859c547ab3f32f01c06b6af032c67", "permission_requested": ["android.permission.CHANGE_WIFI_STATE", "android.permission.ACCESS_FINE_LOCATION", "android.permission.WRITE_EXTERNAL_STORAGE", "com.android.vending.BILLING", "android.permission.RECEIVE_BOOT_COMPLETED", "android.permission.INTERNET", "android.permission.ACCESS_WIFI_STATE", "android.permission.BLUETOOTH", "android.permission.GET_ACCOUNTS", "android.permission.USE_CREDENTIALS", "com.google.android.c2dm.permission.RECEIVE", "android.permission.ACCESS_NETWORK_STATE", "android.permission.WAKE_LOCK", "android.permission.CHANGE_WIFI_MULTICAST_STATE", "com.google.android.finsky.permission.BIND_GET_INSTALL_REFERRER_SERVICE", "android.permission.WRITE_SETTINGS", "android.permission.ACCESS_COARSE_LOCATION"], "trackers_inside": ["Google Firebase Analytics", "Google Ads", "Google CrashLytics"], "execution_time_app_analyzer": 53.49434041976929, "api_to_monitoring_all": 310, "type_analysis": "Droidbot", "max_actions": 20, "timeout": 10, "privacy_policy_page_detected": false, "privacy_policy_page_md5": "N.A", "timeout_privacy_policy_page": false, "home_button_change_privacy_policy_page": false, "back_button_change_privacy_policy_page": false, "actions_needed_to_reach_privacy_policy": 19, "api_invoked_during_dynamic_analysis": 9, "app_is_compliant_with_google_play_store": false, "app_analyzed": true, "num_tentative": 1, "different_api_invoked": 3, "privacy_policy_page_detected_google_play": true}