{"md5": "a3d710dac27ddcf5ccfc7bdb97da4116", "permission_requested": ["android.permission.INTERNET", "android.permission.RECORD_AUDIO", "android.permission.WAKE_LOCK", "android.permission.RECEIVE_BOOT_COMPLETED", "android.permission.VIBRATE", "android.permission.DISABLE_KEYGUARD", "android.permission.READ_PHONE_STATE", "android.permission.SYSTEM_ALERT_WINDOW", "android.permission.ACCESS_NETWORK_STATE"], "trackers_inside": ["Google Analytics", "Google Firebase Analytics", "Google Ads"], "execution_time_app_analyzer": 14.236539840698242, "api_to_monitoring_all": 164, "type_analysis": "Droidbot", "max_actions": 20, "timeout": 10, "privacy_policy_page_detected": false, "privacy_policy_page_md5": "N.A", "timeout_privacy_policy_page": false, "home_button_change_privacy_policy_page": false, "back_button_change_privacy_policy_page": false, "actions_needed_to_reach_privacy_policy": 19, "api_invoked_during_dynamic_analysis": 33, "app_is_compliant_with_google_play_store": false, "app_analyzed": true, "num_tentative": 1, "different_api_invoked": 4, "privacy_policy_page_detected_google_play": true}