{"md5": "a56db1111ab0971c7c491faefc952b9c", "permission_requested": ["com.huawei.android.launcher.permission.READ_SETTINGS", "com.htc.launcher.permission.READ_SETTINGS", "me.everything.badger.permission.BADGE_COUNT_READ", "com.huawei.android.launcher.permission.CHANGE_BADGE", "com.huawei.android.launcher.permission.WRITE_SETTINGS", "android.permission.ACCESS_NETWORK_STATE", "android.permission.VIBRATE", "me.everything.badger.permission.BADGE_COUNT_WRITE", "com.sec.android.provider.badge.permission.READ", "com.sonymobile.home.permission.PROVIDER_INSERT_BADGE", "android.permission.WRITE_EXTERNAL_STORAGE", "android.permission.INTERNET", "com.anddoes.launcher.permission.UPDATE_COUNT", "android.permission.READ_APP_BADGE", "de.spielepalast.rummypalace.permission.C2D_MESSAGE", "com.oppo.launcher.permission.WRITE_SETTINGS", "android.permission.READ_EXTERNAL_STORAGE", "com.android.vending.BILLING", "android.permission.WAKE_LOCK", "android.permission.DISABLE_KEYGUARD", "com.sec.android.provider.badge.permission.WRITE", "com.sonyericsson.home.permission.BROADCAST_BADGE", "com.google.android.finsky.permission.BIND_GET_INSTALL_REFERRER_SERVICE", "com.majeur.launcher.permission.UPDATE_BADGE", "com.htc.launcher.permission.UPDATE_SHORTCUT", "android.permission.RECEIVE_BOOT_COMPLETED", "com.oppo.launcher.permission.READ_SETTINGS", "com.google.android.c2dm.permission.RECEIVE"], "trackers_inside": ["Facebook Analytics", "Google Ads", "Adjust", "Google Analytics", "Google Firebase Analytics"], "execution_time_app_analyzer": 38.79186177253723, "api_to_monitoring_all": 300, "type_analysis": "Droidbot", "max_actions": 20, "timeout": 10, "privacy_policy_page_detected": false, "privacy_policy_page_md5": "N.A", "timeout_privacy_policy_page": false, "home_button_change_privacy_policy_page": false, "back_button_change_privacy_policy_page": false, "actions_needed_to_reach_privacy_policy": 19, "api_invoked_during_dynamic_analysis": 0, "app_is_compliant_with_google_play_store": false, "app_analyzed": true, "num_tentative": 1, "privacy_policy_page_detected_google_play": true}