{"md5": "a5df9187631f12b60a90c3d267dff476", "permission_requested": ["android.permission.INTERNET", "android.permission.ACCESS_WIFI_STATE", "com.android.vending.BILLING", "android.permission.FOREGROUND_SERVICE", "android.permission.WAKE_LOCK", "android.permission.ACCESS_NETWORK_STATE", "android.permission.SYSTEM_ALERT_WINDOW"], "trackers_inside": ["Google Ads", "Google DoubleClick", "Twitter MoPub"], "execution_time_app_analyzer": 21.97042179107666, "api_to_monitoring_all": 280, "type_analysis": "Droidbot", "max_actions": 20, "timeout": 10, "privacy_policy_page_detected": false, "privacy_policy_page_md5": "N.A", "timeout_privacy_policy_page": false, "home_button_change_privacy_policy_page": false, "back_button_change_privacy_policy_page": false, "actions_needed_to_reach_privacy_policy": 19, "api_invoked_during_dynamic_analysis": 12, "app_is_compliant_with_google_play_store": false, "app_analyzed": true, "num_tentative": 1, "different_api_invoked": 3, "privacy_policy_page_detected_google_play": "Error"}