{"md5": "a61024ccd04463bf3b3e101919d0217f", "permission_requested": ["android.permission.RECEIVE_BOOT_COMPLETED", "android.permission.INTERNET", "com.google.android.finsky.permission.BIND_GET_INSTALL_REFERRER_SERVICE", "android.permission.FOREGROUND_SERVICE", "android.permission.WAKE_LOCK", "android.permission.READ_EXTERNAL_STORAGE", "android.permission.ACCESS_NETWORK_STATE", "android.permission.WRITE_EXTERNAL_STORAGE", "com.google.android.c2dm.permission.RECEIVE"], "trackers_inside": ["Google Ads", "Google Firebase Analytics", "Facebook Analytics"], "execution_time_app_analyzer": 77.5722029209137, "api_to_monitoring_all": 249, "type_analysis": "Droidbot", "max_actions": 20, "timeout": 10, "privacy_policy_page_detected": true, "privacy_policy_page_md5": "5dcb06d10d163d4773144cf8b531b797", "timeout_privacy_policy_page": false, "home_button_change_privacy_policy_page": false, "back_button_change_privacy_policy_page": true, "actions_needed_to_reach_privacy_policy": 12, "api_invoked_during_dynamic_analysis": 0, "app_is_compliant_with_google_play_store": false, "app_analyzed": true, "num_tentative": 1, "privacy_policy_contain_explicit_acceptance": true, "privacy_policy_page_detected_google_play": true}