{"md5": "a6a59ac77be6f76ae7bae9d7587b90eb", "permission_requested": ["android.permission.INTERNET", "android.permission.READ_PHONE_STATE", "android.permission.GET_ACCOUNTS", "android.permission.MANAGE_ACCOUNTS", "android.permission.READ_LOGS", "com.google.android.providers.gsf.permission.READ_GSERVICES", "android.permission.VIBRATE", "com.android.vending.BILLING", "android.permission.ACCESS_NETWORK_STATE", "android.permission.CALL_PHONE", "com.itonline.anastasiadate.permission.C2D_MESSAGE", "android.permission.WAKE_LOCK", "com.google.android.c2dm.permission.RECEIVE", "android.permission.ACCESS_WIFI_STATE", "com.asiandate.permission.C2D_MESSAGE", "android.permission.WRITE_EXTERNAL_STORAGE"], "trackers_inside": ["Google Analytics", "Google CrashLytics", "AppsFlyer", "Facebook Analytics", "Google Firebase Analytics", "Google Ads"], "execution_time_app_analyzer": 31.13732409477234, "api_to_monitoring_all": 522, "type_analysis": "Droidbot", "max_actions": 20, "timeout": 10, "privacy_policy_page_detected": true, "privacy_policy_page_md5": "f6aaac225551c84861875bb9402e8c71", "timeout_privacy_policy_page": false, "home_button_change_privacy_policy_page": true, "back_button_change_privacy_policy_page": true, "actions_needed_to_reach_privacy_policy": 8, "api_invoked_during_dynamic_analysis": 351, "app_is_compliant_with_google_play_store": false, "app_analyzed": true, "num_tentative": 2, "privacy_policy_contain_explicit_acceptance": true, "different_api_invoked": 63, "privacy_policy_page_detected_google_play": true}