{"md5": "a8811d9ef033661d9774826731b1450a", "permission_requested": ["com.android.vending.CHECK_LICENSE", "android.permission.INTERNET", "android.permission.ACCESS_WIFI_STATE", "android.permission.ACCESS_NETWORK_STATE", "android.permission.WRITE_EXTERNAL_STORAGE", "android.permission.READ_EXTERNAL_STORAGE", "android.permission.WAKE_LOCK"], "trackers_inside": ["Google Analytics", "Google Ads", "Google DoubleClick"], "execution_time_app_analyzer": 14.111822366714478, "api_to_monitoring_all": 249, "type_analysis": "Droidbot", "max_actions": 20, "timeout": 10, "privacy_policy_page_detected": false, "privacy_policy_page_md5": "N.A", "timeout_privacy_policy_page": false, "home_button_change_privacy_policy_page": false, "back_button_change_privacy_policy_page": false, "actions_needed_to_reach_privacy_policy": 19, "api_invoked_during_dynamic_analysis": 17513, "app_is_compliant_with_google_play_store": false, "app_analyzed": true, "num_tentative": 1, "different_api_invoked": 6, "privacy_policy_page_detected_google_play": false}