{"md5": "a88866bc22b81df25682bf362ee2503c", "permission_requested": ["android.permission.ACCESS_NETWORK_STATE", "android.permission.ACCESS_WIFI_STATE", "android.permission.WAKE_LOCK", "com.android.vending.BILLING", "com.google.android.c2dm.permission.RECEIVE", "android.permission.INTERNET", "com.google.android.finsky.permission.BIND_GET_INSTALL_REFERRER_SERVICE", "android.permission.CAMERA", "android.permission.WRITE_EXTERNAL_STORAGE"], "trackers_inside": ["Google Firebase Analytics", "Google DoubleClick", "Facebook Analytics", "Google Ads", "Google Analytics"], "execution_time_app_analyzer": 29.946748733520508, "api_to_monitoring_all": 333, "type_analysis": "Droidbot", "max_actions": 20, "timeout": 10, "privacy_policy_page_detected": false, "privacy_policy_page_md5": "N.A", "timeout_privacy_policy_page": false, "home_button_change_privacy_policy_page": false, "back_button_change_privacy_policy_page": false, "actions_needed_to_reach_privacy_policy": 19, "api_invoked_during_dynamic_analysis": 42082, "app_is_compliant_with_google_play_store": false, "app_analyzed": true, "num_tentative": 1, "different_api_invoked": 34, "privacy_policy_page_detected_google_play": true}