{"md5": "aa81d0db484014d11dbde8d2be5788a8", "permission_requested": ["com.google.android.c2dm.permission.RECEIVE", "android.permission.READ_PHONE_STATE", "android.permission.ACCESS_WIFI_STATE", "com.reludo.boxingchallenge.permission.C2D_MESSAGE", "android.permission.ACCESS_COARSE_LOCATION", "android.permission.WRITE_EXTERNAL_STORAGE", "android.permission.INTERNET", "android.permission.ACCESS_NETWORK_STATE", "com.android.vending.BILLING", "android.permission.WAKE_LOCK", "android.permission.GET_ACCOUNTS", "android.permission.ACCESS_FINE_LOCATION", "android.permission.RECEIVE_BOOT_COMPLETED"], "trackers_inside": ["Facebook Ads", "Unity3d Ads", "Flurry", "AppLovin", "Tapjoy", "GameAnalytics", "Facebook Analytics", "Vungle", "Google Ads", "Twitter MoPub"], "execution_time_app_analyzer": 34.116963624954224, "api_to_monitoring_all": 1582, "type_analysis": "Droidbot", "max_actions": 20, "timeout": 10, "privacy_policy_page_detected": false, "privacy_policy_page_md5": "N.A", "timeout_privacy_policy_page": false, "home_button_change_privacy_policy_page": false, "back_button_change_privacy_policy_page": false, "actions_needed_to_reach_privacy_policy": 19, "api_invoked_during_dynamic_analysis": 0, "app_is_compliant_with_google_play_store": false, "app_analyzed": true, "num_tentative": 2, "privacy_policy_page_detected_google_play": true}