{"md5": "ab02270d681c854ebb89902ff8bd8147", "permission_requested": ["com.google.android.finsky.permission.BIND_GET_INSTALL_REFERRER_SERVICE", "android.permission.READ_PHONE_STATE", "android.permission.CHANGE_WIFI_STATE", "android.permission.WRITE_EXTERNAL_STORAGE", "android.permission.REQUEST_INSTALL_PACKAGES", "android.permission.ACCESS_WIFI_STATE", "android.permission.SYSTEM_ALERT_WINDOW", "com.samsung.android.providers.context.permission.WRITE_USE_APP_FEATURE_SURVEY", "android.permission.ACCESS_FINE_LOCATION", "android.permission.INTERNET", "android.permission.ACCESS_NETWORK_STATE", "android.permission.READ_EXTERNAL_STORAGE", "com.android.vending.BILLING", "android.permission.ACCESS_COARSE_LOCATION", "android.permission.WAKE_LOCK"], "trackers_inside": ["Tapjoy", "Google Firebase Analytics", "Google Ads", "AppLovin", "Google DoubleClick", "Vungle", "Moat", "Integral Ad Science", "Facebook Ads", "Inmobi", "Flurry"], "execution_time_app_analyzer": 40.56031847000122, "api_to_monitoring_all": 1283, "type_analysis": "Droidbot", "max_actions": 20, "timeout": 10, "privacy_policy_page_detected": false, "privacy_policy_page_md5": "N.A", "timeout_privacy_policy_page": false, "home_button_change_privacy_policy_page": false, "back_button_change_privacy_policy_page": false, "actions_needed_to_reach_privacy_policy": 19, "api_invoked_during_dynamic_analysis": 146763, "app_is_compliant_with_google_play_store": false, "app_analyzed": true, "num_tentative": 1, "different_api_invoked": 74, "privacy_policy_page_detected_google_play": true}