{"md5": "ab1d8a9a1f3bbba91b59bd791f39c26a", "permission_requested": ["android.permission.USE_CREDENTIALS", "com.disney.wdpro.dlr.permission.PUSH_NOTIF_LOCALE_CHANGED", "android.permission.WAKE_LOCK", "com.google.android.c2dm.permission.RECEIVE", "android.permission.READ_EXTERNAL_STORAGE", "android.permission.ACCESS_COARSE_LOCATION", "android.permission.BLUETOOTH", "com.disney.wdpro.dlr.permission.C2D_MESSAGE", "android.permission.RECEIVE_BOOT_COMPLETED", "android.permission.CAMERA", "android.permission.WRITE_EXTERNAL_STORAGE", "android.permission.CHANGE_WIFI_STATE", "android.permission.CHANGE_NETWORK_STATE", "android.permission.ACCESS_FINE_LOCATION", "com.google.android.providers.gsf.permission.READ_GSERVICES", "android.permission.READ_SYNC_STATS", "android.permission.FLASHLIGHT", "android.permission.GET_ACCOUNTS", "android.permission.BLUETOOTH_ADMIN", "android.permission.USE_FINGERPRINT", "android.permission.INTERNET", "com.google.android.finsky.permission.BIND_GET_INSTALL_REFERRER_SERVICE", "android.permission.ACCESS_NETWORK_STATE", "android.permission.ACCESS_WIFI_STATE", "android.permission.AUTHENTICATE_ACCOUNTS", "android.permission.DOWNLOAD_WITHOUT_NOTIFICATION", "android.permission.WRITE_SYNC_SETTINGS", "com.disney.wdpro.dlr.permission.PUSH_NOTIF_CLICKED"], "trackers_inside": ["Google Firebase Analytics", "Google Ads"], "execution_time_app_analyzer": 127.39373326301575, "api_to_monitoring_all": 295, "type_analysis": "Droidbot", "max_actions": 20, "timeout": 10, "privacy_policy_page_detected": false, "privacy_policy_page_md5": "N.A", "timeout_privacy_policy_page": false, "home_button_change_privacy_policy_page": false, "back_button_change_privacy_policy_page": false, "actions_needed_to_reach_privacy_policy": 19, "api_invoked_during_dynamic_analysis": 436, "app_is_compliant_with_google_play_store": false, "app_analyzed": true, "num_tentative": 1, "different_api_invoked": 9, "privacy_policy_page_detected_google_play": true}