{"md5": "ace8bbb4fb5e58993fe742b412674ae8", "permission_requested": ["android.permission.ACCESS_NETWORK_STATE", "android.permission.WAKE_LOCK", "android.permission.READ_EXTERNAL_STORAGE", "android.permission.INTERNET", "android.permission.WRITE_EXTERNAL_STORAGE", "com.google.android.finsky.permission.BIND_GET_INSTALL_REFERRER_SERVICE", "android.permission.FOREGROUND_SERVICE"], "trackers_inside": ["Google Ads", "Google DoubleClick", "Google Firebase Analytics"], "execution_time_app_analyzer": 35.859778881073, "api_to_monitoring_all": 208, "type_analysis": "Droidbot", "max_actions": 20, "timeout": 10, "privacy_policy_page_detected": false, "privacy_policy_page_md5": "N.A", "timeout_privacy_policy_page": false, "home_button_change_privacy_policy_page": false, "back_button_change_privacy_policy_page": false, "actions_needed_to_reach_privacy_policy": 19, "api_invoked_during_dynamic_analysis": 34311, "app_is_compliant_with_google_play_store": false, "app_analyzed": true, "num_tentative": 2, "different_api_invoked": 12, "privacy_policy_page_detected_google_play": true}