{"md5": "ad085e0f29a8fb2ed4f9a1292437b761", "permission_requested": ["android.permission.WRITE_EXTERNAL_STORAGE", "android.permission.INTERNET"], "trackers_inside": ["Google Analytics", "Google CrashLytics"], "execution_time_app_analyzer": 5.7090654373168945, "api_to_monitoring_all": 70, "type_analysis": "Droidbot", "max_actions": 20, "timeout": 10, "privacy_policy_page_detected": false, "privacy_policy_page_md5": "N.A", "timeout_privacy_policy_page": false, "home_button_change_privacy_policy_page": false, "back_button_change_privacy_policy_page": false, "actions_needed_to_reach_privacy_policy": 19, "api_invoked_during_dynamic_analysis": 3, "app_is_compliant_with_google_play_store": false, "app_analyzed": true, "num_tentative": 1, "different_api_invoked": 2, "privacy_policy_page_detected_google_play": true}