{"md5": "ad9d7857e40ceb9672646338569591c0", "permission_requested": ["android.permission.INTERNET", "android.permission.READ_PHONE_STATE", "android.permission.USES_POLICY_FORCE_LOCK", "android.permission.REORDER_TASKS", "com.android.launcher.permission.INSTALL_SHORTCUT", "android.permission.GET_TASKS", "android.permission.VIBRATE", "android.permission.USE_FINGERPRINT", "android.permission.ACCESS_NETWORK_STATE", "android.permission.RECEIVE_BOOT_COMPLETED", "android.permission.MANAGE_DOCUMENTS", "android.permission.WAKE_LOCK", "android.permission.READ_EXTERNAL_STORAGE", "com.android.launcher.permission.UNINSTALL_SHORTCUT", "android.permission.SYSTEM_ALERT_WINDOW", "android.permission.ACCESS_WIFI_STATE", "android.permission.EXPAND_STATUS_BAR", "android.permission.DISABLE_KEYGUARD", "android.permission.WRITE_SETTINGS", "android.permission.WRITE_EXTERNAL_STORAGE"], "trackers_inside": ["Google Ads", "Google DoubleClick"], "execution_time_app_analyzer": 23.005388975143433, "api_to_monitoring_all": 203, "type_analysis": "Droidbot", "max_actions": 20, "timeout": 10, "privacy_policy_page_detected": false, "privacy_policy_page_md5": "N.A", "timeout_privacy_policy_page": false, "home_button_change_privacy_policy_page": false, "back_button_change_privacy_policy_page": false, "actions_needed_to_reach_privacy_policy": 19, "api_invoked_during_dynamic_analysis": 6975, "app_is_compliant_with_google_play_store": false, "app_analyzed": true, "num_tentative": 1, "different_api_invoked": 12, "privacy_policy_page_detected_google_play": true}