{"md5": "adcf6745e998293c0c3be58d64d139f2", "permission_requested": ["android.permission.INTERNET", "android.permission.READ_PHONE_STATE", "android.permission.ACCESS_NETWORK_STATE", "android.permission.ACCESS_WIFI_STATE", "android.permission.BLUETOOTH_ADMIN", "android.permission.READ_EXTERNAL_STORAGE", "android.permission.WRITE_SETTINGS", "android.permission.WAKE_LOCK", "android.permission.BLUETOOTH", "android.permission.WRITE_EXTERNAL_STORAGE", "android.permission.CHANGE_WIFI_STATE"], "trackers_inside": ["Google Ads", "Google DoubleClick", "Google Analytics"], "execution_time_app_analyzer": 23.31080961227417, "api_to_monitoring_all": 339, "type_analysis": "Droidbot", "max_actions": 20, "timeout": 10, "privacy_policy_page_detected": false, "privacy_policy_page_md5": "N.A", "timeout_privacy_policy_page": false, "home_button_change_privacy_policy_page": false, "back_button_change_privacy_policy_page": false, "actions_needed_to_reach_privacy_policy": 19, "api_invoked_during_dynamic_analysis": 47763, "app_is_compliant_with_google_play_store": false, "app_analyzed": true, "num_tentative": 2, "different_api_invoked": 8, "privacy_policy_page_detected_google_play": true}