{"md5": "ae083f3279310799869906ce95dd1088", "permission_requested": ["com.google.android.finsky.permission.BIND_GET_INSTALL_REFERRER_SERVICE", "android.permission.ACCESS_NETWORK_STATE", "android.permission.INTERNET", "android.permission.WAKE_LOCK"], "trackers_inside": ["Google Ads", "Google DoubleClick", "Google Firebase Analytics"], "execution_time_app_analyzer": 23.44966769218445, "api_to_monitoring_all": 201, "type_analysis": "Droidbot", "max_actions": 20, "timeout": 10, "privacy_policy_page_detected": false, "privacy_policy_page_md5": "N.A", "timeout_privacy_policy_page": false, "home_button_change_privacy_policy_page": false, "back_button_change_privacy_policy_page": false, "actions_needed_to_reach_privacy_policy": 19, "api_invoked_during_dynamic_analysis": 18621, "app_is_compliant_with_google_play_store": false, "app_analyzed": true, "num_tentative": 1, "different_api_invoked": 17, "privacy_policy_page_detected_google_play": true}