{"md5": "ae080270a45bcbe5d3ed358cb517dfe8", "permission_requested": ["android.permission.ACCESS_NETWORK_STATE", "android.permission.WRITE_EXTERNAL_STORAGE", "android.permission.READ_PHONE_STATE", "android.permission.READ_EXTERNAL_STORAGE", "android.permission.INTERNET", "com.android.vending.BILLING", "android.permission.WAKE_LOCK", "com.google.android.c2dm.permission.RECEIVE", "android.permission.ACCESS_FINE_LOCATION", "android.permission.ACCESS_COARSE_LOCATION", "com.google.android.finsky.permission.BIND_GET_INSTALL_REFERRER_SERVICE", "android.permission.RECEIVE_BOOT_COMPLETED"], "trackers_inside": ["Google Ads", "Google Analytics", "Google Firebase Analytics"], "execution_time_app_analyzer": 25.737457752227783, "api_to_monitoring_all": 189, "type_analysis": "Droidbot", "max_actions": 20, "timeout": 10, "privacy_policy_page_detected": false, "privacy_policy_page_md5": "N.A", "timeout_privacy_policy_page": false, "home_button_change_privacy_policy_page": false, "back_button_change_privacy_policy_page": false, "actions_needed_to_reach_privacy_policy": 19, "api_invoked_during_dynamic_analysis": 331, "app_is_compliant_with_google_play_store": false, "app_analyzed": true, "num_tentative": 1, "different_api_invoked": 12, "privacy_policy_page_detected_google_play": true}