{"md5": "ae0c31a6f2eb4c285153cf29e39d4813", "permission_requested": ["android.permission.WAKE_LOCK", "com.google.android.c2dm.permission.RECEIVE", "android.permission.ACCESS_NETWORK_STATE", "android.permission.INTERNET"], "trackers_inside": ["Unity3d Ads", "AppLovin", "Tapjoy", "Vungle", "AdColony", "Google Ads", "Google Firebase Analytics", "Moat", "Google DoubleClick"], "execution_time_app_analyzer": 49.03802728652954, "api_to_monitoring_all": 1188, "app_analyzed": false, "privacy_policy_page_detected_google_play": true}