{"md5": "ae5686a78375216e17ed59123641715a", "permission_requested": ["android.permission.ACCESS_NETWORK_STATE", "android.permission.SYSTEM_ALERT_WINDOW", "android.permission.WAKE_LOCK", "com.google.android.c2dm.permission.RECEIVE", "android.permission.INTERNET", "com.android.vending.BILLING", "com.google.android.finsky.permission.BIND_GET_INSTALL_REFERRER_SERVICE"], "trackers_inside": ["Yandex Ad", "Google Ads", "Google DoubleClick", "Google Firebase Analytics", "Google CrashLytics", "AppMetrica"], "execution_time_app_analyzer": 62.73324418067932, "api_to_monitoring_all": 406, "type_analysis": "Droidbot", "max_actions": 20, "timeout": 10, "privacy_policy_page_detected": false, "privacy_policy_page_md5": "N.A", "timeout_privacy_policy_page": false, "home_button_change_privacy_policy_page": false, "back_button_change_privacy_policy_page": false, "actions_needed_to_reach_privacy_policy": 19, "api_invoked_during_dynamic_analysis": 1852, "app_is_compliant_with_google_play_store": false, "app_analyzed": true, "num_tentative": 1, "different_api_invoked": 28, "privacy_policy_page_detected_google_play": true}