{"md5": "ae97e5bfdbdac81fb14f45503002e19f", "permission_requested": ["android.permission.READ_EXTERNAL_STORAGE", "com.google.android.finsky.permission.BIND_GET_INSTALL_REFERRER_SERVICE", "android.permission.INTERNET", "android.permission.USE_FINGERPRINT", "android.permission.WAKE_LOCK", "android.permission.VIBRATE", "com.wadi.android.permission.C2D_MESSAGE", "android.permission.GET_ACCOUNTS", "android.permission.WRITE_EXTERNAL_STORAGE", "com.google.android.c2dm.permission.RECEIVE", "android.permission.READ_PHONE_STATE", "android.permission.SYSTEM_ALERT_WINDOW", "android.permission.ACCESS_FINE_LOCATION", "android.permission.ACCESS_NETWORK_STATE"], "trackers_inside": ["Google CrashLytics", "Google Firebase Analytics", "Google Ads", "Facebook Analytics", "Google Analytics"], "execution_time_app_analyzer": 50.16645002365112, "api_to_monitoring_all": 304, "type_analysis": "Droidbot", "max_actions": 20, "timeout": 10, "privacy_policy_page_detected": false, "privacy_policy_page_md5": "N.A", "timeout_privacy_policy_page": false, "home_button_change_privacy_policy_page": false, "back_button_change_privacy_policy_page": false, "actions_needed_to_reach_privacy_policy": 19, "api_invoked_during_dynamic_analysis": 200, "app_is_compliant_with_google_play_store": false, "app_analyzed": true, "num_tentative": 1, "different_api_invoked": 33, "privacy_policy_page_detected_google_play": true}