{"md5": "aee2d119445b42147e6a7301cf075bfc", "permission_requested": ["android.permission.WRITE_EXTERNAL_STORAGE", "android.permission.ACCESS_WIFI_STATE", "android.permission.READ_PHONE_STATE", "android.permission.ACCESS_FINE_LOCATION", "android.permission.ACCESS_NETWORK_STATE", "android.permission.ACCESS_COARSE_LOCATION", "android.permission.WAKE_LOCK", "com.android.vending.BILLING", "android.permission.INTERNET"], "trackers_inside": ["Amazon Analytics", "GameAnalytics", "AppsFlyer", "Unity3d Ads", "Google DoubleClick", "Google Ads", "Google Analytics"], "execution_time_app_analyzer": 25.039779663085938, "api_to_monitoring_all": 874, "type_analysis": "Droidbot", "max_actions": 20, "timeout": 10, "privacy_policy_page_detected": false, "privacy_policy_page_md5": "N.A", "timeout_privacy_policy_page": false, "home_button_change_privacy_policy_page": false, "back_button_change_privacy_policy_page": false, "actions_needed_to_reach_privacy_policy": 19, "api_invoked_during_dynamic_analysis": 1755, "app_is_compliant_with_google_play_store": false, "app_analyzed": true, "num_tentative": 1, "different_api_invoked": 6, "privacy_policy_page_detected_google_play": true}