{"md5": "afe2dbecb0a37c1ee9490797066e686f", "permission_requested": ["android.permission.VIBRATE", "android.permission.RECORD_AUDIO", "com.google.android.c2dm.permission.RECEIVE", "android.permission.ACCESS_NETWORK_STATE", "android.permission.WAKE_LOCK", "com.android.vending.BILLING", "android.permission.INTERNET"], "trackers_inside": ["Google Ads", "Google Firebase Analytics"], "execution_time_app_analyzer": 24.200467348098755, "api_to_monitoring_all": 151, "type_analysis": "Droidbot", "max_actions": 20, "timeout": 10, "privacy_policy_page_detected": false, "privacy_policy_page_md5": "N.A", "timeout_privacy_policy_page": false, "home_button_change_privacy_policy_page": false, "back_button_change_privacy_policy_page": false, "actions_needed_to_reach_privacy_policy": 19, "api_invoked_during_dynamic_analysis": 28, "app_is_compliant_with_google_play_store": false, "app_analyzed": true, "num_tentative": 1, "different_api_invoked": 5, "privacy_policy_page_detected_google_play": true}