{"md5": "b01d79b35752fca0b9d30cdf45e380ff", "permission_requested": ["android.permission.WRITE_CALENDAR", "android.permission.ACCESS_NETWORK_STATE", "android.permission.WAKE_LOCK", "android.permission.READ_PHONE_STATE", "android.permission.READ_EXTERNAL_STORAGE", "android.permission.INTERNET", "com.android.vending.BILLING", "android.permission.CHANGE_WIFI_STATE", "android.permission.RECEIVE_BOOT_COMPLETED", "android.permission.WRITE_EXTERNAL_STORAGE", "com.google.android.finsky.permission.BIND_GET_INSTALL_REFERRER_SERVICE", "android.permission.ACCESS_WIFI_STATE", "android.permission.READ_CALENDAR"], "trackers_inside": ["ironSource", "Inmobi", "Adjust", "Tapjoy", "Moat", "Google Ads", "Facebook Analytics", "Google DoubleClick", "Google Firebase Analytics", "Facebook Ads", "Unity3d Ads", "AppLovin", "AdColony", "Vungle", "Integral Ad Science", "GameAnalytics"], "execution_time_app_analyzer": 64.7324047088623, "api_to_monitoring_all": 2356, "type_analysis": "Droidbot", "max_actions": 20, "timeout": 10, "privacy_policy_page_detected": true, "privacy_policy_page_md5": "414def1c8b0261fe4f372c03d7493249", "timeout_privacy_policy_page": false, "home_button_change_privacy_policy_page": false, "back_button_change_privacy_policy_page": false, "actions_needed_to_reach_privacy_policy": 8, "api_invoked_during_dynamic_analysis": 0, "app_is_compliant_with_google_play_store": true, "app_analyzed": true, "num_tentative": 1, "privacy_policy_contain_explicit_acceptance": true, "policy_page_compliant_third_party": true, "policy_page_compliant": true, "final_compliant": true, "privacy_policy_page_detected_google_play": true}