{"md5": "b0e8ab14a022ca84bc98365724a2a625", "permission_requested": ["com.android.vending.BILLING", "android.permission.INTERNET", "android.permission.ACCESS_NETWORK_STATE", "android.permission.ACCESS_WIFI_STATE"], "trackers_inside": ["Google Ads", "Google DoubleClick", "Moat", "Facebook Analytics", "GameAnalytics", "Unity3d Ads"], "execution_time_app_analyzer": 28.771111249923706, "api_to_monitoring_all": 637, "type_analysis": "Droidbot", "max_actions": 20, "timeout": 10, "privacy_policy_page_detected": false, "privacy_policy_page_md5": "N.A", "timeout_privacy_policy_page": false, "home_button_change_privacy_policy_page": false, "back_button_change_privacy_policy_page": false, "actions_needed_to_reach_privacy_policy": 19, "api_invoked_during_dynamic_analysis": 0, "app_is_compliant_with_google_play_store": false, "app_analyzed": true, "num_tentative": 1, "privacy_policy_page_detected_google_play": true}