{"md5": "b15d0f693b3699c80c87c297a0b304b7", "permission_requested": ["android.permission.INTERNET", "com.google.android.finsky.permission.BIND_GET_INSTALL_REFERRER_SERVICE", "com.google.android.c2dm.permission.RECEIVE", "com.android.vending.BILLING", "android.permission.WAKE_LOCK", "android.permission.ACCESS_NETWORK_STATE"], "trackers_inside": ["Google Ads", "Google Firebase Analytics"], "execution_time_app_analyzer": 20.34520173072815, "api_to_monitoring_all": 151, "type_analysis": "Droidbot", "max_actions": 20, "timeout": 10, "privacy_policy_page_detected": false, "privacy_policy_page_md5": "N.A", "timeout_privacy_policy_page": false, "home_button_change_privacy_policy_page": false, "back_button_change_privacy_policy_page": false, "actions_needed_to_reach_privacy_policy": 19, "api_invoked_during_dynamic_analysis": 63, "app_is_compliant_with_google_play_store": false, "app_analyzed": true, "num_tentative": 1, "different_api_invoked": 6, "privacy_policy_page_detected_google_play": true}