{"md5": "b1645b56edf8d6f7a30d1e61a3ba0a37", "permission_requested": ["com.anddoes.launcher.permission.UPDATE_COUNT", "android.permission.REAL_GET_TASKS", "com.oppo.launcher.permission.READ_SETTINGS", "android.permission.WRITE_EXTERNAL_STORAGE", "com.huawei.android.launcher.permission.READ_SETTINGS", "android.permission.GET_TASKS", "android.permission.KILL_BACKGROUND_PROCESSES", "android.permission.ACTION_MANAGE_OVERLAY_PERMISSION", "android.permission.READ_PHONE_STATE", "com.htc.launcher.permission.UPDATE_SHORTCUT", "android.permission.SYSTEM_ALERT_WINDOW", "android.permission.GET_ACCOUNTS", "com.htc.launcher.permission.READ_SETTINGS", "android.permission.INTERNET", "android.permission.WRITE_SECURE_SETTINGS", "android.permission.READ_EXTERNAL_STORAGE", "com.sec.android.provider.badge.permission.READ", "com.oppo.launcher.permission.WRITE_SETTINGS", "com.majeur.launcher.permission.UPDATE_BADGE", "me.everything.badger.permission.BADGE_COUNT_WRITE", "android.permission.WRITE_SETTINGS", "com.google.android.finsky.permission.BIND_GET_INSTALL_REFERRER_SERVICE", "com.google.android.c2dm.permission.RECEIVE", "android.permission.BROADCAST_PACKAGE_REMOVED", "com.sonyericsson.home.permission.BROADCAST_BADGE", "com.huawei.android.launcher.permission.WRITE_SETTINGS", "me.everything.badger.permission.BADGE_COUNT_READ", "com.huawei.android.launcher.permission.CHANGE_BADGE", "com.android.vending.BILLING", "android.permission.FOREGROUND_SERVICE", "android.permission.WAKE_LOCK", "com.sec.android.provider.badge.permission.WRITE", "android.permission.PACKAGE_USAGE_STATS", "com.sonymobile.home.permission.PROVIDER_INSERT_BADGE", "android.permission.READ_APP_BADGE", "android.permission.VIBRATE", "android.permission.INSTALL_PACKAGES", "android.permission.DELETE_PACKAGES", "android.permission.RECEIVE_BOOT_COMPLETED", "com.amazing.secreateapplock.permission.C2D_MESSAGE", "android.permission.ACCESS_NETWORK_STATE", "android.permission.CAMERA", "android.permission.SYSTEM_OVERLAY_WINDOW"], "trackers_inside": ["Google DoubleClick", "Google Ads", "Google Firebase Analytics", "Google CrashLytics"], "execution_time_app_analyzer": 46.34316945075989, "api_to_monitoring_all": 236, "type_analysis": "Droidbot", "max_actions": 20, "timeout": 10, "privacy_policy_page_detected": false, "privacy_policy_page_md5": "N.A", "timeout_privacy_policy_page": false, "home_button_change_privacy_policy_page": false, "back_button_change_privacy_policy_page": false, "actions_needed_to_reach_privacy_policy": 19, "api_invoked_during_dynamic_analysis": 21453, "app_is_compliant_with_google_play_store": false, "app_analyzed": true, "num_tentative": 1, "different_api_invoked": 13, "privacy_policy_page_detected_google_play": true}