{"md5": "b274f290ed18591d77b97ba1a32d8490", "permission_requested": ["com.jazz.jazzworld.permission.C2D_MESSAGE", "android.permission.INTERNET", "android.permission.READ_PHONE_STATE", "android.permission.ACCESS_FINE_LOCATION", "android.permission.FOREGROUND_SERVICE", "android.permission.ACCESS_NETWORK_STATE", "android.permission.READ_CONTACTS", "com.google.android.finsky.permission.BIND_GET_INSTALL_REFERRER_SERVICE", "android.permission.WAKE_LOCK", "android.hardware.location", "android.permission.RECORD_AUDIO", "android.permission.CAMERA", "com.google.android.c2dm.permission.RECEIVE", "android.permission.ACCESS_WIFI_STATE", "android.permission.READ_EXTERNAL_STORAGE", "android.permission.ACCESS_COARSE_LOCATION", "android.permission.WRITE_EXTERNAL_STORAGE"], "trackers_inside": ["Google Ads", "Google CrashLytics", "Facebook Analytics", "Google Firebase Analytics"], "execution_time_app_analyzer": 81.52047419548035, "api_to_monitoring_all": 319, "app_analyzed": false, "privacy_policy_page_detected_google_play": true}