{"md5": "b2abe7a51f3ebcebea8df3434aa06edd", "permission_requested": ["android.permission.READ_SYNC_SETTINGS", "android.permission.WRITE_SYNC_SETTINGS", "android.permission.WRITE_EXTERNAL_STORAGE", "android.permission.VIBRATE", "com.google.android.finsky.permission.BIND_GET_INSTALL_REFERRER_SERVICE", "android.permission.WRITE_SETTINGS", "android.permission.INTERNET", "android.permission.READ_USER_DICTIONARY", "android.permission.PACKAGE_USAGE_STATS", "android.permission.SYSTEM_ALERT_WINDOW", "android.permission.DOWNLOAD_WITHOUT_NOTIFICATION", "android.permission.READ_SYNC_STATS", "android.permission.KILL_BACKGROUND_PROCESSES", "android.permission.READ_PROFILE", "com.android.vending.BILLING", "android.permission.RECEIVE_BOOT_COMPLETED", "android.permission.GET_ACCOUNTS", "android.permission.SET_WALLPAPER", "android.permission.WAKE_LOCK", "android.permission.READ_CONTACTS", "android.permission.READ_EXTERNAL_STORAGE", "android.permission.SET_WALLPAPER_HINTS", "android.permission.WRITE_USER_DICTIONARY", "android.permission.USE_CREDENTIALS", "android.permission.ACCESS_NETWORK_STATE"], "trackers_inside": ["Facebook Analytics", "Google CrashLytics", "Google DoubleClick", "Google Ads", "Google Firebase Analytics", "Google Analytics", "Facebook Ads"], "execution_time_app_analyzer": 75.22639393806458, "api_to_monitoring_all": 522, "type_analysis": "Droidbot", "max_actions": 20, "timeout": 10, "privacy_policy_page_detected": true, "privacy_policy_page_md5": "cf87056d0cab10c22ca7d2e9f899d100", "timeout_privacy_policy_page": false, "home_button_change_privacy_policy_page": false, "back_button_change_privacy_policy_page": false, "actions_needed_to_reach_privacy_policy": 0, "api_invoked_during_dynamic_analysis": 0, "app_is_compliant_with_google_play_store": true, "app_analyzed": true, "num_tentative": 1, "privacy_policy_contain_explicit_acceptance": true, "policy_page_compliant_third_party": true, "policy_page_compliant": true, "final_compliant": true, "privacy_policy_page_detected_google_play": true}