{"md5": "b34933bbd305fa779a351e3f5f9b6cc4", "permission_requested": ["android.permission.INTERNET", "android.permission.ACCESS_NETWORK_STATE", "com.android.vending.BILLING", "android.permission.WAKE_LOCK"], "trackers_inside": ["Google Ads", "AppLovin", "Google DoubleClick", "Google Firebase Analytics"], "execution_time_app_analyzer": 24.657358407974243, "api_to_monitoring_all": 702, "type_analysis": "Droidbot", "max_actions": 20, "timeout": 10, "privacy_policy_page_detected": false, "privacy_policy_page_md5": "N.A", "timeout_privacy_policy_page": false, "home_button_change_privacy_policy_page": false, "back_button_change_privacy_policy_page": false, "actions_needed_to_reach_privacy_policy": 19, "api_invoked_during_dynamic_analysis": 0, "app_is_compliant_with_google_play_store": false, "app_analyzed": true, "num_tentative": 1, "privacy_policy_page_detected_google_play": true}