{"md5": "b384b8aea066ec211a505cd4f78effd2", "permission_requested": ["android.permission.ACCESS_NETWORK_STATE", "android.permission.INTERNET", "android.permission.VIBRATE", "com.google.android.c2dm.permission.RECEIVE", "android.permission.WRITE_EXTERNAL_STORAGE", "android.permission.USE_CREDENTIALS", "com.google.android.finsky.permission.BIND_GET_INSTALL_REFERRER_SERVICE", "com.android.vending.BILLING", "android.permission.WAKE_LOCK"], "trackers_inside": ["Facebook Ads", "Google Firebase Analytics", "Google Analytics", "Google Ads", "Google CrashLytics", "Google DoubleClick"], "execution_time_app_analyzer": 54.31156301498413, "api_to_monitoring_all": 418, "type_analysis": "Droidbot", "max_actions": 20, "timeout": 10, "privacy_policy_page_detected": true, "privacy_policy_page_md5": "3921282914109166de6befdeac4a4412", "timeout_privacy_policy_page": false, "home_button_change_privacy_policy_page": false, "back_button_change_privacy_policy_page": false, "actions_needed_to_reach_privacy_policy": 10, "api_invoked_during_dynamic_analysis": 100778, "app_is_compliant_with_google_play_store": false, "app_analyzed": true, "num_tentative": 1, "different_api_invoked": 33, "privacy_policy_contain_explicit_acceptance": true, "privacy_policy_page_detected_google_play": true}