{"md5": "b4cf0d30b19d84e0b97cb9ad924be374", "permission_requested": ["android.permission.ACCESS_COARSE_LOCATION", "android.permission.INTERNET", "android.permission.ACCESS_FINE_LOCATION", "android.permission.CAMERA", "android.permission.FOREGROUND_SERVICE", "android.permission.ACCESS_NETWORK_STATE", "android.permission.WRITE_EXTERNAL_STORAGE", "android.permission.USE_CREDENTIALS", "android.permission.WAKE_LOCK", "android.permission.GET_ACCOUNTS"], "trackers_inside": ["Google Firebase Analytics", "Google Ads", "Facebook Analytics", "Google DoubleClick"], "execution_time_app_analyzer": 33.0579628944397, "api_to_monitoring_all": 310, "type_analysis": "Droidbot", "max_actions": 20, "timeout": 10, "privacy_policy_page_detected": false, "privacy_policy_page_md5": "N.A", "timeout_privacy_policy_page": false, "home_button_change_privacy_policy_page": false, "back_button_change_privacy_policy_page": false, "actions_needed_to_reach_privacy_policy": 19, "api_invoked_during_dynamic_analysis": 100857, "app_is_compliant_with_google_play_store": false, "app_analyzed": true, "num_tentative": 1, "different_api_invoked": 18, "privacy_policy_page_detected_google_play": true}