{"md5": "b5b0778e4ab82bcef19fdb61e704f4d8", "permission_requested": ["android.permission.ACCESS_NETWORK_STATE", "android.permission.RECORD_AUDIO", "android.permission.WAKE_LOCK", "com.google.android.c2dm.permission.RECEIVE", "android.permission.READ_EXTERNAL_STORAGE", "android.permission.INTERNET", "com.android.vending.BILLING", "android.permission.RECEIVE_BOOT_COMPLETED", "android.permission.READ_CONTACTS", "android.permission.VIBRATE", "android.permission.WRITE_EXTERNAL_STORAGE", "com.google.android.finsky.permission.BIND_GET_INSTALL_REFERRER_SERVICE", "android.permission.ACCESS_WIFI_STATE"], "trackers_inside": ["Yandex Ad", "Google Ads", "Google DoubleClick", "Google Firebase Analytics", "Facebook Ads", "Unity3d Ads", "Integral Ad Science", "AppMetrica", "Google CrashLytics", "Twitter MoPub"], "execution_time_app_analyzer": 58.33118939399719, "api_to_monitoring_all": 974, "type_analysis": "Droidbot", "max_actions": 20, "timeout": 10, "privacy_policy_page_detected": true, "privacy_policy_page_md5": "ed66824644c140a88f2bdaa4d252484b", "timeout_privacy_policy_page": false, "home_button_change_privacy_policy_page": false, "back_button_change_privacy_policy_page": false, "actions_needed_to_reach_privacy_policy": 0, "api_invoked_during_dynamic_analysis": 22218, "app_is_compliant_with_google_play_store": false, "app_analyzed": true, "num_tentative": 1, "privacy_policy_contain_explicit_acceptance": true, "different_api_invoked": 34, "privacy_policy_page_detected_google_play": true}