{"md5": "b5b884afc4846c654cbb8a29a342a0fa", "permission_requested": ["android.permission.ACCESS_WIFI_STATE", "android.permission.ACCESS_GPS", "android.permission.ACCESS_LOCATION", "android.permission.WAKE_LOCK", "android.permission.ACCESS_NETWORK_STATE", "android.permission.ACCESS_FINE_LOCATION", "com.google.android.finsky.permission.BIND_GET_INSTALL_REFERRER_SERVICE", "com.google.android.c2dm.permission.RECEIVE", "android.permission.READ_PHONE_STATE", "android.permission.ACCESS_COARSE_LOCATION", "android.permission.INTERNET", "com.web_view_mohammed.ad.webview_app.permission.C2D_MESSAGE", "android.permission.WRITE_EXTERNAL_STORAGE", "android.permission.CAMERA", "android.permission.READ_EXTERNAL_STORAGE", "android.permission.ACCESS_ASSISTED_GPS"], "trackers_inside": ["Google Firebase Analytics", "Google DoubleClick", "Google Ads", "Google CrashLytics"], "execution_time_app_analyzer": 37.42383813858032, "api_to_monitoring_all": 277, "type_analysis": "Droidbot", "max_actions": 20, "timeout": 10, "privacy_policy_page_detected": false, "privacy_policy_page_md5": "N.A", "timeout_privacy_policy_page": false, "home_button_change_privacy_policy_page": false, "back_button_change_privacy_policy_page": false, "actions_needed_to_reach_privacy_policy": 19, "api_invoked_during_dynamic_analysis": 24303, "app_is_compliant_with_google_play_store": false, "app_analyzed": true, "num_tentative": 1, "different_api_invoked": 13, "privacy_policy_page_detected_google_play": true}