{"md5": "b75bd738123908a8b5709928374419c3", "permission_requested": ["android.permission.VIBRATE", "android.permission.SYSTEM_ALERT_WINDOW", "android.permission.GET_ACCOUNTS", "com.android.vending.BILLING", "android.permission.INTERNET", "android.permission.WAKE_LOCK"], "trackers_inside": ["Google Ads"], "execution_time_app_analyzer": 24.072203159332275, "api_to_monitoring_all": 78, "type_analysis": "Droidbot", "max_actions": 20, "timeout": 10, "privacy_policy_page_detected": false, "privacy_policy_page_md5": "N.A", "timeout_privacy_policy_page": false, "home_button_change_privacy_policy_page": false, "back_button_change_privacy_policy_page": false, "actions_needed_to_reach_privacy_policy": 19, "api_invoked_during_dynamic_analysis": 0, "app_is_compliant_with_google_play_store": false, "app_analyzed": true, "num_tentative": 2, "privacy_policy_page_detected_google_play": true}