{"md5": "b7655ce6f4c11189a9faecbe6a302ed2", "permission_requested": ["android.permission.ACCESS_NETWORK_STATE", "android.permission.INTERNET"], "trackers_inside": ["Google Ads", "Unity3d Ads", "Google DoubleClick"], "execution_time_app_analyzer": 22.79200577735901, "api_to_monitoring_all": 380, "type_analysis": "Droidbot", "max_actions": 20, "timeout": 10, "privacy_policy_page_detected": false, "privacy_policy_page_md5": "N.A", "timeout_privacy_policy_page": false, "home_button_change_privacy_policy_page": false, "back_button_change_privacy_policy_page": false, "actions_needed_to_reach_privacy_policy": 19, "api_invoked_during_dynamic_analysis": 838, "app_is_compliant_with_google_play_store": false, "app_analyzed": true, "num_tentative": 1, "different_api_invoked": 5, "privacy_policy_page_detected_google_play": true}