{"md5": "b9112d568d337bda340d502f62ef852c", "permission_requested": ["android.permission.ACCESS_NETWORK_STATE", "android.permission.ACCESS_WIFI_STATE", "android.permission.ACCESS_FINE_LOCATION", "com.google.android.providers.gsf.permission.READ_GSERVICES", "android.permission.RECORD_AUDIO", "android.permission.BLUETOOTH_ADMIN", "android.permission.WAKE_LOCK", "android.permission.VIBRATE", "android.permission.FOREGROUND_SERVICE", "android.permission.READ_EXTERNAL_STORAGE", "android.permission.INTERNET", "com.google.android.c2dm.permission.RECEIVE", "android.permission.WRITE_EXTERNAL_STORAGE", "android.permission.NFC", "android.permission.READ_CONTACTS", "android.permission.BLUETOOTH", "android.permission.GET_ACCOUNTS", "android.permission.RECEIVE_BOOT_COMPLETED", "android.permission.CAMERA", "android.permission.CHANGE_WIFI_STATE"], "trackers_inside": ["Google Analytics", "Google Firebase Analytics", "Google CrashLytics", "Google Ads"], "execution_time_app_analyzer": 66.40324544906616, "api_to_monitoring_all": 331, "type_analysis": "Droidbot", "max_actions": 20, "timeout": 10, "privacy_policy_page_detected": true, "privacy_policy_page_md5": "a80d0ba6d2e5b3c7b77800c8d55dcb1d", "timeout_privacy_policy_page": false, "home_button_change_privacy_policy_page": true, "back_button_change_privacy_policy_page": false, "actions_needed_to_reach_privacy_policy": 1, "api_invoked_during_dynamic_analysis": 41, "app_is_compliant_with_google_play_store": false, "app_analyzed": true, "num_tentative": 1, "different_api_invoked": 10, "privacy_policy_contain_explicit_acceptance": false, "privacy_policy_page_detected_google_play": true}