{"md5": "b92053119005cac8c9b8cd2c002613c0", "permission_requested": ["android.permission.ACCESS_WIFI_STATE", "android.permission.WAKE_LOCK", "android.permission.ACCESS_NETWORK_STATE", "android.permission.RECEIVE_BOOT_COMPLETED", "com.google.android.c2dm.permission.RECEIVE", "android.permission.VIBRATE", "android.permission.INTERNET", "android.permission.WRITE_EXTERNAL_STORAGE", "com.google.android.providers.gsf.permission.READ_GSERVICES", "com.northpark.pushups.permission.C2D_MESSAGE", "com.android.alarm.permission.SET_ALARM"], "trackers_inside": ["Twitter MoPub", "Facebook Ads", "Inmobi", "Flurry", "Google Analytics", "Mobvista", "Google Ads", "Google Firebase Analytics", "Google DoubleClick"], "execution_time_app_analyzer": 31.256157636642456, "api_to_monitoring_all": 627, "type_analysis": "Droidbot", "max_actions": 20, "timeout": 10, "privacy_policy_page_detected": false, "privacy_policy_page_md5": "N.A", "timeout_privacy_policy_page": false, "home_button_change_privacy_policy_page": false, "back_button_change_privacy_policy_page": false, "actions_needed_to_reach_privacy_policy": 19, "api_invoked_during_dynamic_analysis": 0, "app_is_compliant_with_google_play_store": false, "app_analyzed": true, "num_tentative": 2, "privacy_policy_page_detected_google_play": true}