{"md5": "bac3eca8cf1d317401c56067bd98c43c", "permission_requested": ["android.permission.ACCESS_NETWORK_STATE", "android.permission.ACCESS_FINE_LOCATION", "android.permission.WAKE_LOCK", "android.permission.READ_EXTERNAL_STORAGE", "android.permission.INTERNET", "android.permission.RECEIVE_BOOT_COMPLETED", "android.permission.WRITE_EXTERNAL_STORAGE", "android.permission.FOREGROUND_SERVICE"], "trackers_inside": ["Google Ads"], "execution_time_app_analyzer": 20.08816123008728, "api_to_monitoring_all": 142, "type_analysis": "Droidbot", "max_actions": 20, "timeout": 10, "privacy_policy_page_detected": false, "privacy_policy_page_md5": "N.A", "timeout_privacy_policy_page": false, "home_button_change_privacy_policy_page": false, "back_button_change_privacy_policy_page": false, "actions_needed_to_reach_privacy_policy": 19, "api_invoked_during_dynamic_analysis": 0, "app_is_compliant_with_google_play_store": false, "app_analyzed": true, "num_tentative": 1, "privacy_policy_page_detected_google_play": false}