{"md5": "baf78a2a7ad38ac459d5d7078ec5d09d", "permission_requested": ["android.permission.SET_WALLPAPER", "com.google.android.finsky.permission.BIND_GET_INSTALL_REFERRER_SERVICE", "com.google.android.c2dm.permission.RECEIVE", "android.permission.VIBRATE", "android.permission.WRITE_EXTERNAL_STORAGE", "android.permission.RECORD_AUDIO", "android.permission.INTERNET", "android.permission.ACCESS_NETWORK_STATE", "android.permission.READ_EXTERNAL_STORAGE", "com.android.vending.BILLING", "android.permission.WAKE_LOCK"], "trackers_inside": ["AdColony", "Google Firebase Analytics", "Google Ads", "AppLovin", "Google DoubleClick", "Google CrashLytics", "Vungle", "Moat", "ironSource", "Facebook Ads", "Google Analytics", "Unity3d Ads"], "execution_time_app_analyzer": 71.64537644386292, "api_to_monitoring_all": 1917, "type_analysis": "Droidbot", "max_actions": 20, "timeout": 10, "privacy_policy_page_detected": true, "privacy_policy_page_md5": "c50885246f9744ac06c39e921bcf589c", "timeout_privacy_policy_page": false, "home_button_change_privacy_policy_page": false, "back_button_change_privacy_policy_page": false, "actions_needed_to_reach_privacy_policy": 0, "api_invoked_during_dynamic_analysis": 19744, "app_is_compliant_with_google_play_store": false, "app_analyzed": true, "num_tentative": 1, "different_api_invoked": 43, "privacy_policy_contain_explicit_acceptance": false, "privacy_policy_page_detected_google_play": true}