{"md5": "bb9b2a9b37dd8b8d6d2d68f4ed7d5c44", "permission_requested": ["android.permission.READ_EXTERNAL_STORAGE", "android.permission.INTERNET", "android.permission.CHANGE_WIFI_STATE", "android.permission.ACCESS_WIFI_STATE", "android.permission.READ_CONTACTS", "android.permission.CHANGE_NETWORK_STATE", "android.permission.NFC", "android.permission.MANAGE_ACCOUNTS", "android.permission.ACCESS_COARSE_LOCATION", "android.permission.BLUETOOTH_ADMIN", "android.permission.USE_CREDENTIALS", "android.permission.GET_ACCOUNTS", "android.permission.BLUETOOTH", "android.permission.WRITE_EXTERNAL_STORAGE", "android.permission.ACCESS_FINE_LOCATION", "android.permission.ACCESS_NETWORK_STATE"], "trackers_inside": [], "execution_time_app_analyzer": 39.35527682304382, "api_to_monitoring_all": 184, "type_analysis": "Droidbot", "max_actions": 20, "timeout": 10, "privacy_policy_page_detected": true, "privacy_policy_page_md5": "25975f7d40ea20290e1dd6d74e2d0688", "timeout_privacy_policy_page": false, "home_button_change_privacy_policy_page": false, "back_button_change_privacy_policy_page": false, "actions_needed_to_reach_privacy_policy": 0, "api_invoked_during_dynamic_analysis": 0, "app_is_compliant_with_google_play_store": true, "app_analyzed": true, "num_tentative": 1, "privacy_policy_contain_explicit_acceptance": true, "policy_page_compliant_third_party": true, "policy_page_compliant": true, "final_compliant": true, "privacy_policy_page_detected_google_play": true}