{"md5": "bbb8da338bf96a3d0ee54e3d1d2b15de", "permission_requested": ["android.permission.WRITE_EXTERNAL_STORAGE", "android.permission.INTERNET", "android.permission.ACCESS_NETWORK_STATE"], "trackers_inside": ["Unity3d Ads", "Google DoubleClick", "Google Ads"], "execution_time_app_analyzer": 12.408684253692627, "api_to_monitoring_all": 380, "type_analysis": "Droidbot", "max_actions": 20, "timeout": 10, "privacy_policy_page_detected": false, "privacy_policy_page_md5": "N.A", "timeout_privacy_policy_page": false, "home_button_change_privacy_policy_page": false, "back_button_change_privacy_policy_page": false, "actions_needed_to_reach_privacy_policy": 19, "api_invoked_during_dynamic_analysis": 2212, "app_is_compliant_with_google_play_store": false, "app_analyzed": true, "num_tentative": 2, "different_api_invoked": 14, "privacy_policy_page_detected_google_play": true}