{"md5": "bbcf2ee0b38c4a00b2dc00426711d95b", "permission_requested": ["android.permission.INTERNET", "android.permission.ACCESS_WIFI_STATE", "com.android.vending.BILLING", "android.permission.ACCESS_NETWORK_STATE", "android.permission.WRITE_EXTERNAL_STORAGE"], "trackers_inside": ["Unity3d Ads", "Google Ads", "Google DoubleClick", "Moat", "AppLovin"], "execution_time_app_analyzer": 21.492423057556152, "api_to_monitoring_all": 938, "type_analysis": "Droidbot", "max_actions": 20, "timeout": 10, "privacy_policy_page_detected": false, "privacy_policy_page_md5": "N.A", "timeout_privacy_policy_page": false, "home_button_change_privacy_policy_page": false, "back_button_change_privacy_policy_page": false, "actions_needed_to_reach_privacy_policy": 19, "api_invoked_during_dynamic_analysis": 3030, "app_is_compliant_with_google_play_store": false, "app_analyzed": true, "num_tentative": 1, "different_api_invoked": 36, "privacy_policy_page_detected_google_play": true}