{"md5": "bc228070be1f13ed32b4bd0cea99e207", "permission_requested": ["android.permission.WRITE_EXTERNAL_STORAGE", "com.google.android.finsky.permission.BIND_GET_INSTALL_REFERRER_SERVICE", "com.google.android.c2dm.permission.RECEIVE", "android.permission.ACCESS_NETWORK_STATE", "android.permission.WAKE_LOCK", "android.permission.VIBRATE", "android.permission.INTERNET", "com.google.android.providers.gsf.permission.READ_GSERVICES"], "trackers_inside": ["Google Firebase Analytics", "Google Ads", "Google DoubleClick", "Yandex Ad", "AppMetrica"], "execution_time_app_analyzer": 47.28077149391174, "api_to_monitoring_all": 383, "type_analysis": "Droidbot", "max_actions": 20, "timeout": 10, "privacy_policy_page_detected": false, "privacy_policy_page_md5": "N.A", "timeout_privacy_policy_page": false, "home_button_change_privacy_policy_page": false, "back_button_change_privacy_policy_page": false, "actions_needed_to_reach_privacy_policy": 19, "api_invoked_during_dynamic_analysis": 422, "app_is_compliant_with_google_play_store": false, "app_analyzed": true, "num_tentative": 1, "different_api_invoked": 18, "privacy_policy_page_detected_google_play": true}