{"md5": "bc245fcb4df364884291564cff7a9f45", "permission_requested": ["android.permission.USE_CREDENTIALS", "android.permission.SEND_SMS", "android.permission.ACCESS_NETWORK_STATE", "android.permission.WRITE_CONTACTS", "android.permission.ACCESS_FINE_LOCATION", "com.google.android.c2dm.permission.RECEIVE", "android.permission.READ_PHONE_STATE", "android.permission.VIBRATE", "com.android.launcher.permission.INSTALL_SHORTCUT", "com.google.android.providers.gsf.permission.READ_GSERVICES", "android.permission.GET_PACKAGE_SIZE", "android.permission.BLUETOOTH", "android.permission.NFC", "android.permission.WAKE_LOCK", "android.permission.READ_SMS", "android.permission.WRITE_EXTERNAL_STORAGE", "android.permission.CAMERA", "android.permission.READ_CONTACTS", "android.permission.ACCESS_WIFI_STATE", "android.permission.MODIFY_AUDIO_SETTINGS", "android.permission.RECEIVE_MMS", "android.permission.CALL_PHONE", "android.permission.ACCESS_COARSE_LOCATION", "android.permission.INTERNET", "android.permission.WRITE_SMS", "android.permission.MANAGE_ACCOUNTS", "android.permission.READ_EXTERNAL_STORAGE", "android.permission.GET_ACCOUNTS", "android.permission.RECEIVE_SMS", "android.permission.RECEIVE_BOOT_COMPLETED", "android.permission.CHANGE_NETWORK_STATE", "android.permission.RECORD_AUDIO", "com.google.android.talk.permission.C2D_MESSAGE"], "trackers_inside": ["Google Firebase Analytics"], "execution_time_app_analyzer": 40.03547501564026, "api_to_monitoring_all": 228, "type_analysis": "Droidbot", "max_actions": 20, "timeout": 10, "privacy_policy_page_detected": false, "privacy_policy_page_md5": "N.A", "timeout_privacy_policy_page": false, "home_button_change_privacy_policy_page": false, "back_button_change_privacy_policy_page": false, "actions_needed_to_reach_privacy_policy": 18, "api_invoked_during_dynamic_analysis": 63, "app_is_compliant_with_google_play_store": false, "app_analyzed": true, "num_tentative": 2, "different_api_invoked": 2, "privacy_policy_page_detected_google_play": true}