{"md5": "bc7aa5dd184a7d09c51763e9a4f8b4e5", "permission_requested": ["com.anddoes.launcher.permission.UPDATE_COUNT", "com.oppo.launcher.permission.READ_SETTINGS", "android.permission.WRITE_EXTERNAL_STORAGE", "com.huawei.android.launcher.permission.READ_SETTINGS", "android.permission.ACCESS_COARSE_LOCATION", "com.android.vending.CHECK_LICENSE", "com.ymmrnt.permission.C2D_MESSAGE", "com.htc.launcher.permission.UPDATE_SHORTCUT", "android.permission.DOWNLOAD_WITHOUT_NOTIFICATION", "android.permission.ACCESS_WIFI_STATE", "android.permission.SYSTEM_ALERT_WINDOW", "android.permission.ACCESS_FINE_LOCATION", "com.htc.launcher.permission.READ_SETTINGS", "android.permission.INTERNET", "android.permission.READ_EXTERNAL_STORAGE", "com.sec.android.provider.badge.permission.READ", "com.oppo.launcher.permission.WRITE_SETTINGS", "com.majeur.launcher.permission.UPDATE_BADGE", "me.everything.badger.permission.BADGE_COUNT_WRITE", "com.google.android.c2dm.permission.RECEIVE", "com.sonyericsson.home.permission.BROADCAST_BADGE", "com.huawei.android.launcher.permission.WRITE_SETTINGS", "me.everything.badger.permission.BADGE_COUNT_READ", "com.huawei.android.launcher.permission.CHANGE_BADGE", "com.android.vending.BILLING", "com.sec.android.provider.badge.permission.WRITE", "android.permission.WAKE_LOCK", "com.sonymobile.home.permission.PROVIDER_INSERT_BADGE", "android.permission.READ_APP_BADGE", "android.permission.VIBRATE", "android.permission.RECEIVE_BOOT_COMPLETED", "android.permission.ACCESS_NETWORK_STATE", "android.permission.CAMERA"], "trackers_inside": ["Google Firebase Analytics", "Google Ads", "Branch", "Google DoubleClick", "Google CrashLytics", "Facebook Analytics", "Facebook Ads"], "execution_time_app_analyzer": 77.5953688621521, "api_to_monitoring_all": 598, "type_analysis": "Droidbot", "max_actions": 20, "timeout": 10, "privacy_policy_page_detected": false, "privacy_policy_page_md5": "N.A", "timeout_privacy_policy_page": false, "home_button_change_privacy_policy_page": false, "back_button_change_privacy_policy_page": false, "actions_needed_to_reach_privacy_policy": 19, "api_invoked_during_dynamic_analysis": 27480, "app_is_compliant_with_google_play_store": false, "app_analyzed": true, "num_tentative": 2, "different_api_invoked": 76, "privacy_policy_page_detected_google_play": "Error"}