{"md5": "be468cd1cd1c9d951947d226e5813ae8", "permission_requested": ["android.permission.INTERNET", "android.permission.ACCESS_NETWORK_STATE", "com.android.vending.BILLING", "android.permission.WAKE_LOCK"], "trackers_inside": ["Google Analytics", "AdColony", "Moat", "Google Ads", "Google DoubleClick", "ironSource"], "execution_time_app_analyzer": 32.67639136314392, "api_to_monitoring_all": 941, "type_analysis": "Droidbot", "max_actions": 20, "timeout": 10, "privacy_policy_page_detected": false, "privacy_policy_page_md5": "N.A", "timeout_privacy_policy_page": false, "home_button_change_privacy_policy_page": false, "back_button_change_privacy_policy_page": false, "actions_needed_to_reach_privacy_policy": 19, "api_invoked_during_dynamic_analysis": 3274, "app_is_compliant_with_google_play_store": false, "app_analyzed": true, "num_tentative": 1, "different_api_invoked": 102, "privacy_policy_page_detected_google_play": true}