{"md5": "bed88f4a90b31e390cc9de2bade60c1d", "permission_requested": ["android.permission.READ_CONTACTS", "android.permission.WRITE_EXTERNAL_STORAGE", "android.permission.INTERNET", "android.permission.ACCESS_WIFI_STATE", "android.permission.RECEIVE_BOOT_COMPLETED", "android.permission.ACCESS_NETWORK_STATE", "android.permission.WAKE_LOCK", "com.google.android.finsky.permission.BIND_GET_INSTALL_REFERRER_SERVICE", "android.permission.WRITE_SETTINGS", "android.permission.WRITE_CONTACTS"], "trackers_inside": ["Twitter MoPub", "Moat", "Google Ads", "Unity3d Ads", "Integral Ad Science"], "execution_time_app_analyzer": 31.40305757522583, "api_to_monitoring_all": 525, "type_analysis": "Droidbot", "max_actions": 20, "timeout": 10, "privacy_policy_page_detected": true, "privacy_policy_page_md5": "e88246b23f6a032722d3758600a8ee42", "timeout_privacy_policy_page": false, "home_button_change_privacy_policy_page": false, "back_button_change_privacy_policy_page": false, "actions_needed_to_reach_privacy_policy": 0, "api_invoked_during_dynamic_analysis": 1412, "app_is_compliant_with_google_play_store": false, "app_analyzed": true, "num_tentative": 1, "privacy_policy_contain_explicit_acceptance": true, "different_api_invoked": 135, "privacy_policy_page_detected_google_play": true}