{"md5": "c00260a4bde3991adb1855f485651b6b", "permission_requested": ["android.permission.ACCESS_COARSE_LOCATION", "android.permission.INTERNET", "android.permission.ACCESS_FINE_LOCATION", "android.permission.ACCESS_NETWORK_STATE", "android.permission.CAMERA"], "trackers_inside": ["Google Ads", "Google DoubleClick", "Facebook Ads", "Flurry"], "execution_time_app_analyzer": 16.00361680984497, "api_to_monitoring_all": 425, "type_analysis": "Droidbot", "max_actions": 20, "timeout": 10, "privacy_policy_page_detected": false, "privacy_policy_page_md5": "N.A", "timeout_privacy_policy_page": false, "home_button_change_privacy_policy_page": false, "back_button_change_privacy_policy_page": false, "actions_needed_to_reach_privacy_policy": 19, "api_invoked_during_dynamic_analysis": 92615, "app_is_compliant_with_google_play_store": false, "app_analyzed": true, "num_tentative": 1, "different_api_invoked": 50, "privacy_policy_page_detected_google_play": true}