{"md5": "c0dd8dadded7d03300ba28d3690fce51", "permission_requested": ["android.permission.WRITE_EXTERNAL_STORAGE", "com.google.android.finsky.permission.BIND_GET_INSTALL_REFERRER_SERVICE", "android.permission.ACCESS_WIFI_STATE", "android.permission.RECORD_AUDIO", "com.google.android.c2dm.permission.RECEIVE", "android.permission.ACCESS_NETWORK_STATE", "android.permission.WAKE_LOCK", "android.permission.INTERNET", "com.google.android.providers.gsf.permission.READ_GSERVICES"], "trackers_inside": ["Google Ads", "Google Firebase Analytics", "AppsFlyer", "Google CrashLytics"], "execution_time_app_analyzer": 58.63659644126892, "api_to_monitoring_all": 417, "type_analysis": "Droidbot", "max_actions": 20, "timeout": 10, "privacy_policy_page_detected": true, "privacy_policy_page_md5": "54a1b49b330598cb827e0ff355b83c36", "timeout_privacy_policy_page": false, "home_button_change_privacy_policy_page": true, "back_button_change_privacy_policy_page": false, "actions_needed_to_reach_privacy_policy": 1, "api_invoked_during_dynamic_analysis": 100, "app_is_compliant_with_google_play_store": false, "app_analyzed": true, "num_tentative": 1, "privacy_policy_contain_explicit_acceptance": true, "different_api_invoked": 10, "privacy_policy_page_detected_google_play": true}