{"md5": "c1aacf2edb27be091959d02ecdd5e51a", "permission_requested": ["com.google.android.c2dm.permission.RECEIVE", "android.permission.VIBRATE", "com.repsi.heartrate.permission.C2D_MESSAGE", "android.permission.INTERNET", "android.permission.ACCESS_NETWORK_STATE", "android.permission.CAMERA", "android.permission.WAKE_LOCK"], "trackers_inside": ["Google Firebase Analytics", "Google Ads"], "execution_time_app_analyzer": 15.212577104568481, "api_to_monitoring_all": 151, "type_analysis": "Droidbot", "max_actions": 20, "timeout": 10, "privacy_policy_page_detected": false, "privacy_policy_page_md5": "N.A", "timeout_privacy_policy_page": false, "home_button_change_privacy_policy_page": false, "back_button_change_privacy_policy_page": false, "actions_needed_to_reach_privacy_policy": 19, "api_invoked_during_dynamic_analysis": 136, "app_is_compliant_with_google_play_store": false, "app_analyzed": true, "num_tentative": 1, "different_api_invoked": 8, "privacy_policy_page_detected_google_play": true}