{"md5": "c1ca62d226a9a06023d597b9194a253d", "permission_requested": ["android.permission.ACCESS_NETWORK_STATE", "android.permission.KILL_BACKGROUND_PROCESSES", "android.permission.WRITE_EXTERNAL_STORAGE", "android.permission.READ_EXTERNAL_STORAGE", "android.permission.INTERNET", "android.permission.FOREGROUND_SERVICE", "android.permission.WAKE_LOCK", "android.permission.RECEIVE_BOOT_COMPLETED"], "trackers_inside": ["Google Ads", "Google DoubleClick"], "execution_time_app_analyzer": 17.012277126312256, "api_to_monitoring_all": 174, "type_analysis": "Droidbot", "max_actions": 20, "timeout": 10, "privacy_policy_page_detected": true, "privacy_policy_page_md5": "9b809bd7226a59c298902c63458fd520", "timeout_privacy_policy_page": false, "home_button_change_privacy_policy_page": true, "back_button_change_privacy_policy_page": false, "actions_needed_to_reach_privacy_policy": 1, "api_invoked_during_dynamic_analysis": 10870, "app_is_compliant_with_google_play_store": false, "app_analyzed": true, "num_tentative": 1, "different_api_invoked": 10, "privacy_policy_contain_explicit_acceptance": true, "privacy_policy_page_detected_google_play": true}