{"md5": "c24d09ef3b248da0dab81bd4b47ff277", "permission_requested": ["com.huawei.android.launcher.permission.READ_SETTINGS", "com.sonymobile.home.permission.PROVIDER_INSERT_BADGE", "android.permission.READ_APP_BADGE", "android.permission.WAKE_LOCK", "com.oppo.launcher.permission.WRITE_SETTINGS", "com.htc.launcher.permission.READ_SETTINGS", "android.permission.ACCESS_NETWORK_STATE", "me.everything.badger.permission.BADGE_COUNT_READ", "com.htc.launcher.permission.UPDATE_SHORTCUT", "com.huawei.android.launcher.permission.WRITE_SETTINGS", "android.permission.ACCESS_FINE_LOCATION", "android.permission.ACCESS_COARSE_LOCATION", "com.sec.android.provider.badge.permission.READ", "com.google.android.providers.gsf.permission.READ_GSERVICES", "com.sec.android.provider.badge.permission.WRITE", "com.google.android.finsky.permission.BIND_GET_INSTALL_REFERRER_SERVICE", "com.anddoes.launcher.permission.UPDATE_COUNT", "com.oppo.launcher.permission.READ_SETTINGS", "com.huawei.android.launcher.permission.CHANGE_BADGE", "com.majeur.launcher.permission.UPDATE_BADGE", "com.google.android.c2dm.permission.RECEIVE", "android.permission.VIBRATE", "com.trovit.android.apps.cars.permission.C2D_MESSAGE", "android.permission.ACCESS_WIFI_STATE", "android.permission.INTERNET", "me.everything.badger.permission.BADGE_COUNT_WRITE", "com.sonyericsson.home.permission.BROADCAST_BADGE"], "trackers_inside": ["Adjust", "Google CrashLytics", "Google Ads", "Google Firebase Analytics", "Google Analytics"], "execution_time_app_analyzer": 38.215529680252075, "api_to_monitoring_all": 271, "type_analysis": "Droidbot", "max_actions": 20, "timeout": 10, "privacy_policy_page_detected": false, "privacy_policy_page_md5": "N.A", "timeout_privacy_policy_page": false, "home_button_change_privacy_policy_page": false, "back_button_change_privacy_policy_page": false, "actions_needed_to_reach_privacy_policy": 19, "api_invoked_during_dynamic_analysis": 149, "app_is_compliant_with_google_play_store": false, "app_analyzed": true, "num_tentative": 1, "different_api_invoked": 18, "privacy_policy_page_detected_google_play": true}