{"md5": "c25df4946fb71026e69ee025a893c8ab", "permission_requested": ["android.permission.READ_EXTERNAL_STORAGE", "com.google.android.finsky.permission.BIND_GET_INSTALL_REFERRER_SERVICE", "android.permission.INTERNET", "android.permission.ACCESS_MEDIA_LOCATION", "android.permission.ACCESS_WIFI_STATE", "android.permission.WAKE_LOCK", "android.permission.ACCESS_COARSE_LOCATION", "com.android.vending.BILLING", "android.permission.CAMERA", "com.google.android.providers.gsf.permission.READ_GSERVICES", "com.jkfantasy.gpsmapcamera.permission.MAPS_RECEIVE", "android.permission.WRITE_EXTERNAL_STORAGE", "android.permission.ACCESS_FINE_LOCATION", "android.permission.ACCESS_NETWORK_STATE"], "trackers_inside": ["Google Ads"], "execution_time_app_analyzer": 9.115979671478271, "api_to_monitoring_all": 170, "type_analysis": "Droidbot", "max_actions": 20, "timeout": 10, "privacy_policy_page_detected": false, "privacy_policy_page_md5": "N.A", "timeout_privacy_policy_page": false, "home_button_change_privacy_policy_page": false, "back_button_change_privacy_policy_page": false, "actions_needed_to_reach_privacy_policy": 19, "api_invoked_during_dynamic_analysis": 0, "app_is_compliant_with_google_play_store": false, "app_analyzed": true, "num_tentative": 1, "privacy_policy_page_detected_google_play": true}