{"md5": "c2719dcc86b4a68df5eec50bf2983536", "permission_requested": ["android.permission.ACCESS_NETWORK_STATE", "android.permission.ACCESS_COARSE_LOCATION", "com.google.android.c2dm.permission.RECEIVE", "android.permission.ACCESS_WIFI_STATE", "android.permission.WRITE_EXTERNAL_STORAGE", "android.permission.WAKE_LOCK", "com.android.alarm.permission.SET_ALARM", "android.permission.READ_EXTERNAL_STORAGE", "android.permission.RECEIVE_BOOT_COMPLETED", "android.permission.INTERNET"], "trackers_inside": ["Tapjoy", "Flurry", "Facebook Ads", "AppLovin", "ironSource", "Unity3d Ads", "Amazon Advertisement", "Yandex Ad", "Google Ads", "Integral Ad Science", "Google DoubleClick", "Inmobi", "Twitter MoPub", "AdColony", "Moat", "AppMetrica", "Vungle"], "execution_time_app_analyzer": 73.38221216201782, "api_to_monitoring_all": 2593, "type_analysis": "Droidbot", "max_actions": 20, "timeout": 10, "privacy_policy_page_detected": false, "privacy_policy_page_md5": "N.A", "timeout_privacy_policy_page": false, "home_button_change_privacy_policy_page": false, "back_button_change_privacy_policy_page": false, "actions_needed_to_reach_privacy_policy": 19, "api_invoked_during_dynamic_analysis": 98262, "app_is_compliant_with_google_play_store": false, "app_analyzed": true, "num_tentative": 1, "different_api_invoked": 155, "privacy_policy_page_detected_google_play": true}