{"md5": "c2ec932905c6500ba972fb8172a0f4c9", "permission_requested": ["com.google.android.finsky.permission.BIND_GET_INSTALL_REFERRER_SERVICE", "android.permission.READ_SYNC_SETTINGS", "com.google.android.c2dm.permission.RECEIVE", "android.permission.VIBRATE", "android.permission.WRITE_EXTERNAL_STORAGE", "com.google.android.providers.gsf.permission.READ_GSERVICES", "android.permission.ACCESS_WIFI_STATE", "android.permission.RECEIVE_BOOT_COMPLETED", "android.permission.GET_ACCOUNTS", "android.permission.ACCESS_FINE_LOCATION", "android.permission.WRITE_SYNC_SETTINGS", "android.permission.INTERNET", "android.permission.ACCESS_NETWORK_STATE", "android.permission.AUTHENTICATE_ACCOUNTS", "com.bskyb.skynews.android.permission.UA_DATA", "android.permission.ACCESS_COARSE_LOCATION", "android.permission.FOREGROUND_SERVICE", "android.permission.WAKE_LOCK"], "trackers_inside": ["Google DoubleClick", "Google Ads", "Google Firebase Analytics", "Google CrashLytics"], "execution_time_app_analyzer": 61.348260164260864, "api_to_monitoring_all": 270, "type_analysis": "Droidbot", "max_actions": 20, "timeout": 10, "privacy_policy_page_detected": false, "privacy_policy_page_md5": "N.A", "timeout_privacy_policy_page": false, "home_button_change_privacy_policy_page": false, "back_button_change_privacy_policy_page": false, "actions_needed_to_reach_privacy_policy": 19, "api_invoked_during_dynamic_analysis": 1037, "app_is_compliant_with_google_play_store": false, "app_analyzed": true, "num_tentative": 1, "different_api_invoked": 10, "privacy_policy_page_detected_google_play": true}