{"md5": "c2f62035d5f1a91bcff27c477804aa2e", "permission_requested": ["android.permission.READ_EXTERNAL_STORAGE", "android.permission.WRITE_EXTERNAL_STORAGE", "com.google.android.c2dm.permission.RECEIVE", "android.permission.INTERNET", "com.nullapp.racer.police.permission.C2D_MESSAGE", "android.permission.ACCESS_NETWORK_STATE", "android.permission.WAKE_LOCK", "android.permission.READ_PHONE_STATE"], "trackers_inside": ["Google Firebase Analytics", "Inmobi", "Unity3d Ads", "Google Ads", "Facebook Ads", "Facebook Analytics", "Flurry", "Google DoubleClick"], "execution_time_app_analyzer": 27.479923963546753, "api_to_monitoring_all": 782, "type_analysis": "Droidbot", "max_actions": 20, "timeout": 10, "privacy_policy_page_detected": false, "privacy_policy_page_md5": "N.A", "timeout_privacy_policy_page": false, "home_button_change_privacy_policy_page": false, "back_button_change_privacy_policy_page": false, "actions_needed_to_reach_privacy_policy": 19, "api_invoked_during_dynamic_analysis": 1643, "app_is_compliant_with_google_play_store": false, "app_analyzed": true, "num_tentative": 1, "different_api_invoked": 19, "privacy_policy_page_detected_google_play": "Error"}