{"md5": "c49e8636a76356b073e9a0a61fb5586a", "permission_requested": ["com.sonyericsson.home.permission.BROADCAST_BADGE", "me.everything.badger.permission.BADGE_COUNT_READ", "com.htc.launcher.permission.UPDATE_SHORTCUT", "com.huawei.android.launcher.permission.READ_SETTINGS", "android.permission.RECEIVE_BOOT_COMPLETED", "com.sec.android.provider.badge.permission.WRITE", "android.permission.VIBRATE", "android.permission.WRITE_EXTERNAL_STORAGE", "com.anddoes.launcher.permission.UPDATE_COUNT", "com.huawei.android.launcher.permission.CHANGE_BADGE", "android.permission.WAKE_LOCK", "br.com.sportv.times.flamengo.permission.C2D_MESSAGE", "android.permission.ACCESS_NETWORK_STATE", "com.huawei.android.launcher.permission.WRITE_SETTINGS", "com.sec.android.provider.badge.permission.READ", "com.htc.launcher.permission.READ_SETTINGS", "android.permission.READ_CONTACTS", "com.oppo.launcher.permission.WRITE_SETTINGS", "android.permission.SYSTEM_ALERT_WINDOW", "com.sonymobile.home.permission.PROVIDER_INSERT_BADGE", "com.oppo.launcher.permission.READ_SETTINGS", "android.permission.READ_APP_BADGE", "com.majeur.launcher.permission.UPDATE_BADGE", "android.permission.READ_EXTERNAL_STORAGE", "android.permission.INTERNET", "android.permission.ACCESS_FINE_LOCATION", "com.google.android.c2dm.permission.RECEIVE", "android.permission.CAMERA", "android.permission.GET_ACCOUNTS", "android.permission.ACCESS_COARSE_LOCATION", "me.everything.badger.permission.BADGE_COUNT_WRITE", "android.permission.READ_PHONE_STATE"], "trackers_inside": ["Facebook Analytics", "Branch", "Google Firebase Analytics", "Google Analytics", "Google Ads", "Google CrashLytics", "Google DoubleClick"], "execution_time_app_analyzer": 58.235183238983154, "api_to_monitoring_all": 403, "type_analysis": "Droidbot", "max_actions": 20, "timeout": 10, "privacy_policy_page_detected": false, "privacy_policy_page_md5": "N.A", "timeout_privacy_policy_page": false, "home_button_change_privacy_policy_page": false, "back_button_change_privacy_policy_page": false, "actions_needed_to_reach_privacy_policy": 19, "api_invoked_during_dynamic_analysis": 86860, "app_is_compliant_with_google_play_store": false, "app_analyzed": true, "num_tentative": 2, "different_api_invoked": 41, "privacy_policy_page_detected_google_play": true}