{"md5": "c4ab45ef014e0cff8f61a3b0ce52ef46", "permission_requested": ["com.google.android.finsky.permission.BIND_GET_INSTALL_REFERRER_SERVICE", "android.permission.CHANGE_WIFI_STATE", "com.google.android.c2dm.permission.RECEIVE", "android.permission.VIBRATE", "android.permission.DOWNLOAD_WITHOUT_NOTIFICATION", "android.permission.WRITE_EXTERNAL_STORAGE", "android.permission.RECEIVE_BOOT_COMPLETED", "android.permission.ACCESS_WIFI_STATE", "android.permission.QUICKBOOT_POWERON", "android.permission.INTERNET", "android.permission.ACCESS_NETWORK_STATE", "android.permission.READ_EXTERNAL_STORAGE", "com.android.launcher.permission.INSTALL_SHORTCUT", "android.permission.MANAGE_DOCUMENTS", "android.permission.WAKE_LOCK", "android.permission.FOREGROUND_SERVICE"], "trackers_inside": ["Google Analytics", "Google Firebase Analytics", "Google Ads", "Google CrashLytics"], "execution_time_app_analyzer": 28.96670699119568, "api_to_monitoring_all": 223, "type_analysis": "Droidbot", "max_actions": 20, "timeout": 10, "privacy_policy_page_detected": false, "privacy_policy_page_md5": "N.A", "timeout_privacy_policy_page": false, "home_button_change_privacy_policy_page": false, "back_button_change_privacy_policy_page": false, "actions_needed_to_reach_privacy_policy": 19, "api_invoked_during_dynamic_analysis": 18, "app_is_compliant_with_google_play_store": false, "app_analyzed": true, "num_tentative": 1, "different_api_invoked": 8, "privacy_policy_page_detected_google_play": true}