{"md5": "c4f3d102937be0513ce2f5a35a491188", "permission_requested": ["com.anddoes.launcher.permission.UPDATE_COUNT", "android.permission.GET_ACCOUNTS", "com.oppo.launcher.permission.READ_SETTINGS", "android.permission.ACCESS_FINE_LOCATION", "android.permission.REQUEST_INSTALL_PACKAGES", "android.permission.USE_CREDENTIALS", "com.oppo.launcher.permission.WRITE_SETTINGS", "android.permission.AUTHENTICATE_ACCOUNTS", "com.sonymobile.home.permission.PROVIDER_INSERT_BADGE", "android.permission.ACCESS_NETWORK_STATE", "android.permission.VIBRATE", "android.permission.INTERNET", "com.huawei.android.launcher.permission.CHANGE_BADGE", "android.permission.CHANGE_CONFIGURATION", "android.permission.READ_EXTERNAL_STORAGE", "me.everything.badger.permission.BADGE_COUNT_WRITE", "me.everything.badger.permission.BADGE_COUNT_READ", "com.sec.android.provider.badge.permission.WRITE", "android.permission.CHANGE_WIFI_STATE", "com.newsdog.permission.MIPUSH_RECEIVE", "com.sonyericsson.home.permission.BROADCAST_BADGE", "android.permission.EXPAND_STATUS_BAR", "com.android.launcher.permission.INSTALL_SHORTCUT", "android.permission.WRITE_SYNC_SETTINGS", "android.permission.READ_CONTACTS", "com.htc.launcher.permission.UPDATE_SHORTCUT", "android.permission.WRITE_EXTERNAL_STORAGE", "com.google.android.finsky.permission.BIND_GET_INSTALL_REFERRER_SERVICE", "android.permission.FOREGROUND_SERVICE", "android.permission.GET_TASKS", "android.permission.ACCESS_WIFI_STATE", "com.huawei.android.launcher.permission.WRITE_SETTINGS", "com.google.android.c2dm.permission.RECEIVE", "android.permission.ACCESS_COARSE_LOCATION", "android.permission.RECEIVE_BOOT_COMPLETED", "com.htc.launcher.permission.READ_SETTINGS", "com.majeur.launcher.permission.UPDATE_BADGE", "android.permission.READ_PHONE_STATE", "com.huawei.android.launcher.permission.READ_SETTINGS", "android.permission.RECORD_AUDIO", "android.permission.READ_APP_BADGE", "android.permission.WAKE_LOCK", "com.sec.android.provider.badge.permission.READ"], "trackers_inside": ["Facebook Analytics", "Flurry", "Inmobi", "AppsFlyer", "Facebook Ads", "Google DoubleClick", "Google Firebase Analytics", "Google Ads"], "execution_time_app_analyzer": 40.823278188705444, "api_to_monitoring_all": 831, "app_analyzed": false, "privacy_policy_page_detected_google_play": true}