{"md5": "c5a676723be8574d0ca7b1fbc24dd97a", "permission_requested": ["android.permission.WRITE_EXTERNAL_STORAGE", "android.permission.READ_EXTERNAL_STORAGE", "android.permission.INTERNET", "com.android.vending.BILLING", "android.permission.VIBRATE", "com.google.android.providers.gsf.permission.READ_GSERVICES", "com.google.android.c2dm.permission.RECEIVE", "android.permission.ACCESS_NETWORK_STATE", "android.permission.WAKE_LOCK", "br.com.tapps.zebraevolution.permission.C2D_MESSAGE"], "trackers_inside": ["Inmobi", "Facebook Analytics", "Google CrashLytics", "Google DoubleClick", "AppLovin", "AppsFlyer", "Vungle", "AdColony", "Twitter MoPub", "Google Ads", "Google Firebase Analytics", "Moat", "ironSource", "Unity3d Ads", "Integral Ad Science"], "execution_time_app_analyzer": 58.505812644958496, "api_to_monitoring_all": 2194, "type_analysis": "Droidbot", "max_actions": 20, "timeout": 10, "privacy_policy_page_detected": false, "privacy_policy_page_md5": "N.A", "timeout_privacy_policy_page": false, "home_button_change_privacy_policy_page": false, "back_button_change_privacy_policy_page": false, "actions_needed_to_reach_privacy_policy": 19, "api_invoked_during_dynamic_analysis": 5660, "app_is_compliant_with_google_play_store": false, "app_analyzed": true, "num_tentative": 2, "different_api_invoked": 171, "privacy_policy_page_detected_google_play": true}