{"md5": "c5d9056ba844065ddfa61611dd1f79f6", "permission_requested": ["android.permission.ACCESS_NETWORK_STATE", "android.permission.READ_PHONE_STATE", "android.permission.READ_EXTERNAL_STORAGE", "android.permission.INTERNET", "android.permission.WRITE_EXTERNAL_STORAGE", "android.permission.ACCESS_WIFI_STATE"], "trackers_inside": ["Google Ads", "Google DoubleClick", "Unity3d Ads"], "execution_time_app_analyzer": 13.833597898483276, "api_to_monitoring_all": 416, "type_analysis": "Droidbot", "max_actions": 20, "timeout": 10, "privacy_policy_page_detected": false, "privacy_policy_page_md5": "N.A", "timeout_privacy_policy_page": false, "home_button_change_privacy_policy_page": false, "back_button_change_privacy_policy_page": false, "actions_needed_to_reach_privacy_policy": 19, "api_invoked_during_dynamic_analysis": 1378, "app_is_compliant_with_google_play_store": false, "app_analyzed": true, "num_tentative": 1, "different_api_invoked": 17, "privacy_policy_page_detected_google_play": true}