{"md5": "c61a3e3abd9e98e6345fd6d29ea8ed74", "permission_requested": ["android.permission.INTERNET", "android.permission.READ_PHONE_STATE", "com.google.android.finsky.permission.BIND_GET_INSTALL_REFERRER_SERVICE", "android.permission.READ_EXTERNAL_STORAGE", "android.permission.WAKE_LOCK", "android.permission.WRITE_EXTERNAL_STORAGE", "android.permission.ACCESS_NETWORK_STATE"], "trackers_inside": ["Google Ads", "Google DoubleClick", "Facebook Ads"], "execution_time_app_analyzer": 21.969401597976685, "api_to_monitoring_all": 355, "type_analysis": "Droidbot", "max_actions": 20, "timeout": 10, "privacy_policy_page_detected": false, "privacy_policy_page_md5": "N.A", "timeout_privacy_policy_page": false, "home_button_change_privacy_policy_page": false, "back_button_change_privacy_policy_page": false, "actions_needed_to_reach_privacy_policy": 19, "api_invoked_during_dynamic_analysis": 112989, "app_is_compliant_with_google_play_store": false, "app_analyzed": true, "num_tentative": 1, "different_api_invoked": 36, "privacy_policy_page_detected_google_play": true}