{"md5": "c6eb9f5a14cb5f37b4ff1967de9f2bd7", "permission_requested": ["android.permission.INTERNET", "android.permission.GET_ACCOUNTS", "android.permission.READ_PHONE_STATE", "android.permission.ACCESS_FINE_LOCATION", "android.permission.CHANGE_WIFI_STATE", "android.permission.ACCESS_NETWORK_STATE", "android.permission.RECEIVE_BOOT_COMPLETED", "com.google.android.gms.permission.ACTIVITY_RECOGNITION", "com.google.android.finsky.permission.BIND_GET_INSTALL_REFERRER_SERVICE", "android.permission.WAKE_LOCK", "android.permission.READ_EXTERNAL_STORAGE", "com.vserv.asianet.permission.C2D_MESSAGE", "com.google.android.c2dm.permission.RECEIVE", "android.permission.ACCESS_WIFI_STATE", "android.permission.SYSTEM_ALERT_WINDOW", "android.permission.ACCESS_COARSE_LOCATION", "android.permission.WRITE_EXTERNAL_STORAGE"], "trackers_inside": ["Google Analytics", "Flurry", "Google CrashLytics", "Inmobi", "Facebook Ads", "Google Firebase Analytics", "Google Ads", "Google DoubleClick"], "execution_time_app_analyzer": 88.78990578651428, "api_to_monitoring_all": 560, "type_analysis": "Droidbot", "max_actions": 20, "timeout": 10, "privacy_policy_page_detected": false, "privacy_policy_page_md5": "N.A", "timeout_privacy_policy_page": false, "home_button_change_privacy_policy_page": false, "back_button_change_privacy_policy_page": false, "actions_needed_to_reach_privacy_policy": 19, "api_invoked_during_dynamic_analysis": 59187, "app_is_compliant_with_google_play_store": false, "app_analyzed": true, "num_tentative": 2, "different_api_invoked": 52, "privacy_policy_page_detected_google_play": "Error"}