{"md5": "c6faacfc06913b9dfa55f38a6bae7006", "permission_requested": ["android.permission.ACCESS_NETWORK_STATE", "android.permission.WAKE_LOCK", "com.google.android.c2dm.permission.RECEIVE", "android.permission.INTERNET", "com.bigfans.crdeckadvisor.permission.C2D_MESSAGE", "android.permission.RECEIVE_BOOT_COMPLETED", "android.permission.WRITE_EXTERNAL_STORAGE"], "trackers_inside": ["Inmobi", "Google Ads", "Facebook Analytics", "Google DoubleClick", "Google Firebase Analytics", "Facebook Ads", "Flurry"], "execution_time_app_analyzer": 27.01835322380066, "api_to_monitoring_all": 561, "type_analysis": "Droidbot", "max_actions": 20, "timeout": 10, "privacy_policy_page_detected": false, "privacy_policy_page_md5": "N.A", "timeout_privacy_policy_page": false, "home_button_change_privacy_policy_page": false, "back_button_change_privacy_policy_page": false, "actions_needed_to_reach_privacy_policy": 19, "api_invoked_during_dynamic_analysis": 116319, "app_is_compliant_with_google_play_store": false, "app_analyzed": true, "num_tentative": 1, "different_api_invoked": 51, "privacy_policy_page_detected_google_play": true}