{"md5": "c7aee994b633176fb491166c847c4c54", "permission_requested": ["android.permission.READ_EXTERNAL_STORAGE", "android.permission.INTERNET", "android.permission.ACCESS_WIFI_STATE", "android.permission.SYSTEM_ALERT_WINDOW", "android.permission.SYSTEM_OVERLAY_WINDOW", "android.permission.WAKE_LOCK", "android.permission.RECEIVE_BOOT_COMPLETED", "android.permission.GET_TASKS", "com.google.android.apps.photos.permission.GOOGLE_PHOTOS", "android.permission.CAMERA", "com.android.vending.BILLING", "com.google.android.c2dm.permission.RECEIVE", "android.permission.WRITE_EXTERNAL_STORAGE", "com.google.android.finsky.permission.BIND_GET_INSTALL_REFERRER_SERVICE", "android.permission.ACCESS_NETWORK_STATE"], "trackers_inside": ["Facebook Ads", "Twitter MoPub", "Google Firebase Analytics", "Google Ads", "Moat", "Inmobi", "Integral Ad Science", "Google DoubleClick", "Flurry"], "execution_time_app_analyzer": 45.268714904785156, "api_to_monitoring_all": 670, "type_analysis": "Droidbot", "max_actions": 20, "timeout": 10, "privacy_policy_page_detected": false, "privacy_policy_page_md5": "N.A", "timeout_privacy_policy_page": false, "home_button_change_privacy_policy_page": false, "back_button_change_privacy_policy_page": false, "actions_needed_to_reach_privacy_policy": 19, "api_invoked_during_dynamic_analysis": 109003, "app_is_compliant_with_google_play_store": false, "app_analyzed": true, "num_tentative": 1, "different_api_invoked": 34, "privacy_policy_page_detected_google_play": true}