{"md5": "c886a528fc4ec6339f3c37998b20cc23", "permission_requested": ["android.permission.ACCESS_NETWORK_STATE", "android.permission.INTERNET", "android.permission.ACCESS_WIFI_STATE", "android.permission.WAKE_LOCK", "mobi.myvk.permission.C2D_MESSAGE", "android.permission.GET_ACCOUNTS", "android.permission.READ_PHONE_STATE", "android.permission.WRITE_EXTERNAL_STORAGE", "com.google.android.c2dm.permission.RECEIVE"], "trackers_inside": ["Google Analytics", "Google DoubleClick", "Google Ads"], "execution_time_app_analyzer": 19.064750909805298, "api_to_monitoring_all": 242, "type_analysis": "Droidbot", "max_actions": 20, "timeout": 10, "privacy_policy_page_detected": true, "privacy_policy_page_md5": "a0060237e76b1173f3525963dfb2c479", "timeout_privacy_policy_page": false, "home_button_change_privacy_policy_page": true, "back_button_change_privacy_policy_page": true, "actions_needed_to_reach_privacy_policy": 17, "api_invoked_during_dynamic_analysis": 38932, "app_is_compliant_with_google_play_store": false, "app_analyzed": true, "num_tentative": 1, "different_api_invoked": 9, "privacy_policy_contain_explicit_acceptance": true, "privacy_policy_page_detected_google_play": true}