{"md5": "c91ee653959c8b82a57ea40e6f9d50dd", "permission_requested": ["android.permission.DISABLE_KEYGUARD", "android.permission.GET_TASKS", "android.permission.READ_EXTERNAL_STORAGE", "com.google.android.finsky.permission.BIND_GET_INSTALL_REFERRER_SERVICE", "android.permission.WAKE_LOCK", "android.permission.NFC", "com.google.android.c2dm.permission.RECEIVE", "android.permission.MODIFY_AUDIO_SETTINGS", "android.permission.USE_CREDENTIALS", "android.permission.CALL_PHONE", "android.permission.ACCESS_COARSE_LOCATION", "android.permission.READ_PROFILE", "android.permission.RECEIVE_BOOT_COMPLETED", "android.permission.BLUETOOTH", "android.permission.CAPTURE_AUDIO_OUTPUT", "android.permission.VIBRATE", "android.permission.USE_SIP", "android.permission.MANAGE_ACCOUNTS", "android.permission.WRITE_EXTERNAL_STORAGE", "android.permission.CONFIGURE_SIP", "android.permission.WRITE_SETTINGS", "android.permission.BROADCAST_STICKY", "android.permission.WRITE_CONTACTS", "android.permission.GET_ACCOUNTS", "android.permission.BLUETOOTH_ADMIN", "android.permission.SYSTEM_ALERT_WINDOW", "android.permission.INTERNET", "android.permission.ACCESS_FINE_LOCATION", "android.permission.CAMERA", "android.permission.READ_CONTACTS", "android.permission.ACCESS_WIFI_STATE", "android.permission.READ_PHONE_STATE", "android.permission.ACCESS_NETWORK_STATE", "com.android.vending.BILLING", "android.permission.RECORD_AUDIO"], "trackers_inside": ["Google CrashLytics", "Twitter MoPub", "AdColony", "Facebook Ads", "Flurry", "Integral Ad Science", "Google Ads", "AppLovin", "Moat", "Google DoubleClick", "ironSource", "Google Firebase Analytics", "Tapjoy", "Vungle"], "execution_time_app_analyzer": 98.96039032936096, "api_to_monitoring_all": 2173, "type_analysis": "Droidbot", "max_actions": 20, "timeout": 10, "privacy_policy_page_detected": false, "privacy_policy_page_md5": "N.A", "timeout_privacy_policy_page": false, "home_button_change_privacy_policy_page": false, "back_button_change_privacy_policy_page": false, "actions_needed_to_reach_privacy_policy": 19, "api_invoked_during_dynamic_analysis": 0, "app_is_compliant_with_google_play_store": false, "app_analyzed": true, "num_tentative": 2, "privacy_policy_page_detected_google_play": true}