{"md5": "c93a1ee050874ed2a665e8b400d0e0e2", "permission_requested": ["android.permission.REQUEST_IGNORE_BATTERY_OPTIMIZATIONS", "com.android.vending.BILLING", "android.permission.ACCESS_NETWORK_STATE", "android.permission.ACCESS_COARSE_LOCATION", "android.permission.VIBRATE", "com.google.android.c2dm.permission.RECEIVE", "android.permission.WRITE_EXTERNAL_STORAGE", "android.permission.WAKE_LOCK", "android.permission.READ_CONTACTS", "android.permission.RECEIVE_BOOT_COMPLETED", "android.permission.READ_PROFILE", "com.google.android.finsky.permission.BIND_GET_INSTALL_REFERRER_SERVICE", "android.permission.INTERNET"], "trackers_inside": ["Flurry", "Facebook Ads", "AppLovin", "Unity3d Ads", "AdColony", "Amazon Advertisement", "Google Ads", "Integral Ad Science", "Google DoubleClick", "Inmobi", "Twitter MoPub", "Google Analytics", "Moat", "Vungle", "Google Firebase Analytics"], "execution_time_app_analyzer": 60.79539227485657, "api_to_monitoring_all": 1663, "type_analysis": "Droidbot", "max_actions": 20, "timeout": 10, "privacy_policy_page_detected": true, "privacy_policy_page_md5": "0d3d5769e1e3e9ed7c1f6782077af0cf", "timeout_privacy_policy_page": false, "home_button_change_privacy_policy_page": true, "back_button_change_privacy_policy_page": true, "actions_needed_to_reach_privacy_policy": 19, "api_invoked_during_dynamic_analysis": 117063, "app_is_compliant_with_google_play_store": false, "app_analyzed": true, "num_tentative": 2, "different_api_invoked": 69, "privacy_policy_contain_explicit_acceptance": true, "privacy_policy_page_detected_google_play": true}