{"md5": "cb42b610998a26433247f4e42f792f22", "permission_requested": ["com.htc.launcher.permission.READ_SETTINGS", "android.permission.WAKE_LOCK", "com.google.android.apps.photos.permission.GOOGLE_PHOTOS", "com.samsung.wmanager.ENABLE_NOTIFICATION", "com.google.android.providers.gsf.permission.READ_GSERVICES", "android.permission.READ_EXTERNAL_STORAGE", "android.permission.INTERNET", "android.permission.BLUETOOTH", "com.oppo.launcher.permission.WRITE_SETTINGS", "android.permission.AUTHENTICATE_ACCOUNTS", "com.huawei.android.launcher.permission.WRITE_SETTINGS", "android.permission.WRITE_EXTERNAL_STORAGE", "com.majeur.launcher.permission.UPDATE_BADGE", "android.permission.READ_SYNC_SETTINGS", "android.permission.SYSTEM_ALERT_WINDOW", "android.permission.READ_PROFILE", "android.permission.WRITE_SETTINGS", "com.google.android.c2dm.permission.RECEIVE", "android.permission.ACCESS_FINE_LOCATION", "android.permission.READ_PHONE_STATE", "android.permission.READ_SYNC_STATS", "com.android.launcher.permission.UNINSTALL_SHORTCUT", "android.permission.BROADCAST_STICKY", "com.sonyericsson.home.permission.BROADCAST_BADGE", "com.htc.launcher.permission.UPDATE_SHORTCUT", "com.sec.android.provider.badge.permission.WRITE", "com.samsung.WATCH_APP_TYPE.Companion", "android.permission.ACCESS_WIFI_STATE", "android.permission.FOREGROUND_SERVICE", "com.google.android.finsky.permission.BIND_GET_INSTALL_REFERRER_SERVICE", "android.permission.NFC", "android.permission.ACCESS_NETWORK_STATE", "me.everything.badger.permission.BADGE_COUNT_READ", "android.permission.RECORD_AUDIO", "android.permission.BLUETOOTH_ADMIN", "android.permission.MANAGE_ACCOUNTS", "android.permission.ACCESS_COARSE_LOCATION", "android.permission.MODIFY_AUDIO_SETTINGS", "com.huawei.android.launcher.permission.CHANGE_BADGE", "android.permission.GET_ACCOUNTS", "com.huawei.android.launcher.permission.READ_SETTINGS", "com.samsung.accessory.permission.ACCESSORY_FRAMEWORK", "android.permission.RECEIVE_BOOT_COMPLETED", "android.permission.WRITE_SYNC_SETTINGS", "android.permission.VIBRATE", "com.android.launcher.permission.INSTALL_SHORTCUT", "com.samsung.android.providers.context.permission.WRITE_USE_APP_FEATURE_SURVEY", "me.everything.badger.permission.BADGE_COUNT_WRITE", "android.permission.USE_CREDENTIALS", "com.sec.android.provider.badge.permission.READ", "com.oppo.launcher.permission.READ_SETTINGS", "android.permission.WRITE_CONTACTS", "com.android.vending.BILLING", "android.permission.READ_APP_BADGE", "android.permission.READ_CONTACTS", "com.sonymobile.home.permission.PROVIDER_INSERT_BADGE", "com.anddoes.launcher.permission.UPDATE_COUNT"], "trackers_inside": ["Google Ads", "Google CrashLytics", "Facebook Analytics", "Google Firebase Analytics"], "execution_time_app_analyzer": 60.24767708778381, "api_to_monitoring_all": 427, "type_analysis": "Droidbot", "max_actions": 20, "timeout": 10, "privacy_policy_page_detected": true, "privacy_policy_page_md5": "9a95579de70a545d6ce4e7664bf9dfc9", "timeout_privacy_policy_page": false, "home_button_change_privacy_policy_page": false, "back_button_change_privacy_policy_page": false, "actions_needed_to_reach_privacy_policy": 0, "api_invoked_during_dynamic_analysis": 136, "app_is_compliant_with_google_play_store": false, "app_analyzed": true, "num_tentative": 1, "privacy_policy_contain_explicit_acceptance": true, "different_api_invoked": 31, "privacy_policy_page_detected_google_play": true}