{"md5": "cb627fdcf2c5f2695976531e0a51c27b", "permission_requested": ["com.android.vending.BILLING", "android.permission.ACCESS_NETWORK_STATE", "com.google.android.c2dm.permission.RECEIVE", "android.permission.READ_PHONE_STATE", "android.permission.WAKE_LOCK", "com.duellogames.TripTrap_Android.permission.C2D_MESSAGE", "com.google.android.finsky.permission.BIND_GET_INSTALL_REFERRER_SERVICE", "android.permission.INTERNET"], "trackers_inside": ["Google Ads", "Unity3d Ads", "Google DoubleClick", "Google Firebase Analytics"], "execution_time_app_analyzer": 33.0289580821991, "api_to_monitoring_all": 415, "type_analysis": "Droidbot", "max_actions": 20, "timeout": 10, "privacy_policy_page_detected": false, "privacy_policy_page_md5": "N.A", "timeout_privacy_policy_page": false, "home_button_change_privacy_policy_page": false, "back_button_change_privacy_policy_page": false, "actions_needed_to_reach_privacy_policy": 19, "api_invoked_during_dynamic_analysis": 1733, "app_is_compliant_with_google_play_store": false, "app_analyzed": true, "num_tentative": 1, "different_api_invoked": 25, "privacy_policy_page_detected_google_play": true}