{"md5": "ceeef06e180befd4bcb18aac7da79ae4", "permission_requested": ["android.permission.ACCESS_WIFI_STATE", "android.permission.WAKE_LOCK", "android.permission.USE_CREDENTIALS", "android.permission.GET_ACCOUNTS", "android.permission.ACCESS_NETWORK_STATE", "android.permission.RECEIVE_BOOT_COMPLETED", "android.permission.ACCESS_FINE_LOCATION", "com.android.vending.BILLING", "com.google.android.c2dm.permission.RECEIVE", "com.google.android.finsky.permission.BIND_GET_INSTALL_REFERRER_SERVICE", "android.permission.VIBRATE", "android.permission.ACCESS_COARSE_LOCATION", "android.permission.INTERNET", "android.permission.WRITE_EXTERNAL_STORAGE", "android.permission.MANAGE_ACCOUNTS", "android.permission.READ_EXTERNAL_STORAGE", "android.permission.AUTHENTICATE_ACCOUNTS"], "trackers_inside": ["Branch", "Google Firebase Analytics", "Google Ads", "Google CrashLytics"], "execution_time_app_analyzer": 68.82088565826416, "api_to_monitoring_all": 276, "type_analysis": "Droidbot", "max_actions": 20, "timeout": 10, "privacy_policy_page_detected": false, "privacy_policy_page_md5": "N.A", "timeout_privacy_policy_page": false, "home_button_change_privacy_policy_page": false, "back_button_change_privacy_policy_page": false, "actions_needed_to_reach_privacy_policy": 19, "api_invoked_during_dynamic_analysis": 57, "app_is_compliant_with_google_play_store": false, "app_analyzed": true, "num_tentative": 2, "different_api_invoked": 7, "privacy_policy_page_detected_google_play": true}