{"md5": "cefeb41103d67c586aee0a28193e2f85", "permission_requested": ["android.permission.WRITE_CALENDAR", "android.permission.INTERNET", "android.permission.CHANGE_WIFI_MULTICAST_STATE", "android.permission.VIBRATE", "android.permission.SYSTEM_ALERT_WINDOW", "com.android.vending.BILLING", "com.google.android.c2dm.permission.RECEIVE", "com.google.android.providers.gsf.permission.READ_GSERVICES", "android.permission.WRITE_SYNC_SETTINGS", "android.permission.WRITE_CONTACTS", "android.permission.CAMERA", "android.permission.REQUEST_INSTALL_PACKAGES", "android.permission.BLUETOOTH", "com.google.android.c2dm.permission.SEND", "android.permission.WAKE_LOCK", "android.permission.MANAGE_ACCOUNTS", "android.permission.MODIFY_AUDIO_SETTINGS", "com.google.android.finsky.permission.BIND_GET_INSTALL_REFERRER_SERVICE", "android.permission.ACCESS_NETWORK_STATE", "android.permission.ACCESS_GPS", "android.permission.WRITE_EXTERNAL_STORAGE", "android.permission.GET_TASKS", "android.permission.READ_PHONE_STATE", "android.permission.READ_EXTERNAL_STORAGE", "android.permission.FLASHLIGHT", "android.permission.RECORD_AUDIO", "android.permission.ACCESS_LOCATION", "android.permission.READ_CONTACTS", "android.permission.READ_SYNC_SETTINGS", "android.permission.GET_ACCOUNTS", "android.permission.ACCESS_WIFI_STATE", "android.permission.ACCESS_FINE_LOCATION", "android.permission.READ_CALL_LOG", "android.permission.ACCESS_COARSE_LOCATION", "android.permission.READ_CALENDAR", "android.permission.CHANGE_NETWORK_STATE", "com.sonyericsson.home.permission.BROADCAST_BADGE", "android.permission.READ_PROFILE", "android.permission.WRITE_PROFILE", "android.permission.DISABLE_KEYGUARD", "android.permission.AUTHENTICATE_ACCOUNTS", "android.permission.FOREGROUND_SERVICE", "android.permission.WRITE_SETTINGS", "com.android.launcher.permission.INSTALL_SHORTCUT", "android.permission.USE_CREDENTIALS", "android.permission.RECEIVE_BOOT_COMPLETED"], "trackers_inside": ["Google CrashLytics", "Google Ads", "Facebook Ads", "Google DoubleClick", "Facebook Analytics", "Google Analytics", "Google Firebase Analytics"], "execution_time_app_analyzer": 139.93204593658447, "api_to_monitoring_all": 656, "app_analyzed": false, "privacy_policy_page_detected_google_play": true}