{"md5": "cfb8d920bc414ce38ee98fe0b31df5f7", "permission_requested": ["android.permission.READ_EXTERNAL_STORAGE", "android.permission.ACCESS_COARSE_LOCATION", "android.permission.INTERNET", "android.permission.CHANGE_WIFI_STATE", "android.permission.ACCESS_WIFI_STATE", "android.permission.ACCESS_FINE_LOCATION", "android.permission.READ_PHONE_STATE", "android.permission.CHANGE_NETWORK_STATE", "android.permission.REQUEST_IGNORE_BATTERY_OPTIMIZATIONS", "com.android.vending.BILLING", "android.permission.WAKE_LOCK", "android.permission.ACCESS_NETWORK_STATE", "android.permission.WRITE_EXTERNAL_STORAGE", "android.permission.SYSTEM_ALERT_WINDOW", "android.permission.ACCESS_LOCATION_EXTRA_COMMANDS"], "trackers_inside": ["Google Ads", "Google DoubleClick", "Google Analytics", "Google Firebase Analytics"], "execution_time_app_analyzer": 21.08466601371765, "api_to_monitoring_all": 268, "type_analysis": "Droidbot", "max_actions": 20, "timeout": 10, "privacy_policy_page_detected": false, "privacy_policy_page_md5": "N.A", "timeout_privacy_policy_page": false, "home_button_change_privacy_policy_page": false, "back_button_change_privacy_policy_page": false, "actions_needed_to_reach_privacy_policy": 19, "api_invoked_during_dynamic_analysis": 84401, "app_is_compliant_with_google_play_store": false, "app_analyzed": true, "num_tentative": 1, "different_api_invoked": 16, "privacy_policy_page_detected_google_play": true}