{"md5": "d01f516217acc93eb0826ad598ac8ad5", "permission_requested": ["android.permission.ACCESS_WIFI_STATE", "android.permission.WAKE_LOCK", "android.permission.ACCESS_NETWORK_STATE", "android.permission.RECEIVE_BOOT_COMPLETED", "com.android.vending.BILLING", "android.permission.INTERNET", "android.permission.WRITE_EXTERNAL_STORAGE", "android.permission.READ_EXTERNAL_STORAGE"], "trackers_inside": ["Facebook Ads", "Inmobi", "Unity3d Ads", "AppLovin", "GameAnalytics", "Tapjoy", "Vungle", "AdColony", "Google Ads", "Google Firebase Analytics", "Adjust", "Moat", "Google DoubleClick", "Facebook Analytics", "ironSource"], "execution_time_app_analyzer": 38.67845368385315, "api_to_monitoring_all": 2303, "type_analysis": "Droidbot", "max_actions": 20, "timeout": 10, "privacy_policy_page_detected": false, "privacy_policy_page_md5": "N.A", "timeout_privacy_policy_page": false, "home_button_change_privacy_policy_page": false, "back_button_change_privacy_policy_page": false, "actions_needed_to_reach_privacy_policy": 19, "api_invoked_during_dynamic_analysis": 20711, "app_is_compliant_with_google_play_store": false, "app_analyzed": true, "num_tentative": 1, "different_api_invoked": 27, "privacy_policy_page_detected_google_play": true}