{"md5": "d0979fe7d0afa07acd070b41699324ba", "permission_requested": ["android.permission.RECEIVE_BOOT_COMPLETED", "android.permission.ACCESS_WIFI_STATE", "android.permission.INTERNET", "com.google.android.finsky.permission.BIND_GET_INSTALL_REFERRER_SERVICE", "com.android.alarm.permission.SET_ALARM", "android.permission.WAKE_LOCK", "android.permission.READ_EXTERNAL_STORAGE", "android.permission.ACCESS_NETWORK_STATE", "android.permission.WRITE_EXTERNAL_STORAGE", "com.google.android.c2dm.permission.RECEIVE", "com.android.vending.BILLING"], "trackers_inside": ["Google Ads", "Google Firebase Analytics", "Google DoubleClick", "Twitter MoPub", "Moat", "Vungle"], "execution_time_app_analyzer": 39.9473991394043, "api_to_monitoring_all": 399, "type_analysis": "Droidbot", "max_actions": 20, "timeout": 10, "privacy_policy_page_detected": false, "privacy_policy_page_md5": "N.A", "timeout_privacy_policy_page": false, "home_button_change_privacy_policy_page": false, "back_button_change_privacy_policy_page": false, "actions_needed_to_reach_privacy_policy": 19, "api_invoked_during_dynamic_analysis": 0, "app_is_compliant_with_google_play_store": false, "app_analyzed": true, "num_tentative": 1, "privacy_policy_page_detected_google_play": true}