{"md5": "d0ac21b9b384ff6bbf476345e3edf364", "permission_requested": ["android.permission.GET_PACKAGE_SIZE", "com.google.android.gms.permission.ACTIVITY_RECOGNITION", "android.permission.PACKAGE_USAGE_STATS", "android.permission.CAMERA", "com.samsung.android.providers.context.permission.WRITE_USE_APP_FEATURE_SURVEY", "android.permission.BIND_ACCESSIBILITY_SERVICE", "android.permission.WAKE_LOCK", "android.permission.ACCESS_NETWORK_STATE", "com.android.vending.BILLING", "android.permission.GET_TASKS", "android.permission.CHANGE_WIFI_STATE", "android.permission.ACCESS_COARSE_LOCATION", "com.google.android.finsky.permission.BIND_GET_INSTALL_REFERRER_SERVICE", "android.permission.USE_FINGERPRINT", "android.permission.GET_ACCOUNTS", "android.permission.WRITE_EXTERNAL_STORAGE", "com.google.android.c2dm.permission.RECEIVE", "android.permission.VIBRATE", "android.permission.RECEIVE_BOOT_COMPLETED", "android.permission.ACCESS_WIFI_STATE", "android.permission.INTERNET"], "trackers_inside": ["Google Ads", "Google Firebase Analytics", "Google Analytics", "Facebook Analytics", "Google DoubleClick", "Facebook Ads", "Twitter MoPub", "Inmobi", "Flurry", "Moat", "Integral Ad Science"], "execution_time_app_analyzer": 53.78786826133728, "api_to_monitoring_all": 786, "type_analysis": "Droidbot", "max_actions": 20, "timeout": 10, "privacy_policy_page_detected": false, "privacy_policy_page_md5": "N.A", "timeout_privacy_policy_page": false, "home_button_change_privacy_policy_page": false, "back_button_change_privacy_policy_page": false, "actions_needed_to_reach_privacy_policy": 19, "api_invoked_during_dynamic_analysis": 79048, "app_is_compliant_with_google_play_store": false, "app_analyzed": true, "num_tentative": 1, "different_api_invoked": 60, "privacy_policy_page_detected_google_play": true}