{"md5": "d118ed49af54e8a365319f69319beb4e", "permission_requested": ["android.permission.ACCESS_LOCATION", "com.google.android.finsky.permission.BIND_GET_INSTALL_REFERRER_SERVICE", "com.google.android.c2dm.permission.RECEIVE", "android.permission.CHANGE_WIFI_STATE", "android.permission.READ_CONTACTS", "android.permission.READ_PHONE_STATE", "android.permission.WRITE_EXTERNAL_STORAGE", "com.google.android.providers.gsf.permission.READ_GSERVICES", "android.permission.REQUEST_INSTALL_PACKAGES", "android.permission.ACCESS_WIFI_STATE", "android.permission.CHANGE_NETWORK_STATE", "android.permission.RECORD_AUDIO", "android.permission.ACCESS_FINE_LOCATION", "android.permission.INTERNET", "android.permission.ACCESS_NETWORK_STATE", "android.permission.READ_EXTERNAL_STORAGE", "android.permission.CAMERA", "android.permission.ACCESS_COARSE_LOCATION", "android.permission.WAKE_LOCK"], "trackers_inside": ["AppsFlyer", "Google Firebase Analytics", "Google Ads", "Google CrashLytics"], "execution_time_app_analyzer": 41.37461876869202, "api_to_monitoring_all": 444, "type_analysis": "Droidbot", "max_actions": 20, "timeout": 10, "privacy_policy_page_detected": false, "privacy_policy_page_md5": "N.A", "timeout_privacy_policy_page": false, "home_button_change_privacy_policy_page": false, "back_button_change_privacy_policy_page": false, "actions_needed_to_reach_privacy_policy": 19, "api_invoked_during_dynamic_analysis": 612, "app_is_compliant_with_google_play_store": false, "app_analyzed": true, "num_tentative": 2, "different_api_invoked": 12, "privacy_policy_page_detected_google_play": true}