{"md5": "d347b7f3aba3e1d01d15fb775fb62a48", "permission_requested": ["android.permission.WRITE_EXTERNAL_STORAGE", "com.google.android.finsky.permission.BIND_GET_INSTALL_REFERRER_SERVICE", "android.permission.ACCESS_WIFI_STATE", "android.permission.SET_WALLPAPER_HINTS", "com.google.android.c2dm.permission.RECEIVE", "android.permission.ACCESS_NETWORK_STATE", "android.permission.WAKE_LOCK", "android.permission.SET_WALLPAPER", "android.permission.INTERNET"], "trackers_inside": ["Google Ads", "Google DoubleClick", "Google Firebase Analytics"], "execution_time_app_analyzer": 35.4428448677063, "api_to_monitoring_all": 229, "app_analyzed": false, "privacy_policy_page_detected_google_play": true}