{"md5": "d46b3cc20d27c13166939fa3def763b5", "permission_requested": ["com.huawei.android.launcher.permission.READ_SETTINGS", "me.everything.badger.permission.BADGE_COUNT_READ", "android.permission.ACCESS_NETWORK_STATE", "com.oppo.launcher.permission.READ_SETTINGS", "com.sec.android.provider.badge.permission.WRITE", "com.sonymobile.home.permission.PROVIDER_INSERT_BADGE", "com.majeur.launcher.permission.UPDATE_BADGE", "android.permission.ACCESS_WIFI_STATE", "android.permission.SYSTEM_ALERT_WINDOW", "android.permission.VIBRATE", "android.permission.WRITE_EXTERNAL_STORAGE", "android.permission.READ_EXTERNAL_STORAGE", "com.huawei.android.launcher.permission.WRITE_SETTINGS", "com.anddoes.launcher.permission.UPDATE_COUNT", "android.permission.WRITE_SETTINGS", "android.permission.RECEIVE_BOOT_COMPLETED", "android.permission.SET_WALLPAPER", "com.sec.android.provider.badge.permission.READ", "me.everything.badger.permission.BADGE_COUNT_WRITE", "com.google.android.finsky.permission.BIND_GET_INSTALL_REFERRER_SERVICE", "android.permission.SET_WALLPAPER_HINTS", "com.huawei.android.launcher.permission.CHANGE_BADGE", "android.permission.CHANGE_WIFI_STATE", "com.htc.launcher.permission.UPDATE_SHORTCUT", "com.android.launcher.permission.INSTALL_SHORTCUT", "com.htc.launcher.permission.READ_SETTINGS", "android.permission.READ_APP_BADGE", "com.android.launcher.permission.UNINSTALL_SHORTCUT", "com.google.android.c2dm.permission.RECEIVE", "android.permission.BATTERY_STATS", "android.permission.INTERNET", "android.permission.WAKE_LOCK", "com.sonyericsson.home.permission.BROADCAST_BADGE", "com.ikeyboard.theme.FlamingSkull.permission.C2D_MESSAGE", "com.oppo.launcher.permission.WRITE_SETTINGS"], "trackers_inside": ["Google Firebase Analytics", "Google Ads", "Google DoubleClick"], "execution_time_app_analyzer": 20.344770193099976, "api_to_monitoring_all": 237, "type_analysis": "Droidbot", "max_actions": 20, "timeout": 10, "privacy_policy_page_detected": false, "privacy_policy_page_md5": "N.A", "timeout_privacy_policy_page": false, "home_button_change_privacy_policy_page": false, "back_button_change_privacy_policy_page": false, "actions_needed_to_reach_privacy_policy": 19, "api_invoked_during_dynamic_analysis": 137465, "app_is_compliant_with_google_play_store": false, "app_analyzed": true, "num_tentative": 1, "different_api_invoked": 10, "privacy_policy_page_detected_google_play": true}