{"md5": "d5402cb8632c8f5357998715f9a4827c", "permission_requested": ["android.permission.INTERNET", "com.android.vending.BILLING", "android.permission.ACCESS_NETWORK_STATE", "com.google.android.finsky.permission.BIND_GET_INSTALL_REFERRER_SERVICE", "android.permission.WAKE_LOCK", "com.google.android.c2dm.permission.RECEIVE"], "trackers_inside": ["Google Ads", "Google DoubleClick", "Google CrashLytics", "Google Firebase Analytics"], "execution_time_app_analyzer": 68.99783182144165, "api_to_monitoring_all": 224, "type_analysis": "Droidbot", "max_actions": 20, "timeout": 10, "privacy_policy_page_detected": false, "privacy_policy_page_md5": "N.A", "timeout_privacy_policy_page": false, "home_button_change_privacy_policy_page": false, "back_button_change_privacy_policy_page": false, "actions_needed_to_reach_privacy_policy": 19, "api_invoked_during_dynamic_analysis": 6, "app_is_compliant_with_google_play_store": false, "app_analyzed": true, "num_tentative": 1, "different_api_invoked": 4, "privacy_policy_page_detected_google_play": true}