{"md5": "d59bb0328f43461e14717216356cd26f", "permission_requested": ["android.permission.ACCESS_NETWORK_STATE", "android.permission.VIBRATE", "android.permission.INTERNET", "android.permission.WAKE_LOCK"], "trackers_inside": ["Google Ads", "Google Analytics"], "execution_time_app_analyzer": 12.65715742111206, "api_to_monitoring_all": 164, "type_analysis": "Droidbot", "max_actions": 20, "timeout": 10, "privacy_policy_page_detected": true, "privacy_policy_page_md5": "3a9365cc9b8b458a2baaf2ef7d98d261", "timeout_privacy_policy_page": false, "home_button_change_privacy_policy_page": false, "back_button_change_privacy_policy_page": false, "actions_needed_to_reach_privacy_policy": 0, "api_invoked_during_dynamic_analysis": 58, "app_is_compliant_with_google_play_store": false, "app_analyzed": true, "num_tentative": 1, "different_api_invoked": 5, "privacy_policy_contain_explicit_acceptance": true, "privacy_policy_page_detected_google_play": true}