{"md5": "d5ad2ca4ac913d34efc1e8b7848558ba", "permission_requested": ["android.permission.INTERNET", "android.permission.ACCESS_WIFI_STATE", "com.google.android.finsky.permission.BIND_GET_INSTALL_REFERRER_SERVICE", "android.permission.RECEIVE_BOOT_COMPLETED", "com.google.android.c2dm.permission.RECEIVE", "com.android.vending.BILLING", "android.permission.CAMERA", "android.permission.WAKE_LOCK", "android.permission.WRITE_EXTERNAL_STORAGE", "android.permission.ACCESS_NETWORK_STATE"], "trackers_inside": ["Facebook Analytics", "Google Ads", "Google DoubleClick", "Facebook Ads", "Flurry", "Google Analytics", "Inmobi", "Google Firebase Analytics"], "execution_time_app_analyzer": 62.76169991493225, "api_to_monitoring_all": 602, "type_analysis": "Droidbot", "max_actions": 20, "timeout": 10, "privacy_policy_page_detected": false, "privacy_policy_page_md5": "N.A", "timeout_privacy_policy_page": false, "home_button_change_privacy_policy_page": false, "back_button_change_privacy_policy_page": false, "actions_needed_to_reach_privacy_policy": 19, "api_invoked_during_dynamic_analysis": 105326, "app_is_compliant_with_google_play_store": false, "app_analyzed": true, "num_tentative": 1, "different_api_invoked": 62, "privacy_policy_page_detected_google_play": true}