{"md5": "d5cdbe282d837d529611520cdc86cf37", "permission_requested": ["android.permission.ACCESS_COARSE_LOCATION", "android.permission.RECEIVE_BOOT_COMPLETED", "android.permission.INTERNET", "android.permission.ACCESS_FINE_LOCATION", "com.google.android.c2dm.permission.RECEIVE", "android.permission.ACCESS_WIFI_STATE", "android.permission.VIBRATE", "android.permission.ACCESS_NETWORK_STATE", "android.permission.WRITE_EXTERNAL_STORAGE", "com.android.vending.BILLING", "android.permission.WAKE_LOCK", "com.google.android.finsky.permission.BIND_GET_INSTALL_REFERRER_SERVICE", "android.permission.READ_EXTERNAL_STORAGE", "android.permission.FOREGROUND_SERVICE", "com.google.android.gms.permission.ACTIVITY_RECOGNITION", "com.google.android.providers.gsf.permission.READ_GSERVICES"], "trackers_inside": ["Google Analytics", "Facebook Ads", "Integral Ad Science", "Google Ads", "AppLovin", "Moat", "Google DoubleClick", "ironSource", "Google Firebase Analytics", "Facebook Analytics", "Inmobi"], "execution_time_app_analyzer": 108.40615892410278, "api_to_monitoring_all": 1781, "type_analysis": "Droidbot", "max_actions": 20, "timeout": 10, "privacy_policy_page_detected": false, "privacy_policy_page_md5": "N.A", "timeout_privacy_policy_page": false, "home_button_change_privacy_policy_page": false, "back_button_change_privacy_policy_page": false, "actions_needed_to_reach_privacy_policy": 19, "api_invoked_during_dynamic_analysis": 0, "app_is_compliant_with_google_play_store": false, "app_analyzed": true, "num_tentative": 2, "privacy_policy_page_detected_google_play": true}