{"md5": "d6620054480c527ea02fa934c0cabaab", "permission_requested": ["com.google.android.c2dm.permission.RECEIVE", "android.permission.INTERNET", "android.permission.ACCESS_NETWORK_STATE", "android.permission.WAKE_LOCK", "com.modernenglishstudio.HowToSpeak.permission.C2D_MESSAGE"], "trackers_inside": ["Google Firebase Analytics", "Google Ads", "Google DoubleClick"], "execution_time_app_analyzer": 21.535677909851074, "api_to_monitoring_all": 201, "app_analyzed": false, "privacy_policy_page_detected_google_play": true}