{"md5": "d75682f59e20968f3ec9ce42c66c2639", "permission_requested": ["com.anonytun.android.permission.C2D_MESSAGE", "com.sonyericsson.home.permission.BROADCAST_BADGE", "android.permission.READ_EXTERNAL_STORAGE", "com.android.vending.BILLING", "com.google.android.c2dm.permission.RECEIVE", "android.permission.WAKE_LOCK", "com.oppo.launcher.permission.WRITE_SETTINGS", "com.huawei.android.launcher.permission.CHANGE_BADGE", "me.everything.badger.permission.BADGE_COUNT_READ", "com.huawei.android.launcher.permission.READ_SETTINGS", "android.permission.RECEIVE_BOOT_COMPLETED", "android.permission.WRITE_EXTERNAL_STORAGE", "com.majeur.launcher.permission.UPDATE_BADGE", "com.huawei.android.launcher.permission.WRITE_SETTINGS", "com.sonymobile.home.permission.PROVIDER_INSERT_BADGE", "me.everything.badger.permission.BADGE_COUNT_WRITE", "android.permission.READ_APP_BADGE", "com.oppo.launcher.permission.READ_SETTINGS", "com.sec.android.provider.badge.permission.WRITE", "android.permission.INTERNET", "com.sec.android.provider.badge.permission.READ", "com.google.android.finsky.permission.BIND_GET_INSTALL_REFERRER_SERVICE", "com.htc.launcher.permission.UPDATE_SHORTCUT", "android.permission.ACCESS_NETWORK_STATE", "android.permission.ACCESS_WIFI_STATE", "com.htc.launcher.permission.READ_SETTINGS", "com.anddoes.launcher.permission.UPDATE_COUNT", "android.permission.VIBRATE", "android.permission.FOREGROUND_SERVICE"], "trackers_inside": ["Google Firebase Analytics", "Google Ads"], "execution_time_app_analyzer": 20.831753253936768, "api_to_monitoring_all": 186, "app_analyzed": false, "privacy_policy_page_detected_google_play": true}