{"md5": "d7abf7149cdcb1c64268cf6a6964f760", "permission_requested": ["android.permission.ACCESS_NETWORK_STATE", "android.permission.WAKE_LOCK", "com.google.android.c2dm.permission.RECEIVE", "android.permission.ACCESS_COARSE_LOCATION", "android.permission.INTERNET", "com.android.vending.BILLING", "android.permission.WRITE_EXTERNAL_STORAGE", "com.google.android.finsky.permission.BIND_GET_INSTALL_REFERRER_SERVICE", "android.permission.FOREGROUND_SERVICE"], "trackers_inside": ["Moat", "Google Ads", "Google Firebase Analytics", "Integral Ad Science", "Google CrashLytics", "Twitter MoPub"], "execution_time_app_analyzer": 33.42833590507507, "api_to_monitoring_all": 351, "type_analysis": "Droidbot", "max_actions": 20, "timeout": 10, "privacy_policy_page_detected": false, "privacy_policy_page_md5": "N.A", "timeout_privacy_policy_page": false, "home_button_change_privacy_policy_page": false, "back_button_change_privacy_policy_page": false, "actions_needed_to_reach_privacy_policy": 19, "api_invoked_during_dynamic_analysis": 1464, "app_is_compliant_with_google_play_store": false, "app_analyzed": true, "num_tentative": 2, "different_api_invoked": 27, "privacy_policy_page_detected_google_play": true}