{"md5": "d827a77183451d1693a4507e938c115e", "permission_requested": ["android.permission.ACCESS_NETWORK_STATE", "android.permission.ACCESS_FINE_LOCATION", "android.permission.READ_PHONE_STATE", "android.permission.ACCESS_COARSE_LOCATION", "android.permission.WAKE_LOCK", "com.google.android.c2dm.permission.RECEIVE", "android.permission.READ_EXTERNAL_STORAGE", "android.permission.INTERNET", "com.android.vending.BILLING", "android.permission.CHANGE_WIFI_STATE", "android.permission.RECEIVE_BOOT_COMPLETED", "android.permission.GET_PACKAGE_SIZE", "android.permission.WRITE_EXTERNAL_STORAGE", "com.google.android.finsky.permission.BIND_GET_INSTALL_REFERRER_SERVICE", "android.permission.ACCESS_WIFI_STATE", "android.permission.FOREGROUND_SERVICE", "android.permission.CLEAR_APP_CACHE"], "trackers_inside": ["Google Ads", "Google DoubleClick", "Google Firebase Analytics"], "execution_time_app_analyzer": 21.31089949607849, "api_to_monitoring_all": 255, "type_analysis": "Droidbot", "max_actions": 20, "timeout": 10, "privacy_policy_page_detected": true, "privacy_policy_page_md5": "150db97f1c01f546ceb06ff85c8f65c5", "timeout_privacy_policy_page": false, "home_button_change_privacy_policy_page": true, "back_button_change_privacy_policy_page": true, "actions_needed_to_reach_privacy_policy": 0, "api_invoked_during_dynamic_analysis": 23523, "app_is_compliant_with_google_play_store": false, "app_analyzed": true, "num_tentative": 1, "privacy_policy_contain_explicit_acceptance": true, "different_api_invoked": 22, "privacy_policy_page_detected_google_play": true}