{"md5": "da43739b16c0d29d38d1c382791baf86", "permission_requested": ["com.android.vending.CHECK_LICENSE", "android.permission.ACCESS_COARSE_LOCATION", "android.permission.INTERNET", "com.google.android.c2dm.permission.RECEIVE", "android.permission.ACCESS_FINE_LOCATION", "android.permission.ACCESS_WIFI_STATE", "com.fluik.Explosions.permission.C2D_MESSAGE", "android.permission.READ_PHONE_STATE", "android.permission.ACCESS_NETWORK_STATE", "android.permission.WRITE_EXTERNAL_STORAGE", "com.android.vending.BILLING", "android.permission.VIBRATE", "android.permission.WAKE_LOCK"], "trackers_inside": ["Google CrashLytics", "Twitter MoPub", "Google Analytics", "AdColony", "Facebook Ads", "Flurry", "Unity3d Ads", "Integral Ad Science", "Google Ads", "Amazon Advertisement", "Moat", "Inmobi", "Tapjoy", "Vungle"], "execution_time_app_analyzer": 33.35892152786255, "api_to_monitoring_all": 1296, "type_analysis": "Droidbot", "max_actions": 20, "timeout": 10, "privacy_policy_page_detected": false, "privacy_policy_page_md5": "N.A", "timeout_privacy_policy_page": false, "home_button_change_privacy_policy_page": false, "back_button_change_privacy_policy_page": false, "actions_needed_to_reach_privacy_policy": 19, "api_invoked_during_dynamic_analysis": 3536, "app_is_compliant_with_google_play_store": false, "app_analyzed": true, "num_tentative": 1, "different_api_invoked": 76, "privacy_policy_page_detected_google_play": true}