{"md5": "da9d8b7b7f749cb5f07baf2b1e46470e", "permission_requested": ["android.permission.INTERNET", "com.android.vending.BILLING", "android.permission.ACCESS_NETWORK_STATE", "com.google.android.finsky.permission.BIND_GET_INSTALL_REFERRER_SERVICE", "android.permission.RECORD_AUDIO", "android.permission.WAKE_LOCK", "com.google.android.c2dm.permission.RECEIVE", "android.permission.ACCESS_WIFI_STATE"], "trackers_inside": ["Google Analytics", "Flurry", "Unity3d Ads", "Google CrashLytics", "Facebook Ads", "Facebook Analytics", "Google Firebase Analytics", "Google Ads", "Google DoubleClick"], "execution_time_app_analyzer": 51.928746938705444, "api_to_monitoring_all": 811, "type_analysis": "Droidbot", "max_actions": 20, "timeout": 10, "privacy_policy_page_detected": false, "privacy_policy_page_md5": "N.A", "timeout_privacy_policy_page": false, "home_button_change_privacy_policy_page": false, "back_button_change_privacy_policy_page": false, "actions_needed_to_reach_privacy_policy": 19, "api_invoked_during_dynamic_analysis": 0, "app_is_compliant_with_google_play_store": false, "app_analyzed": true, "num_tentative": 2, "privacy_policy_page_detected_google_play": true}