{"md5": "db5b00d0706b8bbdc12565bbdf3166e8", "permission_requested": ["com.android.vending.BILLING", "android.permission.INTERNET", "android.permission.ACCESS_NETWORK_STATE"], "trackers_inside": ["Google DoubleClick", "Google Ads"], "execution_time_app_analyzer": 13.926321268081665, "api_to_monitoring_all": 166, "type_analysis": "Droidbot", "max_actions": 20, "timeout": 10, "privacy_policy_page_detected": false, "privacy_policy_page_md5": "N.A", "timeout_privacy_policy_page": false, "home_button_change_privacy_policy_page": false, "back_button_change_privacy_policy_page": false, "actions_needed_to_reach_privacy_policy": 19, "api_invoked_during_dynamic_analysis": 692, "app_is_compliant_with_google_play_store": false, "app_analyzed": true, "num_tentative": 1, "different_api_invoked": 9, "privacy_policy_page_detected_google_play": false}