{"md5": "dbb11805e3a18199750173ba9f7a5716", "permission_requested": ["android.permission.GET_ACCOUNTS", "android.permission.ACCESS_FINE_LOCATION", "android.permission.NFC", "android.permission.USE_CREDENTIALS", "android.permission.AUTHENTICATE_ACCOUNTS", "android.permission.ACCESS_NETWORK_STATE", "android.permission.VIBRATE", "com.android.vending.BILLING", "android.permission.INTERNET", "android.permission.READ_EXTERNAL_STORAGE", "android.permission.MANAGE_ACCOUNTS", "android.permission.EXPAND_STATUS_BAR", "com.android.launcher.permission.INSTALL_SHORTCUT", "android.permission.WRITE_SYNC_SETTINGS", "android.permission.WRITE_CALENDAR", "android.permission.READ_CONTACTS", "com.google.android.providers.gsf.permission.READ_GSERVICES", "android.permission.WRITE_EXTERNAL_STORAGE", "com.google.android.finsky.permission.BIND_GET_INSTALL_REFERRER_SERVICE", "android.permission.FOREGROUND_SERVICE", "android.permission.ACCESS_WIFI_STATE", "com.android.launcher.permission.UNINSTALL_SHORTCUT", "com.todoroo.astrid.READ", "android.permission.READ_CALENDAR", "com.google.android.c2dm.permission.RECEIVE", "android.permission.ACCESS_COARSE_LOCATION", "android.permission.RECEIVE_BOOT_COMPLETED", "android.permission.READ_PHONE_STATE", "android.permission.RECORD_AUDIO", "android.permission.WAKE_LOCK"], "trackers_inside": ["Google Ads", "Google Firebase Analytics", "Facebook Analytics", "Google CrashLytics"], "execution_time_app_analyzer": 102.4865837097168, "api_to_monitoring_all": 319, "type_analysis": "Droidbot", "max_actions": 20, "timeout": 10, "privacy_policy_page_detected": false, "privacy_policy_page_md5": "N.A", "timeout_privacy_policy_page": false, "home_button_change_privacy_policy_page": false, "back_button_change_privacy_policy_page": false, "actions_needed_to_reach_privacy_policy": 19, "api_invoked_during_dynamic_analysis": 0, "app_is_compliant_with_google_play_store": false, "app_analyzed": true, "num_tentative": 2, "privacy_policy_page_detected_google_play": true}