{"md5": "dc14fe99d71a3a84d41865b0d770b3e4", "permission_requested": ["android.permission.ACCESS_NETWORK_STATE", "android.permission.ACCESS_FINE_LOCATION", "com.google.android.providers.gsf.permission.READ_GSERVICES", "com.kcbbankgroup.android.ACCESS", "android.permission.READ_PHONE_STATE", "android.permission.CALL_PHONE", "android.permission.VIBRATE", "com.google.android.c2dm.permission.RECEIVE", "android.permission.WAKE_LOCK", "android.permission.INTERNET", "android.permission.ACCESS_COARSE_LOCATION", "android.permission.READ_CONTACTS", "com.google.android.finsky.permission.BIND_GET_INSTALL_REFERRER_SERVICE", "android.permission.CAMERA", "android.permission.WRITE_EXTERNAL_STORAGE"], "trackers_inside": [], "execution_time_app_analyzer": 0.23438215255737305, "api_to_monitoring_all": 60, "app_analyzed": false, "privacy_policy_page_detected_google_play": true}