{"md5": "dd25483d6fe514510e85634d9eac7b8f", "permission_requested": ["android.permission.ACCESS_NETWORK_STATE", "android.permission.SYSTEM_ALERT_WINDOW", "android.permission.USE_CREDENTIALS", "com.invoice2go.invoice2goplus.permission.C2D_MESSAGE", "android.permission.MANAGE_ACCOUNTS", "android.permission.ACCESS_FINE_LOCATION", "android.permission.WAKE_LOCK", "com.google.android.c2dm.permission.RECEIVE", "com.google.android.providers.gsf.permission.READ_GSERVICES", "android.permission.GET_ACCOUNTS", "android.permission.INTERNET", "com.android.vending.BILLING", "android.permission.AUTHENTICATE_ACCOUNTS", "android.permission.READ_CONTACTS", "android.permission.WRITE_EXTERNAL_STORAGE", "com.google.android.finsky.permission.BIND_GET_INSTALL_REFERRER_SERVICE", "android.permission.ACCESS_WIFI_STATE", "android.permission.FOREGROUND_SERVICE"], "trackers_inside": ["Adjust", "Google Ads", "Facebook Analytics", "Google Firebase Analytics", "Google CrashLytics"], "execution_time_app_analyzer": 87.3655047416687, "api_to_monitoring_all": 350, "type_analysis": "Droidbot", "max_actions": 20, "timeout": 10, "privacy_policy_page_detected": false, "privacy_policy_page_md5": "N.A", "timeout_privacy_policy_page": false, "home_button_change_privacy_policy_page": false, "back_button_change_privacy_policy_page": false, "actions_needed_to_reach_privacy_policy": 19, "api_invoked_during_dynamic_analysis": 0, "app_is_compliant_with_google_play_store": false, "app_analyzed": true, "num_tentative": 1, "privacy_policy_page_detected_google_play": true}