{"md5": "dd2fad708ff2f5d5ec9eada385474e05", "permission_requested": ["com.anddoes.launcher.permission.UPDATE_COUNT", "com.oppo.launcher.permission.READ_SETTINGS", "android.permission.WRITE_EXTERNAL_STORAGE", "com.google.android.providers.gsf.permission.READ_GSERVICES", "com.huawei.android.launcher.permission.READ_SETTINGS", "android.permission.READ_PHONE_STATE", "com.htc.launcher.permission.UPDATE_SHORTCUT", "android.permission.ACCESS_WIFI_STATE", "android.permission.ACCESS_FINE_LOCATION", "com.htc.launcher.permission.READ_SETTINGS", "android.permission.INTERNET", "android.permission.READ_EXTERNAL_STORAGE", "com.sec.android.provider.badge.permission.READ", "com.oppo.launcher.permission.WRITE_SETTINGS", "com.majeur.launcher.permission.UPDATE_BADGE", "me.everything.badger.permission.BADGE_COUNT_WRITE", "com.google.android.finsky.permission.BIND_GET_INSTALL_REFERRER_SERVICE", "com.google.android.c2dm.permission.RECEIVE", "com.sonyericsson.home.permission.BROADCAST_BADGE", "com.huawei.android.launcher.permission.WRITE_SETTINGS", "me.everything.badger.permission.BADGE_COUNT_READ", "com.huawei.android.launcher.permission.CHANGE_BADGE", "android.permission.FOREGROUND_SERVICE", "com.sonymobile.home.permission.PROVIDER_INSERT_BADGE", "com.sec.android.provider.badge.permission.WRITE", "android.permission.WAKE_LOCK", "com.zameen.zameenapp.permission.C2D_MESSAGE", "android.permission.READ_APP_BADGE", "android.permission.VIBRATE", "android.permission.RECEIVE_BOOT_COMPLETED", "android.permission.ACCESS_NETWORK_STATE"], "trackers_inside": ["Google Firebase Analytics", "Google Ads", "Google CrashLytics", "Facebook Analytics", "Google Analytics"], "execution_time_app_analyzer": 104.56038570404053, "api_to_monitoring_all": 331, "type_analysis": "Droidbot", "max_actions": 20, "timeout": 10, "privacy_policy_page_detected": false, "privacy_policy_page_md5": "N.A", "timeout_privacy_policy_page": false, "home_button_change_privacy_policy_page": false, "back_button_change_privacy_policy_page": false, "actions_needed_to_reach_privacy_policy": 19, "api_invoked_during_dynamic_analysis": 0, "app_is_compliant_with_google_play_store": false, "app_analyzed": true, "num_tentative": 1, "privacy_policy_page_detected_google_play": true}