{"md5": "deb67f936187a2e55153c779a476d31f", "permission_requested": ["android.permission.ACCESS_NETWORK_STATE", "android.permission.ACCESS_WIFI_STATE", "android.permission.WAKE_LOCK", "com.android.vending.BILLING", "android.permission.SYSTEM_ALERT_WINDOW", "android.permission.FOREGROUND_SERVICE", "android.permission.INTERNET"], "trackers_inside": ["Twitter MoPub", "Google Ads", "Google DoubleClick"], "execution_time_app_analyzer": 18.694122791290283, "api_to_monitoring_all": 280, "type_analysis": "Droidbot", "max_actions": 20, "timeout": 10, "privacy_policy_page_detected": false, "privacy_policy_page_md5": "N.A", "timeout_privacy_policy_page": false, "home_button_change_privacy_policy_page": false, "back_button_change_privacy_policy_page": false, "actions_needed_to_reach_privacy_policy": 19, "api_invoked_during_dynamic_analysis": 79, "app_is_compliant_with_google_play_store": false, "app_analyzed": true, "num_tentative": 1, "different_api_invoked": 8, "privacy_policy_page_detected_google_play": "Error"}