{"md5": "def846299745c4d145e0c08dd5dc8f15", "permission_requested": ["android.permission.RECEIVE_BOOT_COMPLETED", "android.permission.READ_EXTERNAL_STORAGE", "android.permission.FOREGROUND_SERVICE", "android.permission.USE_FINGERPRINT", "android.permission.USE_CREDENTIALS", "com.android.launcher.permission.INSTALL_SHORTCUT", "android.permission.ACCESS_NETWORK_STATE", "android.permission.INTERNET"], "trackers_inside": [], "execution_time_app_analyzer": 25.066739320755005, "api_to_monitoring_all": 47, "type_analysis": "Droidbot", "max_actions": 20, "timeout": 10, "privacy_policy_page_detected": false, "privacy_policy_page_md5": "N.A", "timeout_privacy_policy_page": false, "home_button_change_privacy_policy_page": false, "back_button_change_privacy_policy_page": false, "actions_needed_to_reach_privacy_policy": 19, "api_invoked_during_dynamic_analysis": 0, "app_is_compliant_with_google_play_store": false, "app_analyzed": true, "num_tentative": 2, "privacy_policy_page_detected_google_play": true}