{"md5": "df3233c173a9a3c6686fbc65849102b6", "permission_requested": ["android.permission.ACCESS_NETWORK_STATE", "android.permission.WRITE_INTERNAL_STORAGE", "android.permission.WAKE_LOCK", "com.google.android.c2dm.permission.RECEIVE", "android.permission.READ_EXTERNAL_STORAGE", "android.permission.INTERNET", "android.permission.WRITE_EXTERNAL_STORAGE", "com.google.android.finsky.permission.BIND_GET_INSTALL_REFERRER_SERVICE"], "trackers_inside": ["Google Ads", "Google DoubleClick", "Google Firebase Analytics", "Facebook Ads"], "execution_time_app_analyzer": 36.67989444732666, "api_to_monitoring_all": 389, "type_analysis": "Droidbot", "max_actions": 20, "timeout": 10, "privacy_policy_page_detected": false, "privacy_policy_page_md5": "N.A", "timeout_privacy_policy_page": false, "home_button_change_privacy_policy_page": false, "back_button_change_privacy_policy_page": false, "actions_needed_to_reach_privacy_policy": 19, "api_invoked_during_dynamic_analysis": 93422, "app_is_compliant_with_google_play_store": false, "app_analyzed": true, "num_tentative": 1, "different_api_invoked": 61, "privacy_policy_page_detected_google_play": true}