{"md5": "df3d760860e7b4afb475cb04adc3f440", "permission_requested": ["android.permission.FOREGROUND_SERVICE", "android.permission.WAKE_LOCK", "android.permission.USE_CREDENTIALS", "android.permission.GET_ACCOUNTS", "android.permission.ACCESS_NETWORK_STATE", "android.permission.ACCESS_FINE_LOCATION", "com.google.android.finsky.permission.BIND_GET_INSTALL_REFERRER_SERVICE", "com.google.android.c2dm.permission.RECEIVE", "android.permission.INTERNET", "android.permission.WRITE_EXTERNAL_STORAGE", "com.google.android.providers.gsf.permission.READ_GSERVICES", "android.permission.MANAGE_ACCOUNTS", "android.permission.AUTHENTICATE_ACCOUNTS"], "trackers_inside": ["Google Analytics", "Google Firebase Analytics", "Google Ads", "Google CrashLytics"], "execution_time_app_analyzer": 62.37270164489746, "api_to_monitoring_all": 205, "type_analysis": "Droidbot", "max_actions": 20, "timeout": 10, "privacy_policy_page_detected": false, "privacy_policy_page_md5": "N.A", "timeout_privacy_policy_page": false, "home_button_change_privacy_policy_page": false, "back_button_change_privacy_policy_page": false, "actions_needed_to_reach_privacy_policy": 19, "api_invoked_during_dynamic_analysis": 312, "app_is_compliant_with_google_play_store": false, "app_analyzed": true, "num_tentative": 1, "different_api_invoked": 16, "privacy_policy_page_detected_google_play": true}