{"md5": "dfa3b4b5bcfabc6a0572c8bc4f2f0bd4", "permission_requested": ["android.permission.VIBRATE", "android.permission.INTERNET", "com.google.android.finsky.permission.BIND_GET_INSTALL_REFERRER_SERVICE", "android.permission.WAKE_LOCK", "android.permission.ACCESS_NETWORK_STATE", "com.google.android.c2dm.permission.RECEIVE"], "trackers_inside": ["Google DoubleClick", "Google CrashLytics", "Google Ads", "Google Firebase Analytics"], "execution_time_app_analyzer": 29.607990026474, "api_to_monitoring_all": 224, "type_analysis": "Droidbot", "max_actions": 20, "timeout": 10, "privacy_policy_page_detected": true, "privacy_policy_page_md5": "21a344f8bfc5e1d2fd6fc1ae7c4b3bf1", "timeout_privacy_policy_page": false, "home_button_change_privacy_policy_page": true, "back_button_change_privacy_policy_page": true, "actions_needed_to_reach_privacy_policy": 0, "api_invoked_during_dynamic_analysis": 11755, "app_is_compliant_with_google_play_store": false, "app_analyzed": true, "num_tentative": 1, "different_api_invoked": 27, "privacy_policy_contain_explicit_acceptance": true, "privacy_policy_page_detected_google_play": true}