{"md5": "dfebe697b36cdcd0b6b74003887e6a4b", "permission_requested": ["android.permission.ACCESS_NETWORK_STATE", "android.permission.WAKE_LOCK", "android.permission.INTERNET", "com.android.vending.BILLING"], "trackers_inside": ["Google DoubleClick", "Unity3d Ads", "Google Ads", "Google Firebase Analytics"], "execution_time_app_analyzer": 27.033303260803223, "api_to_monitoring_all": 415, "type_analysis": "Droidbot", "max_actions": 20, "timeout": 10, "privacy_policy_page_detected": false, "privacy_policy_page_md5": "N.A", "timeout_privacy_policy_page": false, "home_button_change_privacy_policy_page": false, "back_button_change_privacy_policy_page": false, "actions_needed_to_reach_privacy_policy": 19, "api_invoked_during_dynamic_analysis": 0, "app_is_compliant_with_google_play_store": false, "app_analyzed": true, "num_tentative": 1, "privacy_policy_page_detected_google_play": true}