{"md5": "e0b1c4341ec5514c8ed441c0fbe44038", "permission_requested": ["com.anddoes.launcher.permission.UPDATE_COUNT", "com.oppo.launcher.permission.READ_SETTINGS", "android.permission.USE_CREDENTIALS", "com.ratrodstudio.snowparty2lite.permission.C2D_MESSAGE", "com.oppo.launcher.permission.WRITE_SETTINGS", "com.sonymobile.home.permission.PROVIDER_INSERT_BADGE", "android.permission.ACCESS_NETWORK_STATE", "android.permission.VIBRATE", "com.android.vending.BILLING", "android.permission.INTERNET", "com.huawei.android.launcher.permission.CHANGE_BADGE", "android.permission.READ_EXTERNAL_STORAGE", "me.everything.badger.permission.BADGE_COUNT_WRITE", "me.everything.badger.permission.BADGE_COUNT_READ", "com.sec.android.provider.badge.permission.WRITE", "com.sonyericsson.home.permission.BROADCAST_BADGE", "com.htc.launcher.permission.UPDATE_SHORTCUT", "com.google.android.providers.gsf.permission.READ_GSERVICES", "android.permission.WRITE_EXTERNAL_STORAGE", "com.google.android.finsky.permission.BIND_GET_INSTALL_REFERRER_SERVICE", "android.permission.ACCESS_WIFI_STATE", "com.huawei.android.launcher.permission.WRITE_SETTINGS", "com.google.android.c2dm.permission.RECEIVE", "com.android.vending.CHECK_LICENSE", "android.permission.RECEIVE_BOOT_COMPLETED", "com.htc.launcher.permission.READ_SETTINGS", "com.majeur.launcher.permission.UPDATE_BADGE", "android.permission.READ_PHONE_STATE", "com.huawei.android.launcher.permission.READ_SETTINGS", "android.permission.READ_APP_BADGE", "android.permission.WAKE_LOCK", "com.sec.android.provider.badge.permission.READ"], "trackers_inside": ["AppLovin", "ironSource", "Moat", "Flurry", "AdColony", "Facebook Ads", "Unity3d Ads", "Twitter MoPub", "Google DoubleClick", "Google Firebase Analytics", "Google Ads", "Google CrashLytics"], "execution_time_app_analyzer": 47.61030459403992, "api_to_monitoring_all": 2027, "type_analysis": "Droidbot", "max_actions": 20, "timeout": 10, "privacy_policy_page_detected": false, "privacy_policy_page_md5": "N.A", "timeout_privacy_policy_page": false, "home_button_change_privacy_policy_page": false, "back_button_change_privacy_policy_page": false, "actions_needed_to_reach_privacy_policy": 19, "api_invoked_during_dynamic_analysis": 18975, "app_is_compliant_with_google_play_store": false, "app_analyzed": true, "num_tentative": 1, "different_api_invoked": 46, "privacy_policy_page_detected_google_play": true}