{"md5": "e109ef3a89bfa0f7620015f0bb7d5059", "permission_requested": ["android.permission.ACCESS_NETWORK_STATE", "android.permission.INTERNET", "com.google.android.c2dm.permission.RECEIVE", "android.permission.WRITE_EXTERNAL_STORAGE", "com.pinka.classicbubbles.permission.C2D_MESSAGE", "android.permission.GET_ACCOUNTS", "com.android.vending.BILLING", "android.permission.WAKE_LOCK"], "trackers_inside": ["Facebook Analytics", "Facebook Ads", "Google Firebase Analytics", "Google Analytics", "Google Ads", "Inmobi", "Google DoubleClick", "Flurry"], "execution_time_app_analyzer": 24.914286375045776, "api_to_monitoring_all": 574, "type_analysis": "Droidbot", "max_actions": 20, "timeout": 10, "privacy_policy_page_detected": true, "privacy_policy_page_md5": "12d4f197fee4deb87a0f4b6aba016f4b", "timeout_privacy_policy_page": false, "home_button_change_privacy_policy_page": false, "back_button_change_privacy_policy_page": false, "actions_needed_to_reach_privacy_policy": 3, "api_invoked_during_dynamic_analysis": 10313, "app_is_compliant_with_google_play_store": false, "app_analyzed": true, "num_tentative": 1, "different_api_invoked": 36, "privacy_policy_contain_explicit_acceptance": true, "privacy_policy_page_detected_google_play": true}