{"md5": "e13cb792a4515c465508ebfc58e678ce", "permission_requested": ["android.permission.WRITE_EXTERNAL_STORAGE", "com.android.vending.BILLING", "android.permission.INTERNET", "android.permission.RECEIVE_BOOT_COMPLETED", "android.permission.GET_TASKS", "android.permission.ACCESS_NETWORK_STATE"], "trackers_inside": ["Inmobi", "Facebook Analytics", "Google DoubleClick", "Vungle", "Google Ads", "Google Analytics", "Facebook Ads", "Flurry"], "execution_time_app_analyzer": 25.446529388427734, "api_to_monitoring_all": 623, "type_analysis": "Droidbot", "max_actions": 20, "timeout": 10, "privacy_policy_page_detected": false, "privacy_policy_page_md5": "N.A", "timeout_privacy_policy_page": false, "home_button_change_privacy_policy_page": false, "back_button_change_privacy_policy_page": false, "actions_needed_to_reach_privacy_policy": 19, "api_invoked_during_dynamic_analysis": 0, "app_is_compliant_with_google_play_store": false, "app_analyzed": true, "num_tentative": 1, "privacy_policy_page_detected_google_play": true}