{"md5": "e16348b68c644f9cf215c75962beeedd", "permission_requested": ["com.android.vending.CHECK_LICENSE", "android.permission. WAKE_LOCK", "android.permission.ACCESS_NETWORK_STATE", "android.permission.DISABLE_KEYGUARD", "android.permission.WAKE_LOCK", "com.google.android.c2dm.permission.RECEIVE", "android.permission.INTERNET", "com.android.vending.BILLING", "android.permission.WRITE_EXTERNAL_STORAGE", "com.google.android.finsky.permission.BIND_GET_INSTALL_REFERRER_SERVICE"], "trackers_inside": ["Yandex Ad", "Google Ads", "Google Analytics", "Google DoubleClick", "Google Firebase Analytics", "Facebook Ads", "Facebook Analytics", "Google CrashLytics", "AppMetrica"], "execution_time_app_analyzer": 56.59214806556702, "api_to_monitoring_all": 691, "type_analysis": "Droidbot", "max_actions": 20, "timeout": 10, "privacy_policy_page_detected": false, "privacy_policy_page_md5": "N.A", "timeout_privacy_policy_page": false, "home_button_change_privacy_policy_page": false, "back_button_change_privacy_policy_page": false, "actions_needed_to_reach_privacy_policy": 19, "api_invoked_during_dynamic_analysis": 0, "app_is_compliant_with_google_play_store": false, "app_analyzed": true, "num_tentative": 1, "privacy_policy_page_detected_google_play": true}