{"md5": "e19a9646c5b48e900736152861d3e5d1", "permission_requested": ["android.permission.WRITE_EXTERNAL_STORAGE", "com.android.vending.BILLING", "android.permission.INTERNET", "android.permission.READ_EXTERNAL_STORAGE", "android.permission.READ_PHONE_STATE", "android.permission.ACCESS_NETWORK_STATE"], "trackers_inside": ["Facebook Analytics", "Google CrashLytics", "Google DoubleClick", "Google Ads", "Google Firebase Analytics", "Google Analytics"], "execution_time_app_analyzer": 31.839067459106445, "api_to_monitoring_all": 334, "type_analysis": "Droidbot", "max_actions": 20, "timeout": 10, "privacy_policy_page_detected": false, "privacy_policy_page_md5": "N.A", "timeout_privacy_policy_page": false, "home_button_change_privacy_policy_page": false, "back_button_change_privacy_policy_page": false, "actions_needed_to_reach_privacy_policy": 19, "api_invoked_during_dynamic_analysis": 205, "app_is_compliant_with_google_play_store": false, "app_analyzed": true, "num_tentative": 1, "different_api_invoked": 12, "privacy_policy_page_detected_google_play": true}