{"md5": "e278bb69e5a14aff0c53d6e273b20fe0", "permission_requested": ["com.google.android.finsky.permission.BIND_GET_INSTALL_REFERRER_SERVICE", "com.google.android.c2dm.permission.RECEIVE", "android.permission.VIBRATE", "android.permission.WRITE_EXTERNAL_STORAGE", "com.rockbite.deeptown.permission.C2D_MESSAGE", "android.permission.RECEIVE_BOOT_COMPLETED", "com.android.vending.BILLING", "android.permission.INTERNET", "android.permission.ACCESS_NETWORK_STATE", "android.permission.FOREGROUND_SERVICE", "android.permission.WAKE_LOCK"], "trackers_inside": ["AppsFlyer", "Tapjoy", "Google Firebase Analytics", "Google Ads", "AppLovin", "Google DoubleClick", "Google CrashLytics", "Moat", "Facebook Analytics", "Facebook Ads", "Inmobi"], "execution_time_app_analyzer": 59.84883642196655, "api_to_monitoring_all": 1396, "type_analysis": "Droidbot", "max_actions": 20, "timeout": 10, "privacy_policy_page_detected": false, "privacy_policy_page_md5": "N.A", "timeout_privacy_policy_page": false, "home_button_change_privacy_policy_page": false, "back_button_change_privacy_policy_page": false, "actions_needed_to_reach_privacy_policy": 19, "api_invoked_during_dynamic_analysis": 0, "app_is_compliant_with_google_play_store": false, "app_analyzed": true, "num_tentative": 1, "privacy_policy_page_detected_google_play": true}