{"md5": "e337d0aef956731e3f59fa77bde939e3", "permission_requested": ["com.android.vending.CHECK_LICENSE", "android.permission.WRITE_EXTERNAL_STORAGE", "com.android.vending.BILLING", "android.permission.INTERNET", "android.permission.RECEIVE_BOOT_COMPLETED", "android.permission.ACCESS_WIFI_STATE", "com.reludo.shootingrangechallenge.permission.C2D_MESSAGE", "android.permission.GET_TASKS", "android.permission.VIBRATE", "android.permission.READ_EXTERNAL_STORAGE", "android.permission.GET_ACCOUNTS", "android.permission.READ_PHONE_STATE", "com.google.android.c2dm.permission.RECEIVE", "android.permission.ACCESS_NETWORK_STATE", "android.permission.WAKE_LOCK"], "trackers_inside": ["Inmobi", "Facebook Analytics", "Google CrashLytics", "Google DoubleClick", "AppLovin", "AdColony", "Vungle", "Moat", "GameAnalytics", "Google Ads", "Google Firebase Analytics", "Tapjoy", "Google Analytics", "Facebook Ads", "Unity3d Ads", "Twitter MoPub"], "execution_time_app_analyzer": 31.24272394180298, "api_to_monitoring_all": 1753, "type_analysis": "Droidbot", "max_actions": 20, "timeout": 10, "privacy_policy_page_detected": false, "privacy_policy_page_md5": "N.A", "timeout_privacy_policy_page": false, "home_button_change_privacy_policy_page": false, "back_button_change_privacy_policy_page": false, "actions_needed_to_reach_privacy_policy": 19, "api_invoked_during_dynamic_analysis": 0, "app_is_compliant_with_google_play_store": false, "app_analyzed": true, "num_tentative": 1, "privacy_policy_page_detected_google_play": true}