{"md5": "e4277ecff355ca54638a24b8af3a5f35", "permission_requested": ["com.android.vending.CHECK_LICENSE", "android.permission.WRITE_EXTERNAL_STORAGE", "com.android.vending.BILLING", "android.permission.INTERNET", "android.permission.ACCESS_WIFI_STATE", "android.permission.ACCESS_NETWORK_STATE", "android.permission.WAKE_LOCK"], "trackers_inside": ["Flurry", "Google Analytics", "Google Ads", "AdColony"], "execution_time_app_analyzer": 14.106988668441772, "api_to_monitoring_all": 318, "type_analysis": "Droidbot", "max_actions": 20, "timeout": 10, "privacy_policy_page_detected": false, "privacy_policy_page_md5": "N.A", "timeout_privacy_policy_page": false, "home_button_change_privacy_policy_page": false, "back_button_change_privacy_policy_page": false, "actions_needed_to_reach_privacy_policy": 19, "api_invoked_during_dynamic_analysis": 21, "app_is_compliant_with_google_play_store": false, "app_analyzed": true, "num_tentative": 1, "different_api_invoked": 9, "privacy_policy_page_detected_google_play": true}