{"md5": "e471e0d9654888970ba86420b3c5ab81", "permission_requested": ["android.permission.INTERNET", "android.permission.CHANGE_WIFI_STATE", "android.permission.READ_PHONE_STATE", "android.permission.GET_ACCOUNTS", "android.permission.READ_LOGS", "android.permission.GET_TASKS", "android.permission.VIBRATE", "com.android.vending.BILLING", "com.tgyx.ssjj.permission.C2D_MESSAGE", "android.permission.ACCESS_NETWORK_STATE", "android.permission.RECEIVE_BOOT_COMPLETED", "android.permission.MANAGE_DOCUMENTS", "com.google.android.gms.permission.ACTIVITY_RECOGNITION", "android.permission.MOUNT_UNMOUNT_FILESYSTEMS", "android.permission.RECORD_AUDIO", "android.permission.WAKE_LOCK", "com.google.android.c2dm.permission.RECEIVE", "android.permission.ACCESS_WIFI_STATE", "com.android.vending.CHECK_LICENSE", "android.permission.WRITE_EXTERNAL_STORAGE"], "trackers_inside": ["Google Analytics", "Flurry", "AppsFlyer", "Inmobi", "Facebook Ads", "Facebook Analytics", "Google Firebase Analytics", "Google Ads", "Google DoubleClick"], "execution_time_app_analyzer": 28.55884337425232, "api_to_monitoring_all": 818, "type_analysis": "Droidbot", "max_actions": 20, "timeout": 10, "privacy_policy_page_detected": false, "privacy_policy_page_md5": "N.A", "timeout_privacy_policy_page": false, "home_button_change_privacy_policy_page": false, "back_button_change_privacy_policy_page": false, "actions_needed_to_reach_privacy_policy": 13, "api_invoked_during_dynamic_analysis": 0, "app_is_compliant_with_google_play_store": false, "app_analyzed": true, "num_tentative": 1, "privacy_policy_page_detected_google_play": true}