{"md5": "e4790a88e647b22871906de42340992f", "permission_requested": ["android.permission.INTERNET", "com.google.android.finsky.permission.BIND_GET_INSTALL_REFERRER_SERVICE", "android.permission.VIBRATE", "com.android.vending.BILLING", "com.google.android.c2dm.permission.RECEIVE", "android.permission.WAKE_LOCK", "android.permission.ACCESS_NETWORK_STATE"], "trackers_inside": ["Facebook Ads", "Google Firebase Analytics", "GameAnalytics", "Unity3d Ads", "Google Ads", "Google DoubleClick", "Facebook Analytics", "Vungle", "Moat", "Google CrashLytics", "AppLovin", "Flurry"], "execution_time_app_analyzer": 49.84942698478699, "api_to_monitoring_all": 1458, "type_analysis": "Droidbot", "max_actions": 20, "timeout": 10, "privacy_policy_page_detected": false, "privacy_policy_page_md5": "N.A", "timeout_privacy_policy_page": false, "home_button_change_privacy_policy_page": false, "back_button_change_privacy_policy_page": false, "actions_needed_to_reach_privacy_policy": 19, "api_invoked_during_dynamic_analysis": 26977, "app_is_compliant_with_google_play_store": false, "app_analyzed": true, "num_tentative": 1, "different_api_invoked": 172, "privacy_policy_page_detected_google_play": true}