{"md5": "e47d26a834532eab33de1e51fe5ed270", "permission_requested": ["com.google.android.finsky.permission.BIND_GET_INSTALL_REFERRER_SERVICE", "com.oppo.launcher.permission.READ_SETTINGS", "me.everything.badger.permission.BADGE_COUNT_READ", "com.android.vending.BILLING", "com.google.android.c2dm.permission.RECEIVE", "com.sonyericsson.home.permission.BROADCAST_BADGE", "android.permission.CAMERA", "android.permission.READ_EXTERNAL_STORAGE", "com.htc.launcher.permission.READ_SETTINGS", "com.huawei.android.launcher.permission.CHANGE_BADGE", "android.permission.INTERNET", "ru.pluspages.guests.permission.C2D_MESSAGE", "com.sec.android.provider.badge.permission.WRITE", "android.permission.READ_APP_BADGE", "com.sec.android.provider.badge.permission.READ", "com.huawei.android.launcher.permission.READ_SETTINGS", "android.permission.WAKE_LOCK", "com.huawei.android.launcher.permission.WRITE_SETTINGS", "com.majeur.launcher.permission.UPDATE_BADGE", "com.oppo.launcher.permission.WRITE_SETTINGS", "me.everything.badger.permission.BADGE_COUNT_WRITE", "android.permission.ACCESS_WIFI_STATE", "android.permission.ACCESS_NETWORK_STATE", "com.sonymobile.home.permission.PROVIDER_INSERT_BADGE", "com.anddoes.launcher.permission.UPDATE_COUNT", "com.htc.launcher.permission.UPDATE_SHORTCUT", "android.permission.RECEIVE_BOOT_COMPLETED", "android.permission.WRITE_EXTERNAL_STORAGE", "android.permission.GET_ACCOUNTS"], "trackers_inside": ["Facebook Ads", "Google Firebase Analytics", "Inmobi", "Google Ads", "Google DoubleClick", "Google CrashLytics", "Flurry"], "execution_time_app_analyzer": 35.650023221969604, "api_to_monitoring_all": 528, "type_analysis": "Droidbot", "max_actions": 20, "timeout": 10, "privacy_policy_page_detected": false, "privacy_policy_page_md5": "N.A", "timeout_privacy_policy_page": false, "home_button_change_privacy_policy_page": false, "back_button_change_privacy_policy_page": false, "actions_needed_to_reach_privacy_policy": 19, "api_invoked_during_dynamic_analysis": 83233, "app_is_compliant_with_google_play_store": false, "app_analyzed": true, "num_tentative": 1, "different_api_invoked": 45, "privacy_policy_page_detected_google_play": true}