{"md5": "e4b92ea505dd1e35f14e9b988eaf1900", "permission_requested": ["android.permission.WAKE_LOCK", "android.permission.ACCESS_WIFI_STATE", "android.permission.ACCESS_NETWORK_STATE", "com.google.android.c2dm.permission.RECEIVE", "com.videomusic.photoslideshow.permission.C2D_MESSAGE", "android.permission.INTERNET", "android.permission.MOUNT_UNMOUNT_FILESYSTEMS", "android.permission.WRITE_EXTERNAL_STORAGE", "android.permission.CHANGE_WIFI_STATE", "android.permission.READ_EXTERNAL_STORAGE", "android.permission.STORAGE"], "trackers_inside": ["Google Firebase Analytics", "Google DoubleClick", "Google Ads", "Google CrashLytics"], "execution_time_app_analyzer": 33.84337019920349, "api_to_monitoring_all": 263, "type_analysis": "Droidbot", "max_actions": 20, "timeout": 10, "privacy_policy_page_detected": false, "privacy_policy_page_md5": "N.A", "timeout_privacy_policy_page": false, "home_button_change_privacy_policy_page": false, "back_button_change_privacy_policy_page": false, "actions_needed_to_reach_privacy_policy": 19, "api_invoked_during_dynamic_analysis": 26785, "app_is_compliant_with_google_play_store": false, "app_analyzed": true, "num_tentative": 1, "different_api_invoked": 19, "privacy_policy_page_detected_google_play": true}