{"md5": "e4fdc307630b5df684990b61ce87e859", "permission_requested": ["android.permission.READ_EXTERNAL_STORAGE", "android.permission.WRITE_EXTERNAL_STORAGE", "android.permission.INTERNET", "android.permission.MODIFY_AUDIO_SETTINGS", "android.permission.CHANGE_CONFIGURATION", "android.permission.ACCESS_NETWORK_STATE", "android.permission.WAKE_LOCK", "android.permission.WRITE_SETTINGS"], "trackers_inside": ["Google Ads", "Google DoubleClick"], "execution_time_app_analyzer": 29.78364586830139, "api_to_monitoring_all": 178, "type_analysis": "Droidbot", "max_actions": 20, "timeout": 10, "privacy_policy_page_detected": false, "privacy_policy_page_md5": "N.A", "timeout_privacy_policy_page": false, "home_button_change_privacy_policy_page": false, "back_button_change_privacy_policy_page": false, "actions_needed_to_reach_privacy_policy": 19, "api_invoked_during_dynamic_analysis": 94194, "app_is_compliant_with_google_play_store": false, "app_analyzed": true, "num_tentative": 1, "different_api_invoked": 12, "privacy_policy_page_detected_google_play": true}