{"md5": "e516edfae717f0820740580045c0d7c7", "permission_requested": ["com.huawei.android.launcher.permission.READ_SETTINGS", "android.permission.WRITE_EXTERNAL_STORAGE", "com.majeur.launcher.permission.UPDATE_BADGE", "android.permission.ACCESS_WIFI_STATE", "me.everything.badger.permission.BADGE_COUNT_READ", "android.permission.VIBRATE", "com.google.android.finsky.permission.BIND_GET_INSTALL_REFERRER_SERVICE", "com.sonymobile.home.permission.PROVIDER_INSERT_BADGE", "android.permission.INTERNET", "com.anddoes.launcher.permission.UPDATE_COUNT", "com.sonyericsson.home.permission.BROADCAST_BADGE", "me.everything.badger.permission.BADGE_COUNT_WRITE", "android.permission.ACCESS_COARSE_LOCATION", "com.jelly.blob.permission.C2D_MESSAGE", "com.android.vending.BILLING", "android.permission.RECEIVE_BOOT_COMPLETED", "com.huawei.android.launcher.permission.WRITE_SETTINGS", "com.oppo.launcher.permission.READ_SETTINGS", "android.permission.WAKE_LOCK", "com.htc.launcher.permission.UPDATE_SHORTCUT", "com.sec.android.provider.badge.permission.READ", "com.huawei.android.launcher.permission.CHANGE_BADGE", "android.permission.READ_EXTERNAL_STORAGE", "android.permission.READ_APP_BADGE", "com.google.android.c2dm.permission.RECEIVE", "com.oppo.launcher.permission.WRITE_SETTINGS", "android.permission.ACCESS_NETWORK_STATE", "com.sec.android.provider.badge.permission.WRITE", "com.htc.launcher.permission.READ_SETTINGS"], "trackers_inside": ["Google Firebase Analytics", "Google Ads", "Google CrashLytics"], "execution_time_app_analyzer": 25.982341051101685, "api_to_monitoring_all": 221, "type_analysis": "Droidbot", "max_actions": 20, "timeout": 10, "privacy_policy_page_detected": false, "privacy_policy_page_md5": "N.A", "timeout_privacy_policy_page": false, "home_button_change_privacy_policy_page": false, "back_button_change_privacy_policy_page": false, "actions_needed_to_reach_privacy_policy": 19, "api_invoked_during_dynamic_analysis": 115, "app_is_compliant_with_google_play_store": false, "app_analyzed": true, "num_tentative": 1, "different_api_invoked": 14, "privacy_policy_page_detected_google_play": true}