{"md5": "e6940e88ba24742978393ec5facd1675", "permission_requested": ["android.permission.ACCESS_COARSE_LOCATION", "android.permission.INTERNET", "android.permission.CHANGE_WIFI_STATE", "android.permission.ACCESS_WIFI_STATE", "android.permission.BLUETOOTH_ADMIN", "android.permission.ACCESS_FINE_LOCATION", "com.android.vending.BILLING", "android.permission.READ_PHONE_STATE", "android.permission.FOREGROUND_SERVICE", "android.permission.SET_TIME_ZONE", "android.permission.ACCESS_NETWORK_STATE", "android.permission.BLUETOOTH", "android.permission.WRITE_EXTERNAL_STORAGE"], "trackers_inside": [], "execution_time_app_analyzer": 2.2166504859924316, "api_to_monitoring_all": 176, "app_analyzed": false, "privacy_policy_page_detected_google_play": true}