{"md5": "e6f56f8c6188a08bd6eebf690729ee6f", "permission_requested": ["android.permission.ACCESS_WIFI_STATE", "com.google.android.c2dm.permission.RECEIVE", "android.permission.ACCESS_NETWORK_STATE", "android.permission.WAKE_LOCK", "android.permission.VIBRATE", "android.permission.INTERNET"], "trackers_inside": ["Google Ads"], "execution_time_app_analyzer": 14.920593976974487, "api_to_monitoring_all": 145, "type_analysis": "Droidbot", "max_actions": 20, "timeout": 10, "privacy_policy_page_detected": false, "privacy_policy_page_md5": "N.A", "timeout_privacy_policy_page": false, "home_button_change_privacy_policy_page": false, "back_button_change_privacy_policy_page": false, "actions_needed_to_reach_privacy_policy": 19, "api_invoked_during_dynamic_analysis": 81, "app_is_compliant_with_google_play_store": false, "app_analyzed": true, "num_tentative": 1, "different_api_invoked": 5, "privacy_policy_page_detected_google_play": true}