{"md5": "e6fbc61c52b8f3cfa5dc15864731c3c0", "permission_requested": ["android.permission.VIBRATE", "android.permission.RECEIVE_BOOT_COMPLETED", "android.permission.ACCESS_WIFI_STATE", "android.permission.INTERNET", "com.google.android.finsky.permission.BIND_GET_INSTALL_REFERRER_SERVICE", "android.permission.READ_PHONE_STATE", "android.permission.WAKE_LOCK", "android.permission.ACCESS_NETWORK_STATE", "android.permission.WRITE_EXTERNAL_STORAGE", "com.google.android.c2dm.permission.RECEIVE"], "trackers_inside": ["Yandex Ad", "Google CrashLytics", "Google Ads", "Google Firebase Analytics", "Google Analytics", "Google DoubleClick", "AppMetrica", "Twitter MoPub"], "execution_time_app_analyzer": 45.831759452819824, "api_to_monitoring_all": 532, "type_analysis": "Droidbot", "max_actions": 20, "timeout": 10, "privacy_policy_page_detected": false, "privacy_policy_page_md5": "N.A", "timeout_privacy_policy_page": false, "home_button_change_privacy_policy_page": false, "back_button_change_privacy_policy_page": false, "actions_needed_to_reach_privacy_policy": 19, "api_invoked_during_dynamic_analysis": 86113, "app_is_compliant_with_google_play_store": false, "app_analyzed": true, "num_tentative": 1, "different_api_invoked": 26, "privacy_policy_page_detected_google_play": true}