{"md5": "e73ba3fcd98835c741749ef4bed688e9", "permission_requested": ["android.permission.WRITE_EXTERNAL_STORAGE", "android.permission.READ_EXTERNAL_STORAGE", "com.sowar.montagevideo.ajmalsowar.musicmp3.permission.C2D_MESSAGE", "com.google.android.c2dm.permission.RECEIVE", "android.permission.ACCESS_NETWORK_STATE", "android.permission.WAKE_LOCK", "android.permission.INTERNET"], "trackers_inside": ["Google Ads", "Google Analytics", "Google DoubleClick", "Google Firebase Analytics"], "execution_time_app_analyzer": 26.6694438457489, "api_to_monitoring_all": 221, "type_analysis": "Droidbot", "max_actions": 20, "timeout": 10, "privacy_policy_page_detected": false, "privacy_policy_page_md5": "N.A", "timeout_privacy_policy_page": false, "home_button_change_privacy_policy_page": false, "back_button_change_privacy_policy_page": false, "actions_needed_to_reach_privacy_policy": 19, "api_invoked_during_dynamic_analysis": 52848, "app_is_compliant_with_google_play_store": false, "app_analyzed": true, "num_tentative": 1, "different_api_invoked": 14, "privacy_policy_page_detected_google_play": true}