{"md5": "e96d33a754189fc3d19a3a0a7c1138bb", "permission_requested": ["android.permission.ACCESS_NETWORK_STATE", "android.permission.WAKE_LOCK", "com.google.android.c2dm.permission.RECEIVE", "android.permission.FOREGROUND_SERVICE", "android.permission.INTERNET", "android.permission.RECEIVE_BOOT_COMPLETED", "com.indianrailway.permission.C2D_MESSAGE"], "trackers_inside": ["Google Firebase Analytics", "Vungle", "Flurry", "AppMetrica", "Twitter MoPub", "Moat", "Unity3d Ads", "Google DoubleClick", "AdColony", "Google CrashLytics", "Google Ads", "AppLovin", "Inmobi", "Tapjoy", "Integral Ad Science", "Google Analytics", "Yandex Ad", "Facebook Ads"], "execution_time_app_analyzer": 56.176557779312134, "api_to_monitoring_all": 1812, "type_analysis": "Droidbot", "max_actions": 20, "timeout": 10, "privacy_policy_page_detected": false, "privacy_policy_page_md5": "N.A", "timeout_privacy_policy_page": false, "home_button_change_privacy_policy_page": false, "back_button_change_privacy_policy_page": false, "actions_needed_to_reach_privacy_policy": 19, "api_invoked_during_dynamic_analysis": 83850, "app_is_compliant_with_google_play_store": false, "app_analyzed": true, "num_tentative": 1, "different_api_invoked": 56, "privacy_policy_page_detected_google_play": true}