{"md5": "eb0bc1686d6f91daab6f86e49b0a0730", "permission_requested": ["android.permission.ACCESS_WIFI_STATE", "android.permission.WAKE_LOCK", "android.permission.ACCESS_NETWORK_STATE", "com.android.vending.BILLING", "com.google.android.finsky.permission.BIND_GET_INSTALL_REFERRER_SERVICE", "com.google.android.c2dm.permission.RECEIVE", "android.permission.INTERNET", "android.permission.CAMERA"], "trackers_inside": ["Google Firebase Analytics", "Google DoubleClick", "Google Ads", "Google CrashLytics"], "execution_time_app_analyzer": 26.30167245864868, "api_to_monitoring_all": 252, "type_analysis": "Droidbot", "max_actions": 20, "timeout": 10, "privacy_policy_page_detected": false, "privacy_policy_page_md5": "N.A", "timeout_privacy_policy_page": false, "home_button_change_privacy_policy_page": false, "back_button_change_privacy_policy_page": false, "actions_needed_to_reach_privacy_policy": 19, "api_invoked_during_dynamic_analysis": 47440, "app_is_compliant_with_google_play_store": false, "app_analyzed": true, "num_tentative": 1, "different_api_invoked": 21, "privacy_policy_page_detected_google_play": true}