{"md5": "eb1537395552de3d8a817c38de25dbf3", "permission_requested": ["android.permission.ACCESS_NETWORK_STATE", "android.permission.READ_CALENDAR", "android.permission.READ_SMS", "android.permission.WRITE_SETTINGS", "android.permission.WRITE_EXTERNAL_STORAGE", "com.android.browser.permission.READ_HISTORY_BOOKMARKS", "android.permission.ACCESS_WIFI_STATE", "android.permission.INTERNET", "android.permission.CHANGE_WIFI_STATE", "android.permission.READ_EXTERNAL_STORAGE", "android.permission.FOREGROUND_SERVICE", "android.permission.READ_PHONE_STATE", "android.permission.WAKE_LOCK", "htc.pluginmanager.permission.USE_PROVIDER", "com.android.browser.permission.WRITE_HISTORY_BOOKMARKS", "android.permission.READ_CONTACTS", "android.permission.GET_ACCOUNTS", "com.htc.permission.APP_DEFAULT", "android.permission.ACCESS_COARSE_LOCATION", "com.motorola.permission.ACCESS_WIFI_AUTONOMOUS"], "trackers_inside": [], "execution_time_app_analyzer": 7.274678945541382, "api_to_monitoring_all": 89, "type_analysis": "Droidbot", "max_actions": 20, "timeout": 10, "privacy_policy_page_detected": true, "privacy_policy_page_md5": "a508a5def79dadd8dc1051dd020b442b", "timeout_privacy_policy_page": false, "home_button_change_privacy_policy_page": false, "back_button_change_privacy_policy_page": false, "actions_needed_to_reach_privacy_policy": 0, "api_invoked_during_dynamic_analysis": 0, "app_is_compliant_with_google_play_store": true, "app_analyzed": true, "num_tentative": 1, "privacy_policy_contain_explicit_acceptance": true, "policy_page_compliant_third_party": true, "policy_page_compliant": true, "final_compliant": true, "privacy_policy_page_detected_google_play": true}