{"md5": "ec0319c6c47c2b56195bdef6776fcc0d", "permission_requested": ["android.permission.ACCESS_NETWORK_STATE", "android.permission.READ_GSERVICES", "android.permission.RECORD_AUDIO", "android.permission.BLUETOOTH_ADMIN", "android.permission.WAKE_LOCK", "android.permission.READ_PHONE_STATE", "android.permission.MODIFY_AUDIO_SETTINGS", "com.google.android.providers.gsf.permission.READ_GSERVICES", "android.permission.INTERNET", "com.google.android.providers.gsf.permission.WRITE_GSERVICES", "android.permission.BLUETOOTH", "android.permission.GET_PACKAGE_SIZE", "android.permission.FOREGROUND_SERVICE"], "trackers_inside": ["Google Firebase Analytics"], "execution_time_app_analyzer": 8.468925714492798, "api_to_monitoring_all": 167, "app_analyzed": false, "privacy_policy_page_detected_google_play": true}