{"md5": "ec0d7b82b14a951fe159e1834734a808", "permission_requested": ["android.permission.READ_PHONE_STATE", "android.permission.ACCESS_WIFI_STATE", "android.permission.ACCESS_NETWORK_STATE", "android.permission.WAKE_LOCK", "android.permission.INTERNET", "android.permission.WRITE_EXTERNAL_STORAGE"], "trackers_inside": ["Tapjoy", "Google Analytics", "Flurry"], "execution_time_app_analyzer": 5.473141193389893, "api_to_monitoring_all": 303, "type_analysis": "Droidbot", "max_actions": 20, "timeout": 10, "privacy_policy_page_detected": false, "privacy_policy_page_md5": "N.A", "timeout_privacy_policy_page": false, "home_button_change_privacy_policy_page": false, "back_button_change_privacy_policy_page": false, "actions_needed_to_reach_privacy_policy": 19, "api_invoked_during_dynamic_analysis": 64, "app_is_compliant_with_google_play_store": false, "app_analyzed": true, "num_tentative": 1, "different_api_invoked": 7, "privacy_policy_page_detected_google_play": true}