{"md5": "ed8c356c843483f62e9001efb33b8b62", "permission_requested": ["android.permission.WAKE_LOCK", "android.permission.ACCESS_NETWORK_STATE", "android.permission.READ_PHONE_STATE", "android.permission.INTERNET", "android.permission.WRITE_EXTERNAL_STORAGE"], "trackers_inside": ["Google Ads"], "execution_time_app_analyzer": 17.267746448516846, "api_to_monitoring_all": 117, "type_analysis": "Droidbot", "max_actions": 20, "timeout": 10, "privacy_policy_page_detected": false, "privacy_policy_page_md5": "N.A", "timeout_privacy_policy_page": false, "home_button_change_privacy_policy_page": false, "back_button_change_privacy_policy_page": false, "actions_needed_to_reach_privacy_policy": 19, "api_invoked_during_dynamic_analysis": 1314, "app_is_compliant_with_google_play_store": false, "app_analyzed": true, "num_tentative": 1, "different_api_invoked": 9, "privacy_policy_page_detected_google_play": true}