{"md5": "edba8897716cbcc7c0342c8fed238051", "permission_requested": ["com.android.vending.CHECK_LICENSE", "android.permission.ACCESS_NETWORK_STATE", "android.permission.WAKE_LOCK", "com.google.android.c2dm.permission.RECEIVE", "android.permission.READ_PHONE_STATE", "android.permission.GET_ACCOUNTS", "android.permission.INTERNET", "com.android.vending.BILLING", "android.permission.WRITE_EXTERNAL_STORAGE", "android.permission.ACCESS_WIFI_STATE", "android.permission.GET_TASKS", "ua.com.justgames.thecranks.permission.C2D_MESSAGE"], "trackers_inside": ["Tapjoy", "Google Ads", "Google Analytics", "Google DoubleClick", "Vungle", "Flurry"], "execution_time_app_analyzer": 28.677143812179565, "api_to_monitoring_all": 480, "type_analysis": "Droidbot", "max_actions": 20, "timeout": 10, "privacy_policy_page_detected": false, "privacy_policy_page_md5": "N.A", "timeout_privacy_policy_page": false, "home_button_change_privacy_policy_page": false, "back_button_change_privacy_policy_page": false, "actions_needed_to_reach_privacy_policy": 19, "api_invoked_during_dynamic_analysis": 3279, "app_is_compliant_with_google_play_store": false, "app_analyzed": true, "num_tentative": 1, "different_api_invoked": 8, "privacy_policy_page_detected_google_play": true}