{"md5": "eed6f18eca50c928bd4b6c6de7893be4", "permission_requested": ["android.permission.WRITE_EXTERNAL_STORAGE", "android.permission.READ_EXTERNAL_STORAGE", "android.permission.INTERNET", "com.google.android.providers.gsf.permission.READ_GSERVICES", "android.permission.GET_ACCOUNTS", "android.permission.USE_CREDENTIALS", "android.permission.ACCESS_NETWORK_STATE", "android.permission.FOREGROUND_SERVICE", "android.permission.GET_PACKAGE_SIZE"], "trackers_inside": ["Google Analytics"], "execution_time_app_analyzer": 21.813336849212646, "api_to_monitoring_all": 93, "app_analyzed": false, "privacy_policy_page_detected_google_play": true}