{"md5": "eee557bca21600bcf74b1aa426884078", "permission_requested": ["android.permission.INTERNET", "android.permission.GET_ACCOUNTS", "android.permission.READ_PHONE_STATE", "android.permission.ACCESS_FINE_LOCATION", "android.permission.GET_TASKS", "android.permission.VIBRATE", "com.android.vending.BILLING", "android.permission.ACCESS_NETWORK_STATE", "com.kddi.market.permission.USE_ALML", "android.permission.WAKE_LOCK", "android.permission.READ_EXTERNAL_STORAGE", "android.permission.CAMERA", "com.google.android.c2dm.permission.RECEIVE", "android.permission.ACCESS_WIFI_STATE", "android.permission.ACCESS_COARSE_LOCATION", "com.papelook.permission.C2D_MESSAGE", "android.permission.WRITE_EXTERNAL_STORAGE"], "trackers_inside": ["Google Ads", "Google Analytics", "Google DoubleClick"], "execution_time_app_analyzer": 27.920598030090332, "api_to_monitoring_all": 267, "type_analysis": "Droidbot", "max_actions": 20, "timeout": 10, "privacy_policy_page_detected": false, "privacy_policy_page_md5": "N.A", "timeout_privacy_policy_page": false, "home_button_change_privacy_policy_page": false, "back_button_change_privacy_policy_page": false, "actions_needed_to_reach_privacy_policy": 19, "api_invoked_during_dynamic_analysis": 32965, "app_is_compliant_with_google_play_store": false, "app_analyzed": true, "num_tentative": 2, "different_api_invoked": 11, "privacy_policy_page_detected_google_play": true}