{"md5": "ef8a4268c1beeee3fdc18209e74c1fcf", "permission_requested": ["android.permission.ACCESS_NETWORK_STATE", "android.permission.ACCESS_WIFI_STATE", "android.permission.INTERNET"], "trackers_inside": [], "execution_time_app_analyzer": 15.155400037765503, "api_to_monitoring_all": 68, "type_analysis": "Droidbot", "max_actions": 20, "timeout": 10, "privacy_policy_page_detected": false, "privacy_policy_page_md5": "N.A", "timeout_privacy_policy_page": false, "home_button_change_privacy_policy_page": false, "back_button_change_privacy_policy_page": false, "actions_needed_to_reach_privacy_policy": 19, "api_invoked_during_dynamic_analysis": 37, "app_is_compliant_with_google_play_store": false, "app_analyzed": true, "num_tentative": 1, "different_api_invoked": 5, "privacy_policy_page_detected_google_play": true}