{"md5": "f0738246b1e2bd12762b48c0c4728d9c", "permission_requested": ["android.permission.KILL_BACKGROUND_PROCESSES", "android.permission.READ_LOGS", "android.permission.WAKE_LOCK", "android.permission.CAPTURE_SECURE_VIDEO_OUTPUT", "android.permission.INTERNET", "android.permission.CHANGE_NETWORK_STATE", "android.permission.WRITE_EXTERNAL_STORAGE", "android.permission.CAPTURE_VIDEO_OUTPUT", "android.permission.READ_SYNC_SETTINGS", "android.permission.SYSTEM_ALERT_WINDOW", "android.permission.REAL_GET_TASKS", "android.permission.WRITE_SETTINGS", "android.permission.READ_PHONE_STATE", "android.permission.RESTART_PACKAGES", "android.permission.ACCESS_WIFI_STATE", "android.permission.FOREGROUND_SERVICE", "android.permission.GET_TASKS", "android.permission.CALL_PHONE", "android.permission.NFC", "android.permission.ACCESS_NETWORK_STATE", "android.permission.DELETE_PACKAGES", "android.permission.BLUETOOTH_ADMIN", "android.permission.MODIFY_AUDIO_SETTINGS", "android.permission.DUMP", "android.permission.GET_ACCOUNTS", "android.permission.INJECT_EVENTS", "android.permission.CHANGE_WIFI_STATE", "android.permission.WRITE_SYNC_SETTINGS", "android.permission.PACKAGE_USAGE_STATS", "android.permission.REORDER_TASKS", "android.permission.EXPAND_STATUS_BAR", "android.permission.READ_PRIVILEGED_PHONE_STATE", "android.permission.READ_FRAME_BUFFER"], "trackers_inside": [], "execution_time_app_analyzer": 6.716301441192627, "api_to_monitoring_all": 156, "type_analysis": "Droidbot", "max_actions": 20, "timeout": 10, "privacy_policy_page_detected": true, "privacy_policy_page_md5": "a84817f8c105d728caaea1857c158ad6", "timeout_privacy_policy_page": false, "home_button_change_privacy_policy_page": true, "back_button_change_privacy_policy_page": true, "actions_needed_to_reach_privacy_policy": 11, "api_invoked_during_dynamic_analysis": 4, "app_is_compliant_with_google_play_store": false, "app_analyzed": true, "num_tentative": 1, "privacy_policy_contain_explicit_acceptance": false, "different_api_invoked": 4, "privacy_policy_page_detected_google_play": true}