{"md5": "f1cb5ce06153d855f4fee4353016ce47", "permission_requested": ["android.permission.INTERNET", "com.android.vending.BILLING", "android.permission.ACCESS_NETWORK_STATE", "com.android.alarm.permission.SET_ALARM", "android.permission.ACCESS_WIFI_STATE"], "trackers_inside": ["AppLovin", "AdColony", "Flurry", "Moat", "Integral Ad Science", "Unity3d Ads", "Inmobi", "Facebook Ads", "ironSource", "Tapjoy", "Google Ads", "Vungle", "Google DoubleClick"], "execution_time_app_analyzer": 59.59147810935974, "api_to_monitoring_all": 2136, "type_analysis": "Droidbot", "max_actions": 20, "timeout": 10, "privacy_policy_page_detected": false, "privacy_policy_page_md5": "N.A", "timeout_privacy_policy_page": false, "home_button_change_privacy_policy_page": false, "back_button_change_privacy_policy_page": false, "actions_needed_to_reach_privacy_policy": 19, "api_invoked_during_dynamic_analysis": 0, "app_is_compliant_with_google_play_store": false, "app_analyzed": true, "num_tentative": 1, "privacy_policy_page_detected_google_play": true}