{"md5": "f2ba5f14235261ac93a8821d8cce685a", "permission_requested": ["android.permission.ACCESS_NETWORK_STATE", "android.permission.WRITE_EXTERNAL_STORAGE", "android.permission.INTERNET"], "trackers_inside": ["Google Ads", "Google DoubleClick", "Twitter MoPub", "Google Analytics"], "execution_time_app_analyzer": 25.30981945991516, "api_to_monitoring_all": 298, "type_analysis": "Droidbot", "max_actions": 20, "timeout": 10, "privacy_policy_page_detected": false, "privacy_policy_page_md5": "N.A", "timeout_privacy_policy_page": false, "home_button_change_privacy_policy_page": false, "back_button_change_privacy_policy_page": false, "actions_needed_to_reach_privacy_policy": 19, "api_invoked_during_dynamic_analysis": 73899, "app_is_compliant_with_google_play_store": false, "app_analyzed": true, "num_tentative": 1, "different_api_invoked": 8, "privacy_policy_page_detected_google_play": false}