{"md5": "f3d4dda53bd1fb16fe91fe0ad0535ab5", "permission_requested": ["android.permission.NFC", "android.permission.ACCESS_NETWORK_STATE", "android.permission.RECORD_AUDIO", "android.permission.WAKE_LOCK", "android.permission.ACCESS_FINE_LOCATION", "android.permission.CAMERA", "android.permission.ACCESS_COARSE_LOCATION", "android.permission.READ_EXTERNAL_STORAGE", "android.permission.INTERNET", "com.android.vending.BILLING", "android.permission.CHANGE_WIFI_STATE", "org.onepf.openiab.permission.BILLING", "android.permission.WRITE_EXTERNAL_STORAGE", "android.permission.ACCESS_WIFI_STATE"], "trackers_inside": [], "execution_time_app_analyzer": 13.989960432052612, "api_to_monitoring_all": 94, "type_analysis": "Droidbot", "max_actions": 20, "timeout": 10, "privacy_policy_page_detected": false, "privacy_policy_page_md5": "N.A", "timeout_privacy_policy_page": false, "home_button_change_privacy_policy_page": false, "back_button_change_privacy_policy_page": false, "actions_needed_to_reach_privacy_policy": 19, "api_invoked_during_dynamic_analysis": 33, "app_is_compliant_with_google_play_store": false, "app_analyzed": true, "num_tentative": 1, "different_api_invoked": 4, "privacy_policy_page_detected_google_play": true}