{"md5": "f3dceafcbd1f54e38d5e1876fc3a2534", "permission_requested": ["com.google.android.finsky.permission.BIND_GET_INSTALL_REFERRER_SERVICE", "com.google.android.c2dm.permission.RECEIVE", "android.permission.VIBRATE", "android.permission.READ_CALENDAR", "android.permission.WRITE_EXTERNAL_STORAGE", "android.permission.RECEIVE_BOOT_COMPLETED", "android.permission.ACCESS_FINE_LOCATION", "android.permission.DISABLE_KEYGUARD", "android.permission.INTERNET", "android.permission.ACCESS_NETWORK_STATE", "com.android.vending.BILLING", "android.permission.FOREGROUND_SERVICE", "android.permission.WAKE_LOCK", "android.permission.WRITE_CALENDAR"], "trackers_inside": ["Google Analytics", "Google Firebase Analytics", "Google Ads", "Google CrashLytics"], "execution_time_app_analyzer": 24.41419506072998, "api_to_monitoring_all": 205, "type_analysis": "Droidbot", "max_actions": 20, "timeout": 10, "privacy_policy_page_detected": false, "privacy_policy_page_md5": "N.A", "timeout_privacy_policy_page": false, "home_button_change_privacy_policy_page": false, "back_button_change_privacy_policy_page": false, "actions_needed_to_reach_privacy_policy": 19, "api_invoked_during_dynamic_analysis": 86, "app_is_compliant_with_google_play_store": false, "app_analyzed": true, "num_tentative": 1, "different_api_invoked": 12, "privacy_policy_page_detected_google_play": true}