{"md5": "f3e9aa581f856e719cc9e819166e4295", "permission_requested": ["android.permission.INTERNET", "android.permission.ACCESS_FINE_LOCATION", "android.permission.BLUETOOTH", "android.permission.VIBRATE", "android.permission.ACCESS_NETWORK_STATE", "android.permission.RECEIVE_BOOT_COMPLETED", "android.permission.BLUETOOTH_ADMIN", "android.permission.RECORD_AUDIO", "android.permission.WAKE_LOCK", "android.permission.READ_EXTERNAL_STORAGE", "android.permission.CAMERA", "android.permission.ACCESS_WIFI_STATE", "android.permission.DISABLE_KEYGUARD", "android.permission.ACCESS_COARSE_LOCATION"], "trackers_inside": ["Google Analytics", "Flurry", "Inmobi", "Facebook Ads", "Google Ads", "Google DoubleClick"], "execution_time_app_analyzer": 20.613765001296997, "api_to_monitoring_all": 625, "type_analysis": "Droidbot", "max_actions": 20, "timeout": 10, "privacy_policy_page_detected": true, "privacy_policy_page_md5": "82da6cc2b5c3a2f2098d1f16da45521b", "timeout_privacy_policy_page": false, "home_button_change_privacy_policy_page": true, "back_button_change_privacy_policy_page": false, "actions_needed_to_reach_privacy_policy": 17, "api_invoked_during_dynamic_analysis": 0, "app_is_compliant_with_google_play_store": false, "app_analyzed": true, "num_tentative": 1, "privacy_policy_contain_explicit_acceptance": true, "privacy_policy_page_detected_google_play": "Error"}