{"md5": "f51f090fe362f577b14523a69707f1e9", "permission_requested": ["android.permission.GET_ACCOUNTS", "android.permission.AUTHENTICATE_ACCOUNTS", "android.permission.RECEIVE_BOOT_COMPLETED", "android.permission.ACCESS_COARSE_LOCATION", "android.permission.ACCESS_WIFI_STATE", "android.permission.READ_PHONE_STATE", "android.permission.USE_CREDENTIALS", "android.permission.WAKE_LOCK", "android.permission.READ_EXTERNAL_STORAGE", "android.permission.FOREGROUND_SERVICE", "com.google.android.finsky.permission.BIND_GET_INSTALL_REFERRER_SERVICE", "android.permission.ACCESS_NETWORK_STATE", "com.google.android.c2dm.permission.RECEIVE", "android.permission.CAMERA", "android.permission.WRITE_EXTERNAL_STORAGE", "android.permission.READ_SYNC_SETTINGS", "android.permission.VIBRATE", "android.permission.WRITE_SYNC_SETTINGS", "android.permission.ACCESS_FINE_LOCATION", "android.permission.MANAGE_ACCOUNTS", "android.permission.INTERNET"], "trackers_inside": ["Google Ads", "Google CrashLytics", "Google Firebase Analytics"], "execution_time_app_analyzer": 65.03528237342834, "api_to_monitoring_all": 227, "type_analysis": "Droidbot", "max_actions": 20, "timeout": 10, "privacy_policy_page_detected": true, "privacy_policy_page_md5": "a6b05930c1e6675f1cab2bede8903bae", "timeout_privacy_policy_page": false, "home_button_change_privacy_policy_page": true, "back_button_change_privacy_policy_page": true, "actions_needed_to_reach_privacy_policy": 8, "api_invoked_during_dynamic_analysis": 195, "app_is_compliant_with_google_play_store": false, "app_analyzed": true, "num_tentative": 1, "different_api_invoked": 14, "privacy_policy_contain_explicit_acceptance": true, "privacy_policy_page_detected_google_play": true}