{"md5": "f58bd5c80483e5421484ff5b5fb20a12", "permission_requested": ["android.permission.ACCESS_NETWORK_STATE", "android.permission.ACCESS_WIFI_STATE", "android.permission.READ_PHONE_STATE", "android.permission.WAKE_LOCK", "android.permission.VIBRATE", "android.permission.READ_EXTERNAL_STORAGE", "com.android.vending.BILLING", "android.permission.INTERNET", "com.google.android.c2dm.permission.RECEIVE", "com.android.vending.CHECK_LICENSE", "android.permission.GET_TASKS", "android.permission.WRITE_EXTERNAL_STORAGE"], "trackers_inside": ["Moat", "Google DoubleClick", "AdColony", "Facebook Analytics", "Google Ads", "Tapjoy", "Integral Ad Science"], "execution_time_app_analyzer": 30.33321189880371, "api_to_monitoring_all": 567, "type_analysis": "Droidbot", "max_actions": 20, "timeout": 10, "privacy_policy_page_detected": false, "privacy_policy_page_md5": "N.A", "timeout_privacy_policy_page": false, "home_button_change_privacy_policy_page": false, "back_button_change_privacy_policy_page": false, "actions_needed_to_reach_privacy_policy": 19, "api_invoked_during_dynamic_analysis": 984, "app_is_compliant_with_google_play_store": false, "app_analyzed": true, "num_tentative": 1, "different_api_invoked": 6, "privacy_policy_page_detected_google_play": true}