{"md5": "f5926487e194011994b920998556502e", "permission_requested": ["android.permission.WAKE_LOCK", "android.permission.ACCESS_WIFI_STATE", "android.permission.ACCESS_NETWORK_STATE", "com.google.android.c2dm.permission.RECEIVE", "android.permission.READ_PHONE_STATE", "android.permission.INTERNET", "co.solovpn.permission.C2D_MESSAGE"], "trackers_inside": ["Twitter MoPub", "Facebook Ads", "Inmobi", "Flurry", "Google Ads", "Google Firebase Analytics", "Google DoubleClick"], "execution_time_app_analyzer": 21.460756301879883, "api_to_monitoring_all": 583, "type_analysis": "Droidbot", "max_actions": 20, "timeout": 10, "privacy_policy_page_detected": false, "privacy_policy_page_md5": "N.A", "timeout_privacy_policy_page": false, "home_button_change_privacy_policy_page": false, "back_button_change_privacy_policy_page": false, "actions_needed_to_reach_privacy_policy": 19, "api_invoked_during_dynamic_analysis": 69501, "app_is_compliant_with_google_play_store": false, "app_analyzed": true, "num_tentative": 1, "different_api_invoked": 24, "privacy_policy_page_detected_google_play": true}