{"md5": "f5bf8ea0aa4ebf03521a6019fdcffbd9", "permission_requested": ["android.permission.ACCESS_FINE_LOCATION", "com.huawei.android.launcher.permission.READ_SETTINGS", "com.htc.launcher.permission.READ_SETTINGS", "android.permission.FOREGROUND_SERVICE", "me.everything.badger.permission.BADGE_COUNT_READ", "com.huawei.android.launcher.permission.CHANGE_BADGE", "com.huawei.android.launcher.permission.WRITE_SETTINGS", "android.permission.ACCESS_NETWORK_STATE", "android.permission.VIBRATE", "me.everything.badger.permission.BADGE_COUNT_WRITE", "com.sec.android.provider.badge.permission.READ", "com.sonymobile.home.permission.PROVIDER_INSERT_BADGE", "android.permission.ACCESS_COARSE_LOCATION", "com.feverup.fever.permission.C2D_MESSAGE", "android.permission.INTERNET", "com.anddoes.launcher.permission.UPDATE_COUNT", "android.permission.READ_APP_BADGE", "com.oppo.launcher.permission.WRITE_SETTINGS", "android.permission.SYSTEM_ALERT_WINDOW", "android.permission.READ_EXTERNAL_STORAGE", "android.permission.WAKE_LOCK", "com.sec.android.provider.badge.permission.WRITE", "com.sonyericsson.home.permission.BROADCAST_BADGE", "com.google.android.finsky.permission.BIND_GET_INSTALL_REFERRER_SERVICE", "com.feverup.fever.BRANCH_SHARE_PERMISSION", "com.majeur.launcher.permission.UPDATE_BADGE", "com.htc.launcher.permission.UPDATE_SHORTCUT", "android.permission.RECEIVE_BOOT_COMPLETED", "android.permission.CAMERA", "com.feverup.fever.BRANCH_PERMISSION", "com.oppo.launcher.permission.READ_SETTINGS", "com.google.android.c2dm.permission.RECEIVE"], "trackers_inside": ["Google Ads", "Branch", "Google Analytics", "Google Firebase Analytics", "Google CrashLytics"], "execution_time_app_analyzer": 66.53471302986145, "api_to_monitoring_all": 261, "type_analysis": "Droidbot", "max_actions": 20, "timeout": 10, "privacy_policy_page_detected": true, "privacy_policy_page_md5": "413536a255a5797e7be0c5822474a964", "timeout_privacy_policy_page": false, "home_button_change_privacy_policy_page": true, "back_button_change_privacy_policy_page": false, "actions_needed_to_reach_privacy_policy": 1, "api_invoked_during_dynamic_analysis": 128, "app_is_compliant_with_google_play_store": false, "app_analyzed": true, "num_tentative": 1, "different_api_invoked": 9, "privacy_policy_contain_explicit_acceptance": true, "privacy_policy_page_detected_google_play": true}