{"md5": "f5d22ce736ef7768624ace985a157db9", "permission_requested": ["com.google.android.finsky.permission.BIND_GET_INSTALL_REFERRER_SERVICE", "android.permission.CAMERA", "android.permission.ACCESS_NETWORK_STATE", "android.permission.READ_EXTERNAL_STORAGE", "android.permission.REQUEST_INSTALL_PACKAGES", "com.android.vending.BILLING", "android.permission.WAKE_LOCK", "android.permission.INTERNET", "android.permission.WRITE_EXTERNAL_STORAGE"], "trackers_inside": ["Twitter MoPub", "Facebook Ads", "Integral Ad Science", "Inmobi", "ironSource", "Google Ads", "Google DoubleClick", "Vungle", "AppLovin", "Flurry", "Moat", "Unity3d Ads", "AdColony"], "execution_time_app_analyzer": 77.29467344284058, "api_to_monitoring_all": 2072, "type_analysis": "Droidbot", "max_actions": 20, "timeout": 10, "privacy_policy_page_detected": false, "privacy_policy_page_md5": "N.A", "timeout_privacy_policy_page": false, "home_button_change_privacy_policy_page": false, "back_button_change_privacy_policy_page": false, "actions_needed_to_reach_privacy_policy": 19, "api_invoked_during_dynamic_analysis": 10133, "app_is_compliant_with_google_play_store": false, "app_analyzed": true, "num_tentative": 1, "different_api_invoked": 41, "privacy_policy_page_detected_google_play": true}