{"md5": "f647351d26f316b9637c43726b38fc4d", "permission_requested": ["android.permission.ACCESS_WIFI_STATE", "android.permission.WAKE_LOCK", "android.permission.ACCESS_NETWORK_STATE", "com.android.vending.BILLING", "com.google.android.c2dm.permission.RECEIVE", "android.permission.INTERNET", "android.permission.android.permission.READ_PHONE_STATE", "android.permission.WRITE_EXTERNAL_STORAGE", "android.permission.READ_EXTERNAL_STORAGE", "com.np.stone.giant.permission.C2D_MESSAGE"], "trackers_inside": ["Google DoubleClick", "Unity3d Ads", "Google Ads", "Google Firebase Analytics"], "execution_time_app_analyzer": 18.13767147064209, "api_to_monitoring_all": 450, "type_analysis": "Droidbot", "max_actions": 20, "timeout": 10, "privacy_policy_page_detected": false, "privacy_policy_page_md5": "N.A", "timeout_privacy_policy_page": false, "home_button_change_privacy_policy_page": false, "back_button_change_privacy_policy_page": false, "actions_needed_to_reach_privacy_policy": 19, "api_invoked_during_dynamic_analysis": 1560, "app_is_compliant_with_google_play_store": false, "app_analyzed": true, "num_tentative": 1, "different_api_invoked": 6, "privacy_policy_page_detected_google_play": true}