{"md5": "f726e6ecde4c061eb37d0e6307d9e977", "permission_requested": ["android.permission.ACCESS_WIFI_STATE", "android.permission.ACCESS_NETWORK_STATE", "android.permission.INTERNET", "android.permission.WAKE_LOCK"], "trackers_inside": ["Facebook Analytics", "Flurry", "Inmobi", "Facebook Ads", "Unity3d Ads", "Google DoubleClick", "Google Ads", "Google Analytics"], "execution_time_app_analyzer": 32.19263434410095, "api_to_monitoring_all": 816, "type_analysis": "Droidbot", "max_actions": 20, "timeout": 10, "privacy_policy_page_detected": false, "privacy_policy_page_md5": "N.A", "timeout_privacy_policy_page": false, "home_button_change_privacy_policy_page": false, "back_button_change_privacy_policy_page": false, "actions_needed_to_reach_privacy_policy": 19, "api_invoked_during_dynamic_analysis": 0, "app_is_compliant_with_google_play_store": false, "app_analyzed": true, "num_tentative": 1, "privacy_policy_page_detected_google_play": true}