{"md5": "f7c4148cfa1a91936ba9eb430e3cf5b5", "permission_requested": ["android.permission.INTERNET", "android.permission.ACCESS_NETWORK_STATE"], "trackers_inside": ["Google Ads", "Google DoubleClick"], "execution_time_app_analyzer": 14.36737585067749, "api_to_monitoring_all": 166, "type_analysis": "Droidbot", "max_actions": 20, "timeout": 10, "privacy_policy_page_detected": false, "privacy_policy_page_md5": "N.A", "timeout_privacy_policy_page": false, "home_button_change_privacy_policy_page": false, "back_button_change_privacy_policy_page": false, "actions_needed_to_reach_privacy_policy": 19, "api_invoked_during_dynamic_analysis": 83030, "app_is_compliant_with_google_play_store": false, "app_analyzed": true, "num_tentative": 2, "different_api_invoked": 10, "privacy_policy_page_detected_google_play": true}