{"md5": "f8151a927c678816a87d8191337735c5", "permission_requested": ["android.permission.ACCESS_NETWORK_STATE", "android.permission.RECORD_AUDIO", "android.permission.WAKE_LOCK", "com.google.android.c2dm.permission.RECEIVE", "android.permission.MODIFY_AUDIO_SETTINGS", "android.permission.READ_EXTERNAL_STORAGE", "android.permission.INTERNET", "com.android.vending.BILLING", "android.permission.VIBRATE", "android.permission.WRITE_EXTERNAL_STORAGE", "com.google.android.finsky.permission.BIND_GET_INSTALL_REFERRER_SERVICE"], "trackers_inside": ["Inmobi", "Google Ads", "Google DoubleClick", "Google Firebase Analytics", "Facebook Ads", "AppLovin", "Google CrashLytics"], "execution_time_app_analyzer": 48.77143144607544, "api_to_monitoring_all": 945, "type_analysis": "Droidbot", "max_actions": 20, "timeout": 10, "privacy_policy_page_detected": false, "privacy_policy_page_md5": "N.A", "timeout_privacy_policy_page": false, "home_button_change_privacy_policy_page": false, "back_button_change_privacy_policy_page": false, "actions_needed_to_reach_privacy_policy": 19, "api_invoked_during_dynamic_analysis": 0, "app_is_compliant_with_google_play_store": false, "app_analyzed": true, "num_tentative": 1, "privacy_policy_page_detected_google_play": true}