{"md5": "f8e550d33ca4d7fc5465f257e22bb6d2", "permission_requested": ["android.permission.ACCESS_NETWORK_STATE", "com.android.alarm.permission.SET_ALARM", "android.permission.WAKE_LOCK", "com.google.android.c2dm.permission.RECEIVE", "android.permission.ACCESS_FINE_LOCATION", "android.permission.INTERNET", "com.android.vending.BILLING", "android.permission.VIBRATE", "android.permission.WRITE_EXTERNAL_STORAGE", "com.google.android.finsky.permission.BIND_GET_INSTALL_REFERRER_SERVICE", "android.permission.ACCESS_WIFI_STATE"], "trackers_inside": ["ironSource", "Adjust", "Moat", "Google Ads", "Google DoubleClick", "Google Firebase Analytics", "Facebook Ads", "Facebook Analytics", "Unity3d Ads", "AppLovin", "AdColony", "Vungle", "Integral Ad Science", "Google CrashLytics", "Twitter MoPub", "GameAnalytics"], "execution_time_app_analyzer": 46.002609968185425, "api_to_monitoring_all": 2318, "type_analysis": "Droidbot", "max_actions": 20, "timeout": 10, "privacy_policy_page_detected": false, "privacy_policy_page_md5": "N.A", "timeout_privacy_policy_page": false, "home_button_change_privacy_policy_page": false, "back_button_change_privacy_policy_page": false, "actions_needed_to_reach_privacy_policy": 19, "api_invoked_during_dynamic_analysis": 600, "app_is_compliant_with_google_play_store": false, "app_analyzed": true, "num_tentative": 1, "different_api_invoked": 2, "privacy_policy_page_detected_google_play": true}