{"md5": "f93f0f3bdf931f757fffce038eea2d82", "permission_requested": ["android.permission.CAMERA", "com.huawei.android.launcher.permission.READ_SETTINGS", "com.sonymobile.home.permission.PROVIDER_INSERT_BADGE", "com.android.launcher.permission.INSTALL_SHORTCUT", "android.permission.READ_APP_BADGE", "android.permission.WAKE_LOCK", "com.oppo.launcher.permission.WRITE_SETTINGS", "com.htc.launcher.permission.READ_SETTINGS", "android.permission.ACCESS_NETWORK_STATE", "android.permission.USE_CREDENTIALS", "android.permission.AUTHENTICATE_ACCOUNTS", "me.everything.badger.permission.BADGE_COUNT_READ", "com.htc.launcher.permission.UPDATE_SHORTCUT", "android.permission.GET_TASKS", "com.huawei.android.launcher.permission.WRITE_SETTINGS", "android.permission.MANAGE_ACCOUNTS", "com.sec.android.provider.badge.permission.READ", "com.sec.android.provider.badge.permission.WRITE", "com.google.android.finsky.permission.BIND_GET_INSTALL_REFERRER_SERVICE", "com.anddoes.launcher.permission.UPDATE_COUNT", "com.oppo.launcher.permission.READ_SETTINGS", "com.huawei.android.launcher.permission.CHANGE_BADGE", "android.permission.GET_ACCOUNTS", "android.permission.WRITE_EXTERNAL_STORAGE", "com.majeur.launcher.permission.UPDATE_BADGE", "com.google.android.c2dm.permission.RECEIVE", "com.obreey.reader.permission.C2D_MESSAGE", "android.permission.RECEIVE_BOOT_COMPLETED", "android.permission.VIBRATE", "android.permission.ACCESS_WIFI_STATE", "android.permission.INTERNET", "android.permission.FOREGROUND_SERVICE", "me.everything.badger.permission.BADGE_COUNT_WRITE", "com.sonyericsson.home.permission.BROADCAST_BADGE"], "trackers_inside": ["Google Ads", "Google Firebase Analytics", "Google Analytics"], "execution_time_app_analyzer": 39.006407022476196, "api_to_monitoring_all": 192, "type_analysis": "Droidbot", "max_actions": 20, "timeout": 10, "privacy_policy_page_detected": true, "privacy_policy_page_md5": "ed43a71b56fa43e070ce20d3f8052e77", "timeout_privacy_policy_page": false, "home_button_change_privacy_policy_page": false, "back_button_change_privacy_policy_page": false, "actions_needed_to_reach_privacy_policy": 0, "api_invoked_during_dynamic_analysis": 35, "app_is_compliant_with_google_play_store": false, "app_analyzed": true, "num_tentative": 1, "different_api_invoked": 9, "privacy_policy_contain_explicit_acceptance": true, "privacy_policy_page_detected_google_play": true}