{"md5": "fae467dd26fbcca84fe3d632aa40941f", "permission_requested": ["android.permission.ACCESS_NETWORK_STATE", "android.permission.ACCESS_WIFI_STATE", "com.google.android.providers.gsf.permission.READ_GSERVICES", "ru.mail.games.android.JungleHeat.permission.RECEIVE", "android.permission.WAKE_LOCK", "com.android.vending.BILLING", "android.permission.READ_EXTERNAL_STORAGE", "android.permission.VIBRATE", "android.permission.INTERNET", "com.google.android.c2dm.permission.RECEIVE", "com.google.android.finsky.permission.BIND_GET_INSTALL_REFERRER_SERVICE", "android.permission.GET_ACCOUNTS", "ru.mail.games.android.JungleHeat.permission.C2D_MESSAGE", "android.permission.CHANGE_WIFI_STATE", "android.permission.WRITE_EXTERNAL_STORAGE"], "trackers_inside": ["Google Firebase Analytics", "Unity3d Ads", "Google DoubleClick", "AdColony", "Google Ads", "AppsFlyer", "Google Analytics", "Twitter MoPub"], "execution_time_app_analyzer": 29.3378689289093, "api_to_monitoring_all": 830, "type_analysis": "Droidbot", "max_actions": 20, "timeout": 10, "privacy_policy_page_detected": true, "privacy_policy_page_md5": "3686cca8e66a39a81188b19aa47360d9", "timeout_privacy_policy_page": false, "home_button_change_privacy_policy_page": false, "back_button_change_privacy_policy_page": false, "actions_needed_to_reach_privacy_policy": 0, "api_invoked_during_dynamic_analysis": 3602, "app_is_compliant_with_google_play_store": false, "app_analyzed": true, "num_tentative": 2, "different_api_invoked": 11, "privacy_policy_contain_explicit_acceptance": true, "privacy_policy_page_detected_google_play": true}