{"md5": "fbad5deb82e63b0fcf479585560283c2", "permission_requested": ["android.permission.ACCESS_NETWORK_STATE", "android.permission.INTERNET", "android.permission.VIBRATE", "com.google.android.c2dm.permission.RECEIVE", "android.permission.WRITE_EXTERNAL_STORAGE", "com.freshware.hydro.permission.C2D_MESSAGE", "com.google.android.finsky.permission.BIND_GET_INSTALL_REFERRER_SERVICE", "android.permission.RECEIVE_BOOT_COMPLETED", "android.permission.WAKE_LOCK", "android.permission.READ_EXTERNAL_STORAGE"], "trackers_inside": ["Google Ads", "Google CrashLytics", "Facebook Analytics", "Google Firebase Analytics"], "execution_time_app_analyzer": 27.8957576751709, "api_to_monitoring_all": 272, "type_analysis": "Droidbot", "max_actions": 20, "timeout": 10, "privacy_policy_page_detected": true, "privacy_policy_page_md5": "8057eab2da394f90fc273ec37fdb536b", "timeout_privacy_policy_page": false, "home_button_change_privacy_policy_page": false, "back_button_change_privacy_policy_page": false, "actions_needed_to_reach_privacy_policy": 13, "api_invoked_during_dynamic_analysis": 1, "app_is_compliant_with_google_play_store": false, "app_analyzed": true, "num_tentative": 2, "different_api_invoked": 1, "privacy_policy_contain_explicit_acceptance": true, "privacy_policy_page_detected_google_play": true}