{"md5": "fc7ddc89953c0473e11c1e867c3db975", "permission_requested": ["android.permission.READ_APP_BADGE", "com.huawei.android.launcher.permission.CHANGE_BADGE", "android.permission.ACCESS_NETWORK_STATE", "com.android.vending.BILLING", "it.rortos.historicallandings.permission.C2D_MESSAGE", "com.google.android.c2dm.permission.RECEIVE", "android.permission.VIBRATE", "me.everything.badger.permission.BADGE_COUNT_WRITE", "android.permission.WAKE_LOCK", "com.sec.android.provider.badge.permission.READ", "com.oppo.launcher.permission.WRITE_SETTINGS", "com.anddoes.launcher.permission.UPDATE_COUNT", "com.oppo.launcher.permission.READ_SETTINGS", "android.permission.WRITE_EXTERNAL_STORAGE", "com.majeur.launcher.permission.UPDATE_BADGE", "android.permission.ACCESS_WIFI_STATE", "com.sonymobile.home.permission.PROVIDER_INSERT_BADGE", "com.sonyericsson.home.permission.BROADCAST_BADGE", "com.huawei.android.launcher.permission.WRITE_SETTINGS", "me.everything.badger.permission.BADGE_COUNT_READ", "android.permission.INTERNET", "android.permission.android.permission.READ_PHONE_STATE", "com.htc.launcher.permission.READ_SETTINGS", "com.huawei.android.launcher.permission.READ_SETTINGS", "com.sec.android.provider.badge.permission.WRITE", "android.permission.RECEIVE_BOOT_COMPLETED", "com.htc.launcher.permission.UPDATE_SHORTCUT"], "trackers_inside": ["Twitter MoPub", "Facebook Ads", "Inmobi", "Unity3d Ads", "AppLovin", "Google CrashLytics", "Flurry", "GameAnalytics", "Vungle", "AdColony", "Google Ads"], "execution_time_app_analyzer": 28.387617111206055, "api_to_monitoring_all": 1462, "type_analysis": "Droidbot", "max_actions": 20, "timeout": 10, "privacy_policy_page_detected": false, "privacy_policy_page_md5": "N.A", "timeout_privacy_policy_page": false, "home_button_change_privacy_policy_page": false, "back_button_change_privacy_policy_page": false, "actions_needed_to_reach_privacy_policy": 19, "api_invoked_during_dynamic_analysis": 0, "app_is_compliant_with_google_play_store": false, "app_analyzed": true, "num_tentative": 1, "privacy_policy_page_detected_google_play": true}