{"md5": "fd171931cff57cd9a97dc3997fbf420d", "permission_requested": ["android.permission.VIBRATE", "android.permission.WRITE_EXTERNAL_STORAGE", "android.permission.ACCESS_FINE_LOCATION", "com.android.vending.BILLING", "android.permission.INTERNET", "android.permission.ACCESS_NETWORK_STATE", "android.permission.ACCESS_COARSE_LOCATION", "android.permission.WAKE_LOCK"], "trackers_inside": ["Google Analytics", "Google Ads"], "execution_time_app_analyzer": 10.31205677986145, "api_to_monitoring_all": 182, "type_analysis": "Droidbot", "max_actions": 20, "timeout": 10, "privacy_policy_page_detected": false, "privacy_policy_page_md5": "N.A", "timeout_privacy_policy_page": false, "home_button_change_privacy_policy_page": false, "back_button_change_privacy_policy_page": false, "actions_needed_to_reach_privacy_policy": 19, "api_invoked_during_dynamic_analysis": 36, "app_is_compliant_with_google_play_store": false, "app_analyzed": true, "num_tentative": 2, "different_api_invoked": 6, "privacy_policy_page_detected_google_play": true}