{"md5": "fd5a549d61ce687c7780ab6fb20ac5c9", "permission_requested": ["br.com.tapps.minequest.permission.C2D_MESSAGE", "android.permission.INTERNET", "com.google.android.c2dm.permission.RECEIVE", "android.permission.VIBRATE", "android.permission.ACCESS_NETWORK_STATE", "android.permission.WRITE_EXTERNAL_STORAGE", "com.android.vending.BILLING", "android.permission.READ_EXTERNAL_STORAGE", "com.google.android.finsky.permission.BIND_GET_INSTALL_REFERRER_SERVICE", "android.permission.WAKE_LOCK", "com.google.android.providers.gsf.permission.READ_GSERVICES"], "trackers_inside": ["Google CrashLytics", "Twitter MoPub", "AdColony", "Facebook Ads", "AppsFlyer", "Unity3d Ads", "Integral Ad Science", "Google Ads", "AppLovin", "Moat", "Flurry", "Mobvista", "Google DoubleClick", "ironSource", "Google Firebase Analytics", "Facebook Analytics", "Inmobi", "Tapjoy", "Vungle"], "execution_time_app_analyzer": 80.23470878601074, "api_to_monitoring_all": 2594, "type_analysis": "Droidbot", "max_actions": 20, "timeout": 10, "privacy_policy_page_detected": false, "privacy_policy_page_md5": "N.A", "timeout_privacy_policy_page": false, "home_button_change_privacy_policy_page": false, "back_button_change_privacy_policy_page": false, "actions_needed_to_reach_privacy_policy": 19, "api_invoked_during_dynamic_analysis": 0, "app_is_compliant_with_google_play_store": false, "app_analyzed": true, "num_tentative": 2, "privacy_policy_page_detected_google_play": true}