{"md5": "fda283614552b16f2eb721b9164fe681", "permission_requested": ["android.permission.READ_EXTERNAL_STORAGE", "android.permission.INTERNET", "android.permission.WAKE_LOCK", "android.permission.SET_WALLPAPER", "com.android.vending.BILLING", "com.google.android.c2dm.permission.RECEIVE", "android.permission.WRITE_EXTERNAL_STORAGE", "com.google.android.finsky.permission.BIND_GET_INSTALL_REFERRER_SERVICE", "android.permission.ACCESS_NETWORK_STATE"], "trackers_inside": ["Google DoubleClick", "Google CrashLytics", "Google Firebase Analytics", "Google Ads"], "execution_time_app_analyzer": 16.94653606414795, "api_to_monitoring_all": 231, "type_analysis": "Droidbot", "max_actions": 20, "timeout": 10, "privacy_policy_page_detected": false, "privacy_policy_page_md5": "N.A", "timeout_privacy_policy_page": false, "home_button_change_privacy_policy_page": false, "back_button_change_privacy_policy_page": false, "actions_needed_to_reach_privacy_policy": 19, "api_invoked_during_dynamic_analysis": 702, "app_is_compliant_with_google_play_store": false, "app_analyzed": true, "num_tentative": 1, "different_api_invoked": 12, "privacy_policy_page_detected_google_play": true}